Students	10000
1	20 40 47 49
2	12 41 49 39
3	1 47 35 4
4	31 5 37 32
5	37 5 27 48
6	28 46 19 10
7	39 48 49 3
8	4 47 41 9
9	7 36 40 20
10	32 30 9 49
11	43 49 12 7
12	41 25 35 6
13	4 38 14 29
14	14 29 27 48
15	35 40 4 39
16	44 21 15 12
17	24 3 17 7
18	28 25 45 17
19	41 13 46 50
20	43 34 31 15
21	17 5 26 14
22	30 49 29 41
23	35 43 14 10
24	42 24 11 50
25	19 21 36 20
26	30 25 49 19
27	11 5 25 20
28	31 12 42 25
29	47 18 21 19
30	13 25 27 35
31	3 10 33 25
32	3 38 42 24
33	32 26 17 30
34	19 38 11 29
35	32 50 14 8
36	25 49 16 6
37	31 44 42 4
38	15 47 12 40
39	28 11 48 3
40	33 32 39 41
41	14 4 34 41
42	15 4 48 39
43	43 13 49 7
44	24 20 11 19
45	46 50 13 28
46	12 15 22 27
47	12 20 1 5
48	34 8 14 42
49	27 17 37 7
50	14 46 28 43
51	8 40 17 16
52	5 7 45 20
53	44 4 38 28
54	25 42 22 26
55	48 47 33 6
56	26 46 13 9
57	39 11 41 47
58	26 11 28 27
59	41 1 44 20
60	5 38 29 26
61	28 16 21 4
62	16 18 50 28
63	6 38 43 40
64	28 8 5 4
65	22 30 28 11
66	41 31 49 7
67	49 6 43 35
68	29 26 13 36
69	25 11 46 50
70	11 2 35 39
71	43 6 48 38
72	26 21 16 39
73	36 42 3 49
74	14 9 50 20
75	40 29 21 11
76	31 50 49 43
77	25 38 3 44
78	18 46 13 35
79	35 22 38 47
80	35 12 33 39
81	44 24 29 28
82	12 32 1 29
83	4 24 34 25
84	40 7 32 22
85	20 4 19 34
86	24 23 13 46
87	22 29 2 48
88	41 13 48 10
89	39 5 16 22
90	21 11 24 50
91	48 38 45 5
92	24 46 14 5
93	16 21 31 12
94	5 27 26 11
95	44 32 11 49
96	21 14 17 23
97	27 43 30 42
98	33 25 30 27
99	4 28 5 48
100	21 12 16 46
101	33 41 49 50
102	2 4 50 16
103	34 1 12 35
104	12 10 41 32
105	10 5 17 40
106	21 38 25 41
107	22 1 2 19
108	20 38 28 48
109	46 5 37 31
110	6 34 35 41
111	15 16 24 44
112	29 20 27 9
113	33 32 37 47
114	34 30 47 43
115	37 12 34 4
116	27 39 17 15
117	21 50 39 10
118	38 31 1 18
119	28 25 35 3
120	23 20 7 29
121	36 22 7 11
122	43 24 9 50
123	43 40 32 33
124	44 16 20 45
125	27 12 2 22
126	35 48 2 3
127	27 8 47 37
128	38 17 9 13
129	9 5 41 40
130	7 42 35 5
131	42 6 29 39
132	27 31 45 5
133	25 19 50 13
134	21 43 23 11
135	47 4 26 38
136	17 42 20 33
137	39 20 34 25
138	36 13 27 7
139	42 14 43 50
140	2 26 32 28
141	4 23 47 43
142	12 38 48 4
143	17 25 15 50
144	25 4 39 14
145	26 19 35 22
146	10 34 43 6
147	39 30 21 35
148	35 38 41 43
149	4 9 21 15
150	37 28 42 45
151	29 7 10 39
152	19 32 21 44
153	21 44 28 18
154	49 3 29 14
155	10 37 40 25
156	7 50 26 46
157	1 5 28 3
158	22 3 24 38
159	33 34 29 37
160	32 2 17 37
161	25 23 31 13
162	12 36 41 37
163	9 46 10 44
164	13 25 35 12
165	23 47 39 41
166	1 17 50 15
167	19 25 22 16
168	49 28 33 31
169	49 26 48 37
170	13 49 38 26
171	50 43 28 48
172	9 7 17 1
173	4 45 3 19
174	40 23 17 42
175	37 5 43 19
176	26 1 32 14
177	23 37 49 9
178	22 42 19 48
179	39 46 2 49
180	17 43 25 34
181	21 31 43 41
182	14 32 29 3
183	33 17 42 26
184	20 12 40 11
185	30 39 7 40
186	25 13 44 35
187	33 27 45 23
188	16 18 27 28
189	13 34 10 27
190	23 13 2 14
191	14 38 30 17
192	28 34 41 45
193	33 7 25 3
194	20 42 14 39
195	30 21 23 46
196	24 40 5 29
197	11 5 39 18
198	21 34 10 7
199	41 11 33 28
200	8 39 14 37
201	49 21 26 40
202	43 11 24 23
203	28 4 42 9
204	39 7 23 21
205	38 39 45 42
206	36 16 32 19
207	32 18 50 31
208	35 1 4 6
209	35 6 20 15
210	12 42 22 4
211	47 14 25 22
212	46 11 35 34
213	11 17 31 12
214	37 25 27 6
215	2 22 10 16
216	17 31 49 27
217	35 40 49 14
218	34 41 44 38
219	15 43 20 2
220	20 23 5 33
221	26 23 7 2
222	39 29 7 50
223	3 46 34 41
224	45 50 24 27
225	7 27 11 48
226	20 35 47 38
227	8 27 44 17
228	13 22 41 42
229	15 2 8 9
230	19 32 11 37
231	40 23 45 47
232	2 10 46 11
233	11 45 19 15
234	16 39 22 37
235	9 37 40 5
236	19 18 15 27
237	10 28 50 40
238	3 7 9 28
239	25 19 27 15
240	40 16 33 9
241	43 14 48 20
242	2 46 14 24
243	32 34 12 20
244	4 36 22 12
245	26 20 1 22
246	12 1 24 18
247	29 27 21 24
248	31 7 49 10
249	33 29 15 21
250	6 19 9 26
251	48 13 3 1
252	35 36 24 40
253	39 24 41 5
254	25 46 38 49
255	48 47 34 12
256	34 23 11 50
257	36 22 31 40
258	39 3 12 37
259	31 9 25 7
260	3 45 23 38
261	15 46 5 16
262	4 35 49 18
263	35 12 46 10
264	13 43 3 14
265	12 1 47 31
266	48 22 46 13
267	17 36 43 31
268	22 13 33 32
269	31 44 35 24
270	47 35 17 29
271	6 25 7 37
272	43 38 41 10
273	43 16 2 8
274	18 8 45 40
275	27 1 25 50
276	18 7 22 8
277	6 23 5 46
278	34 47 2 13
279	18 35 42 14
280	25 18 1 22
281	50 47 1 14
282	19 12 2 40
283	20 33 35 42
284	2 33 41 18
285	27 48 39 32
286	39 18 33 34
287	28 33 38 23
288	22 16 17 37
289	50 10 25 13
290	17 10 4 45
291	13 26 1 35
292	48 14 20 30
293	13 33 30 41
294	32 17 11 34
295	25 8 43 46
296	21 3 44 31
297	25 2 5 11
298	2 46 5 20
299	6 15 16 17
300	14 45 3 37
301	30 8 36 21
302	49 29 31 32
303	23 11 22 16
304	29 32 46 21
305	1 21 14 8
306	9 21 43 41
307	11 4 15 24
308	44 5 15 41
309	20 37 21 5
310	40 36 19 35
311	29 16 41 12
312	2 21 31 7
313	13 33 8 15
314	40 2 35 15
315	26 32 20 40
316	40 39 16 47
317	15 5 8 31
318	8 14 45 16
319	22 44 24 25
320	42 6 8 27
321	34 11 20 1
322	32 2 39 8
323	28 23 13 10
324	48 19 43 28
325	27 41 11 39
326	16 29 40 13
327	2 18 19 3
328	27 12 6 20
329	4 16 11 15
330	10 13 39 23
331	39 48 43 34
332	46 10 30 15
333	9 43 36 50
334	9 6 20 21
335	37 11 19 27
336	38 47 30 33
337	45 2 6 19
338	44 22 48 49
339	34 14 3 4
340	8 43 36 39
341	24 7 8 39
342	5 26 19 28
343	47 12 10 44
344	5 29 7 10
345	10 7 19 28
346	29 11 34 30
347	10 3 24 35
348	18 27 44 47
349	8 29 22 43
350	48 25 47 19
351	15 44 5 21
352	42 31 23 15
353	48 41 6 8
354	35 34 31 9
355	32 25 24 21
356	40 7 43 50
357	38 28 40 34
358	9 16 4 32
359	49 44 39 26
360	42 47 7 27
361	5 23 47 49
362	47 5 22 36
363	6 29 27 42
364	6 21 33 23
365	27 17 26 20
366	38 25 31 23
367	32 13 35 42
368	4 29 2 42
369	10 36 32 6
370	24 50 12 19
371	36 14 24 15
372	18 47 41 3
373	26 2 25 20
374	8 13 36 23
375	35 38 36 30
376	40 44 38 22
377	29 12 27 34
378	21 15 14 8
379	16 1 19 31
380	2 50 9 48
381	5 13 20 25
382	49 26 33 25
383	29 10 15 46
384	31 42 6 28
385	10 44 9 2
386	17 19 5 9
387	14 30 36 24
388	4 29 25 33
389	24 13 38 14
390	8 12 32 40
391	5 35 32 9
392	28 1 18 22
393	11 50 2 40
394	17 27 28 30
395	19 28 23 4
396	40 38 49 14
397	19 8 25 6
398	42 49 4 40
399	9 20 29 32
400	27 38 35 31
401	45 30 42 27
402	42 50 23 11
403	35 21 28 43
404	23 20 30 40
405	15 9 22 3
406	27 8 49 48
407	4 26 11 20
408	29 2 38 46
409	44 31 9 11
410	34 7 49 9
411	47 8 34 13
412	13 38 5 30
413	7 35 32 28
414	48 26 16 28
415	38 26 18 21
416	38 39 45 43
417	7 42 47 27
418	24 26 17 25
419	24 42 16 22
420	1 22 9 35
421	5 7 41 35
422	3 19 1 28
423	1 27 25 18
424	31 5 11 28
425	3 33 13 30
426	21 2 35 40
427	25 37 41 23
428	9 16 44 47
429	10 7 46 43
430	18 39 41 7
431	28 39 32 38
432	13 35 37 45
433	12 42 20 21
434	43 27 14 22
435	10 13 12 44
436	42 16 9 46
437	26 11 47 36
438	1 28 7 17
439	42 36 15 27
440	16 44 7 21
441	48 35 30 17
442	28 7 8 20
443	13 4 27 12
444	20 4 3 22
445	2 10 24 42
446	48 46 36 44
447	40 47 9 39
448	41 7 29 48
449	26 39 4 35
450	38 43 39 12
451	33 45 4 11
452	47 49 12 22
453	20 30 42 7
454	7 31 8 38
455	35 30 45 33
456	24 44 32 45
457	28 10 41 48
458	5 27 46 49
459	20 45 30 25
460	25 19 27 32
461	17 38 33 21
462	7 35 37 21
463	32 24 18 38
464	35 2 28 50
465	31 48 30 27
466	17 23 9 42
467	20 39 29 8
468	10 49 20 30
469	8 23 13 20
470	20 21 47 32
471	43 15 14 6
472	5 11 8 33
473	37 23 48 18
474	9 29 41 32
475	14 41 3 23
476	31 12 8 38
477	34 29 42 2
478	26 23 32 31
479	48 8 20 6
480	5 19 7 6
481	8 3 48 24
482	47 23 28 19
483	42 50 17 48
484	40 25 8 37
485	48 24 41 35
486	11 46 25 7
487	48 41 49 25
488	34 20 12 15
489	17 14 12 6
490	16 7 9 43
491	8 28 35 36
492	49 9 47 34
493	49 25 31 18
494	8 13 30 47
495	29 22 36 1
496	29 2 48 27
497	46 47 39 26
498	47 24 14 15
499	43 33 1 23
500	37 24 14 28
501	2 31 36 24
502	25 39 40 2
503	20 2 40 7
504	38 2 50 7
505	36 35 9 46
506	36 22 8 45
507	49 37 34 43
508	23 20 47 34
509	38 47 7 18
510	1 37 9 12
511	42 23 26 14
512	11 28 45 35
513	47 17 37 11
514	17 40 12 2
515	47 20 38 13
516	50 10 32 41
517	26 39 42 25
518	8 1 35 5
519	1 36 43 14
520	14 8 25 21
521	27 48 7 28
522	6 34 42 47
523	3 22 38 20
524	45 7 34 41
525	22 39 2 16
526	9 49 37 48
527	36 42 30 44
528	2 43 33 9
529	39 18 5 45
530	30 8 19 1
531	4 40 11 43
532	50 31 3 24
533	17 34 26 6
534	45 46 14 18
535	31 42 37 27
536	39 5 8 10
537	30 10 37 29
538	50 16 3 39
539	12 38 31 17
540	27 35 36 15
541	46 43 38 19
542	10 50 40 17
543	29 44 30 21
544	37 20 45 13
545	38 49 20 32
546	46 4 45 11
547	19 14 24 36
548	2 30 27 28
549	6 28 20 24
550	1 23 20 18
551	1 49 8 25
552	8 37 27 24
553	50 5 40 41
554	46 45 12 34
555	43 32 30 23
556	45 23 14 25
557	26 49 43 25
558	8 1 9 33
559	31 1 46 7
560	39 9 17 18
561	20 45 41 1
562	18 48 5 35
563	8 31 13 22
564	42 9 10 47
565	18 12 3 31
566	47 25 36 43
567	18 28 15 22
568	9 22 3 4
569	40 16 31 47
570	8 34 25 45
571	5 27 22 29
572	8 44 15 45
573	13 9 27 32
574	30 41 14 17
575	13 33 15 30
576	13 37 47 26
577	49 39 33 1
578	21 3 7 43
579	35 21 36 24
580	27 41 12 39
581	6 14 8 45
582	24 9 13 21
583	33 32 3 13
584	3 22 40 32
585	6 48 23 9
586	38 11 3 28
587	40 30 11 6
588	47 35 14 15
589	1 47 11 9
590	32 49 8 5
591	11 48 23 9
592	23 1 38 11
593	11 38 16 13
594	18 33 27 10
595	40 37 2 9
596	39 32 1 4
597	12 42 49 39
598	2 17 45 42
599	22 46 25 4
600	30 46 39 23
601	38 4 45 40
602	30 41 50 20
603	24 27 30 36
604	39 3 7 44
605	7 34 23 44
606	17 37 50 26
607	15 23 43 45
608	23 30 37 2
609	41 37 22 1
610	43 11 1 42
611	48 30 16 37
612	16 13 35 48
613	22 40 8 2
614	1 4 48 9
615	28 12 24 7
616	44 17 11 37
617	5 37 8 21
618	48 25 38 50
619	40 24 35 27
620	44 38 4 36
621	48 16 24 6
622	17 30 37 47
623	22 39 3 14
624	47 14 23 40
625	48 17 18 49
626	26 8 46 2
627	36 33 26 49
628	50 30 42 22
629	26 49 15 19
630	31 22 2 11
631	9 31 30 19
632	20 21 4 9
633	20 44 33 21
634	8 1 32 7
635	43 3 45 19
636	38 43 45 25
637	4 39 38 32
638	31 43 4 45
639	49 24 13 46
640	5 4 33 24
641	50 19 17 24
642	20 36 43 9
643	23 5 14 32
644	24 46 39 1
645	17 49 21 2
646	20 16 13 4
647	18 40 37 35
648	30 16 45 39
649	10 7 16 28
650	31 33 42 20
651	19 6 50 13
652	33 12 20 3
653	15 37 50 46
654	50 21 48 44
655	17 15 23 36
656	10 41 27 15
657	36 22 14 27
658	12 14 24 45
659	30 45 13 7
660	3 31 42 28
661	29 6 49 34
662	43 29 33 10
663	2 39 21 32
664	6 20 34 49
665	46 2 1 31
666	16 41 3 18
667	30 13 40 26
668	50 1 9 40
669	2 1 14 36
670	42 11 32 9
671	29 40 45 24
672	33 14 45 11
673	30 3 26 6
674	38 11 46 8
675	41 26 1 13
676	20 11 17 37
677	24 28 41 31
678	38 47 2 23
679	4 20 29 27
680	48 22 37 26
681	44 3 50 43
682	14 8 26 25
683	1 38 28 29
684	36 19 43 23
685	27 17 6 37
686	21 33 3 15
687	23 47 21 30
688	41 33 34 19
689	22 21 30 32
690	20 16 42 40
691	9 45 29 24
692	15 30 32 10
693	8 4 10 21
694	42 50 38 21
695	10 7 16 1
696	48 5 41 43
697	5 3 2 42
698	7 13 48 11
699	3 29 49 25
700	4 10 12 2
701	6 33 32 34
702	38 17 47 36
703	19 28 2 25
704	44 41 45 3
705	32 19 28 18
706	31 50 2 36
707	28 10 48 49
708	4 50 47 17
709	36 17 3 33
710	26 42 6 20
711	5 25 11 4
712	50 33 24 29
713	13 17 48 1
714	20 29 4 15
715	42 29 46 10
716	25 23 24 12
717	24 38 28 8
718	26 16 50 11
719	20 32 7 35
720	42 17 2 8
721	25 36 6 20
722	48 20 13 18
723	34 7 17 41
724	23 3 29 2
725	14 12 45 29
726	8 7 18 37
727	17 7 39 49
728	35 24 31 1
729	7 4 40 44
730	17 15 43 19
731	49 2 22 24
732	1 4 46 28
733	49 1 34 9
734	9 16 40 3
735	24 34 45 40
736	42 39 37 34
737	35 45 33 31
738	3 15 21 50
739	25 26 10 1
740	50 38 20 2
741	25 46 48 22
742	1 29 43 3
743	32 25 22 26
744	20 27 44 41
745	3 33 22 25
746	39 27 28 22
747	30 4 20 26
748	35 11 36 28
749	13 17 32 28
750	2 6 20 22
751	2 27 42 6
752	29 30 22 50
753	8 29 9 23
754	12 47 30 49
755	12 21 32 49
756	45 48 13 18
757	39 9 19 33
758	49 26 12 24
759	8 41 17 44
760	28 34 46 22
761	34 4 19 45
762	48 32 41 21
763	48 31 29 7
764	20 34 49 38
765	29 17 39 26
766	29 14 13 36
767	25 45 38 47
768	29 8 5 12
769	41 11 32 5
770	37 14 25 19
771	12 50 6 11
772	27 34 47 35
773	10 42 5 18
774	36 3 30 43
775	27 48 29 2
776	24 4 48 15
777	41 39 49 23
778	29 11 21 24
779	49 18 9 32
780	2 14 17 46
781	37 26 35 42
782	9 15 8 42
783	24 12 32 1
784	41 20 27 25
785	50 27 33 8
786	13 4 18 42
787	34 50 1 26
788	17 35 8 28
789	31 36 28 13
790	10 47 40 25
791	12 6 20 28
792	43 25 29 31
793	39 28 43 7
794	44 13 41 26
795	11 17 44 13
796	20 39 25 33
797	32 24 31 12
798	3 6 45 47
799	28 24 26 45
800	40 11 50 47
801	5 19 25 27
802	29 15 21 3
803	48 23 40 42
804	16 12 36 19
805	27 28 17 33
806	15 14 23 28
807	14 15 3 17
808	45 39 14 48
809	21 29 2 45
810	26 14 10 5
811	45 47 15 14
812	21 20 29 49
813	18 22 50 10
814	3 1 19 10
815	16 26 37 49
816	32 40 48 8
817	26 21 38 5
818	41 2 45 47
819	15 1 49 37
820	35 19 40 15
821	49 19 37 46
822	16 15 44 14
823	12 22 44 1
824	6 3 4 39
825	40 29 3 43
826	38 45 30 44
827	27 13 44 41
828	35 26 8 39
829	46 10 45 20
830	23 17 13 48
831	46 18 15 3
832	13 7 25 29
833	39 49 2 26
834	47 36 32 38
835	40 32 14 47
836	14 31 45 20
837	12 41 30 47
838	15 46 2 43
839	14 5 48 39
840	45 39 36 50
841	13 39 40 50
842	17 16 13 29
843	23 31 42 46
844	19 23 38 12
845	47 11 42 31
846	28 20 43 5
847	7 24 31 16
848	46 31 37 15
849	11 4 34 20
850	38 20 44 39
851	10 38 31 39
852	17 5 44 12
853	27 35 23 10
854	4 33 6 37
855	41 15 28 47
856	17 15 26 38
857	35 29 20 26
858	23 17 41 14
859	33 24 45 10
860	4 12 9 24
861	26 20 1 38
862	21 36 44 41
863	29 17 7 21
864	36 35 18 45
865	43 32 8 19
866	3 37 1 31
867	28 12 32 17
868	8 10 7 28
869	10 22 9 30
870	16 42 38 18
871	25 43 35 34
872	17 37 40 47
873	45 9 6 32
874	9 50 20 28
875	44 33 43 12
876	25 27 5 16
877	19 34 38 17
878	43 18 48 16
879	4 23 9 44
880	12 40 19 37
881	16 1 15 45
882	38 40 31 48
883	29 2 9 16
884	13 3 26 23
885	40 25 29 6
886	21 45 15 13
887	20 44 39 48
888	1 15 42 36
889	15 26 36 24
890	26 7 1 28
891	38 13 15 30
892	1 50 23 13
893	14 34 37 12
894	50 11 23 25
895	11 44 24 33
896	37 38 25 15
897	43 28 1 21
898	4 39 11 33
899	24 34 27 2
900	35 13 25 46
901	15 24 26 3
902	42 43 24 47
903	35 13 24 9
904	35 16 17 27
905	36 25 1 3
906	2 32 38 17
907	46 49 6 42
908	48 38 35 19
909	45 26 49 13
910	34 5 30 13
911	28 25 37 13
912	38 10 21 50
913	48 36 16 15
914	8 46 23 13
915	27 29 24 32
916	26 20 32 18
917	22 4 36 38
918	40 6 26 43
919	11 7 13 26
920	48 43 28 9
921	44 10 14 11
922	6 34 43 50
923	50 28 4 30
924	26 33 12 8
925	11 20 36 43
926	13 4 18 40
927	2 29 42 41
928	29 11 12 37
929	21 22 19 41
930	40 24 48 10
931	38 21 25 43
932	17 40 23 29
933	19 22 8 35
934	3 36 47 38
935	40 29 48 28
936	11 22 30 16
937	9 26 42 45
938	15 25 8 7
939	45 7 20 30
940	50 11 43 41
941	49 2 31 3
942	11 44 8 47
943	33 39 42 14
944	5 29 9 20
945	2 8 48 18
946	11 23 47 17
947	41 4 17 31
948	9 7 1 47
949	22 6 10 50
950	20 40 44 8
951	10 48 24 13
952	25 47 41 29
953	9 47 22 18
954	26 35 4 43
955	37 20 3 1
956	11 1 5 28
957	34 24 37 20
958	23 2 30 16
959	32 10 2 44
960	10 23 7 9
961	10 28 7 5
962	17 15 39 29
963	30 7 10 48
964	40 32 16 22
965	11 48 13 39
966	20 47 48 46
967	33 50 4 46
968	50 43 29 2
969	14 3 49 4
970	10 48 13 47
971	40 18 27 10
972	43 11 40 10
973	18 12 42 1
974	20 50 48 45
975	42 22 9 50
976	38 31 28 32
977	45 32 47 9
978	2 8 1 9
979	36 24 12 35
980	12 14 44 35
981	23 32 20 15
982	15 9 2 11
983	37 20 34 39
984	1 21 36 11
985	38 25 2 40
986	40 11 13 6
987	46 32 9 7
988	12 34 6 30
989	35 46 10 37
990	46 36 4 30
991	32 20 22 43
992	8 40 4 21
993	39 46 41 10
994	40 34 49 17
995	13 50 5 32
996	19 10 42 5
997	3 39 13 9
998	29 20 10 48
999	46 38 39 26
1000	48 7 41 5
1001	32 45 1 47
1002	8 17 49 11
1003	24 45 34 13
1004	27 8 37 13
1005	44 29 31 28
1006	50 42 36 2
1007	2 33 36 45
1008	6 13 7 19
1009	9 11 29 8
1010	28 3 43 32
1011	33 24 11 46
1012	4 31 24 9
1013	12 3 29 10
1014	4 5 2 42
1015	6 43 16 38
1016	42 24 15 36
1017	31 30 9 47
1018	30 33 50 48
1019	35 44 6 17
1020	5 6 33 28
1021	39 2 27 37
1022	16 21 15 45
1023	33 17 3 28
1024	6 50 16 22
1025	45 2 12 21
1026	24 18 23 35
1027	11 46 25 23
1028	19 20 38 48
1029	29 28 17 46
1030	39 22 8 9
1031	4 50 20 28
1032	38 14 5 17
1033	17 4 45 30
1034	30 47 26 19
1035	29 30 6 12
1036	26 48 35 37
1037	17 26 11 43
1038	19 10 20 21
1039	26 19 49 1
1040	45 44 5 1
1041	24 33 31 3
1042	49 13 17 29
1043	22 2 18 49
1044	42 8 3 39
1045	28 9 24 39
1046	35 32 43 38
1047	50 14 9 43
1048	39 35 31 40
1049	32 36 20 25
1050	14 40 19 39
1051	25 34 3 16
1052	47 34 49 2
1053	45 25 11 21
1054	14 6 29 30
1055	22 23 2 20
1056	35 11 36 15
1057	23 30 49 14
1058	23 5 42 10
1059	41 47 34 19
1060	43 3 20 12
1061	45 39 20 8
1062	4 8 46 20
1063	50 4 32 27
1064	3 27 8 1
1065	5 24 10 3
1066	16 37 12 9
1067	20 38 7 35
1068	46 22 25 12
1069	49 36 32 40
1070	37 13 16 40
1071	25 9 49 48
1072	20 36 34 30
1073	48 22 43 45
1074	22 20 34 25
1075	17 27 7 6
1076	6 26 14 44
1077	24 1 44 45
1078	2 23 45 49
1079	14 11 18 20
1080	11 20 19 34
1081	29 39 33 36
1082	42 27 35 50
1083	48 17 35 5
1084	49 47 12 2
1085	31 49 8 22
1086	40 18 24 46
1087	38 17 23 2
1088	13 39 40 16
1089	14 39 15 43
1090	23 6 48 12
1091	50 15 18 25
1092	35 38 39 4
1093	20 45 28 4
1094	14 49 35 41
1095	13 26 45 40
1096	32 38 23 5
1097	33 10 38 20
1098	23 46 27 20
1099	45 36 13 27
1100	14 44 7 24
1101	37 39 46 26
1102	45 30 17 24
1103	18 4 29 37
1104	27 13 40 23
1105	28 24 46 2
1106	12 50 32 4
1107	47 13 26 9
1108	31 25 17 14
1109	17 6 47 23
1110	5 50 6 17
1111	42 36 31 21
1112	5 47 45 37
1113	41 33 11 16
1114	27 43 23 16
1115	16 35 32 28
1116	5 34 36 6
1117	1 41 36 31
1118	7 4 47 34
1119	9 46 39 31
1120	47 36 22 9
1121	35 29 45 31
1122	10 29 50 2
1123	50 23 15 19
1124	28 36 5 24
1125	34 26 20 1
1126	35 49 43 9
1127	4 15 47 17
1128	40 29 43 16
1129	26 19 33 15
1130	7 5 1 38
1131	18 46 36 25
1132	43 38 27 16
1133	10 30 18 13
1134	29 22 12 32
1135	24 3 21 14
1136	47 9 46 21
1137	43 26 8 1
1138	44 11 3 22
1139	32 35 23 48
1140	18 44 37 5
1141	33 2 23 43
1142	35 7 27 24
1143	5 41 13 10
1144	30 31 6 44
1145	49 41 15 1
1146	25 43 1 46
1147	12 28 31 14
1148	19 34 42 43
1149	16 20 45 27
1150	20 12 1 36
1151	11 45 35 42
1152	10 49 15 33
1153	27 16 48 30
1154	47 30 19 9
1155	3 45 48 8
1156	45 4 8 34
1157	46 16 44 48
1158	6 8 46 32
1159	29 45 16 39
1160	5 50 9 49
1161	50 49 29 45
1162	13 29 50 2
1163	44 42 20 32
1164	48 44 8 25
1165	14 22 8 29
1166	25 8 17 31
1167	15 48 16 21
1168	4 7 3 16
1169	31 19 49 18
1170	50 29 47 30
1171	28 9 35 33
1172	17 27 6 39
1173	45 11 37 6
1174	35 25 5 2
1175	34 15 36 27
1176	40 18 12 4
1177	12 45 31 29
1178	8 45 25 20
1179	39 18 15 23
1180	49 39 50 19
1181	5 38 23 8
1182	29 12 46 37
1183	23 43 13 44
1184	6 30 29 43
1185	26 42 24 17
1186	31 44 37 25
1187	22 48 2 39
1188	13 50 42 29
1189	17 50 47 24
1190	40 38 9 19
1191	49 2 20 13
1192	49 3 35 21
1193	22 21 44 39
1194	46 49 27 47
1195	12 28 37 23
1196	16 28 2 34
1197	27 23 16 47
1198	47 39 7 11
1199	22 44 37 26
1200	39 16 3 43
1201	34 14 39 28
1202	17 16 19 49
1203	11 34 40 42
1204	20 2 38 19
1205	48 14 4 9
1206	48 24 19 13
1207	49 10 22 39
1208	8 29 25 9
1209	1 13 16 38
1210	32 21 39 33
1211	16 8 37 36
1212	48 40 17 32
1213	11 25 28 2
1214	1 3 42 9
1215	3 11 46 15
1216	13 23 2 17
1217	42 37 23 9
1218	39 16 47 22
1219	48 49 30 1
1220	29 20 35 8
1221	44 18 19 46
1222	12 41 19 5
1223	47 13 12 3
1224	49 42 47 4
1225	36 24 28 7
1226	23 29 2 34
1227	47 45 21 12
1228	21 36 16 5
1229	38 35 14 30
1230	42 10 36 6
1231	49 24 19 4
1232	43 18 31 6
1233	50 2 15 44
1234	22 39 41 10
1235	25 47 23 20
1236	35 38 9 33
1237	2 35 8 4
1238	34 14 6 46
1239	38 28 12 1
1240	25 11 15 46
1241	29 6 49 22
1242	50 7 1 39
1243	10 11 6 23
1244	7 40 34 42
1245	19 45 41 10
1246	11 22 12 25
1247	49 34 2 17
1248	12 26 5 16
1249	5 9 8 19
1250	15 19 18 49
1251	33 1 12 50
1252	19 31 35 17
1253	30 39 19 37
1254	2 8 39 43
1255	23 50 2 13
1256	12 37 23 50
1257	40 6 5 43
1258	15 25 19 38
1259	34 35 20 48
1260	46 9 39 30
1261	23 17 4 40
1262	11 12 42 18
1263	27 44 38 24
1264	8 3 39 13
1265	26 35 11 39
1266	9 38 26 5
1267	30 15 6 38
1268	36 17 45 5
1269	43 34 17 26
1270	7 9 3 18
1271	41 35 42 39
1272	50 35 38 10
1273	3 36 4 17
1274	11 47 38 22
1275	18 22 41 25
1276	49 27 12 30
1277	29 28 37 45
1278	27 9 23 15
1279	49 23 36 24
1280	25 36 34 44
1281	9 34 35 44
1282	5 12 31 35
1283	31 18 6 41
1284	24 32 41 31
1285	19 35 9 13
1286	46 16 29 48
1287	29 4 44 9
1288	19 25 27 48
1289	27 44 26 17
1290	31 35 14 32
1291	37 47 3 14
1292	42 26 35 47
1293	29 6 3 11
1294	26 1 34 12
1295	5 32 41 38
1296	14 18 3 37
1297	16 15 12 34
1298	3 25 6 24
1299	18 31 17 21
1300	24 47 39 32
1301	17 45 25 20
1302	4 47 30 10
1303	14 8 37 6
1304	10 38 14 33
1305	36 48 12 41
1306	30 21 49 33
1307	47 36 4 45
1308	46 11 15 27
1309	41 50 8 9
1310	23 13 21 35
1311	14 34 2 4
1312	2 7 50 18
1313	34 47 38 45
1314	10 49 5 35
1315	42 41 30 13
1316	47 13 23 37
1317	36 23 44 21
1318	50 9 26 33
1319	7 20 19 30
1320	24 48 46 37
1321	30 10 12 9
1322	30 38 45 1
1323	22 10 45 16
1324	29 6 26 11
1325	18 14 17 3
1326	45 34 3 36
1327	22 42 28 33
1328	17 39 46 16
1329	48 1 18 8
1330	18 37 29 8
1331	21 2 49 24
1332	42 50 11 32
1333	16 30 24 47
1334	29 25 30 17
1335	27 36 8 15
1336	6 49 12 46
1337	16 18 36 10
1338	10 38 43 11
1339	10 22 16 25
1340	29 8 47 15
1341	36 30 29 22
1342	5 26 7 2
1343	43 26 22 10
1344	38 9 18 22
1345	11 5 38 35
1346	2 18 11 17
1347	10 29 2 5
1348	30 37 2 31
1349	31 29 33 19
1350	29 36 11 21
1351	42 11 14 16
1352	2 38 17 1
1353	23 25 44 32
1354	48 39 13 28
1355	34 32 42 3
1356	1 45 9 13
1357	16 19 36 10
1358	19 22 28 11
1359	30 16 13 36
1360	34 46 7 35
1361	32 20 11 42
1362	42 18 5 8
1363	14 40 8 38
1364	19 38 49 44
1365	36 50 27 20
1366	12 30 10 39
1367	16 9 13 26
1368	48 36 33 37
1369	20 48 46 30
1370	37 13 4 27
1371	29 32 3 17
1372	23 38 21 18
1373	25 1 42 31
1374	43 48 16 1
1375	30 4 7 45
1376	30 37 47 29
1377	50 25 7 24
1378	47 46 10 7
1379	13 17 38 2
1380	22 30 4 32
1381	32 18 40 29
1382	28 50 7 27
1383	41 47 8 49
1384	4 35 19 23
1385	21 39 5 14
1386	2 43 8 7
1387	14 27 41 13
1388	24 29 34 43
1389	4 10 11 35
1390	33 14 49 21
1391	48 30 47 50
1392	20 42 7 17
1393	13 40 37 9
1394	48 10 30 2
1395	40 32 43 28
1396	30 45 14 28
1397	26 6 30 18
1398	33 4 26 2
1399	9 29 21 13
1400	34 30 10 41
1401	4 23 27 24
1402	26 15 17 39
1403	49 33 13 17
1404	5 27 16 8
1405	9 20 34 49
1406	16 2 9 34
1407	2 48 6 37
1408	50 34 45 20
1409	35 14 36 24
1410	2 17 32 36
1411	38 41 46 42
1412	36 24 2 9
1413	42 49 27 3
1414	31 28 3 21
1415	25 40 38 2
1416	43 18 22 6
1417	49 17 44 27
1418	3 45 46 41
1419	46 17 44 18
1420	19 43 24 23
1421	25 1 12 2
1422	27 42 26 6
1423	8 19 27 9
1424	28 1 19 40
1425	31 47 21 18
1426	50 21 13 7
1427	44 7 42 12
1428	32 24 22 7
1429	9 24 48 30
1430	26 43 24 28
1431	10 44 28 27
1432	41 29 24 36
1433	40 30 18 11
1434	28 1 15 38
1435	13 39 18 44
1436	34 35 10 26
1437	48 30 33 16
1438	3 10 6 42
1439	40 34 6 2
1440	8 35 10 44
1441	45 41 37 30
1442	21 22 26 15
1443	33 37 22 11
1444	1 9 50 23
1445	18 46 14 42
1446	40 22 42 27
1447	1 16 5 32
1448	19 42 18 28
1449	23 2 12 7
1450	37 7 10 35
1451	19 48 6 13
1452	13 22 41 24
1453	22 45 8 39
1454	35 20 37 36
1455	10 13 35 25
1456	12 16 4 48
1457	31 43 4 39
1458	21 11 35 10
1459	20 31 28 19
1460	3 47 22 20
1461	8 35 33 20
1462	8 21 46 6
1463	38 34 50 31
1464	37 34 2 17
1465	13 27 41 3
1466	5 50 20 1
1467	45 47 37 29
1468	49 21 3 41
1469	48 49 6 9
1470	27 8 29 20
1471	30 9 46 18
1472	42 30 26 14
1473	15 20 1 12
1474	29 14 15 20
1475	45 4 17 31
1476	43 9 3 25
1477	35 36 6 46
1478	18 1 37 28
1479	35 50 9 26
1480	14 22 31 8
1481	47 42 7 43
1482	32 36 5 23
1483	26 16 15 50
1484	35 1 13 34
1485	4 16 28 20
1486	34 47 39 45
1487	35 30 48 13
1488	12 28 3 41
1489	5 9 38 15
1490	31 28 17 38
1491	47 41 27 9
1492	19 49 17 45
1493	1 22 37 30
1494	7 5 10 47
1495	34 4 49 28
1496	49 11 42 40
1497	45 30 49 23
1498	7 13 35 16
1499	43 25 39 17
1500	42 10 37 48
1501	42 21 38 15
1502	6 40 10 42
1503	39 38 47 48
1504	35 43 46 30
1505	50 3 25 48
1506	42 31 22 25
1507	35 10 17 41
1508	45 48 11 29
1509	35 29 8 39
1510	49 28 7 39
1511	42 33 22 21
1512	16 12 9 14
1513	33 44 40 50
1514	7 35 27 24
1515	18 38 14 50
1516	14 43 31 48
1517	39 35 44 47
1518	22 11 45 17
1519	25 46 15 30
1520	13 10 33 8
1521	45 46 4 29
1522	32 40 34 18
1523	14 41 40 23
1524	39 13 43 32
1525	39 43 28 40
1526	30 29 12 40
1527	1 35 39 17
1528	48 39 34 15
1529	25 47 39 2
1530	2 8 6 4
1531	14 30 16 11
1532	11 31 22 50
1533	48 31 20 33
1534	37 36 5 38
1535	27 4 48 25
1536	23 6 18 22
1537	45 11 21 48
1538	10 28 13 22
1539	50 2 17 32
1540	36 27 50 33
1541	37 38 7 12
1542	24 15 25 21
1543	15 50 24 21
1544	33 35 28 12
1545	50 15 30 20
1546	34 29 19 8
1547	24 5 10 50
1548	8 12 4 11
1549	33 45 20 23
1550	28 50 21 19
1551	2 47 8 25
1552	32 48 39 22
1553	18 28 8 44
1554	1 28 21 40
1555	28 35 7 8
1556	45 32 41 27
1557	46 33 48 32
1558	31 10 2 26
1559	40 23 32 35
1560	31 42 47 38
1561	34 29 10 21
1562	26 24 10 28
1563	30 33 49 43
1564	13 36 8 18
1565	7 1 19 15
1566	16 22 13 2
1567	31 6 11 15
1568	33 12 8 5
1569	29 44 33 19
1570	8 35 49 44
1571	26 3 48 8
1572	40 11 39 13
1573	9 45 42 15
1574	7 26 43 38
1575	45 39 11 43
1576	17 49 10 1
1577	18 39 5 47
1578	41 43 49 2
1579	4 22 37 38
1580	45 15 44 32
1581	24 23 38 2
1582	8 24 39 35
1583	50 22 28 31
1584	24 4 31 49
1585	39 41 38 27
1586	50 7 37 29
1587	38 24 18 39
1588	23 44 47 48
1589	10 9 45 4
1590	31 12 47 40
1591	17 30 1 27
1592	23 20 27 32
1593	8 9 15 33
1594	45 44 31 40
1595	1 38 18 43
1596	20 27 25 10
1597	21 32 15 3
1598	39 15 27 47
1599	37 48 44 49
1600	12 28 26 16
1601	1 50 39 31
1602	32 44 46 2
1603	46 9 39 14
1604	47 15 35 37
1605	20 3 37 48
1606	29 42 14 17
1607	25 47 11 32
1608	30 19 5 21
1609	20 44 30 22
1610	16 30 6 31
1611	11 35 26 23
1612	41 44 46 30
1613	42 40 2 31
1614	14 18 44 35
1615	29 4 16 2
1616	29 47 50 13
1617	50 3 22 4
1618	4 31 37 50
1619	38 26 18 12
1620	5 3 31 23
1621	31 26 15 49
1622	46 31 1 44
1623	22 38 35 21
1624	19 49 10 38
1625	35 10 44 12
1626	28 12 15 6
1627	45 11 1 23
1628	7 30 18 26
1629	46 12 6 43
1630	18 35 46 47
1631	36 31 2 48
1632	18 15 42 29
1633	26 42 50 36
1634	34 31 49 1
1635	26 40 43 5
1636	34 25 35 31
1637	13 1 50 47
1638	21 38 3 32
1639	32 50 47 12
1640	36 15 7 2
1641	26 45 22 7
1642	17 1 8 12
1643	44 29 20 33
1644	24 42 19 26
1645	34 1 23 21
1646	40 42 8 29
1647	3 38 43 47
1648	2 31 15 44
1649	29 37 30 6
1650	45 50 19 15
1651	49 26 28 46
1652	34 39 23 15
1653	45 44 16 3
1654	35 30 41 17
1655	22 46 24 47
1656	2 23 46 26
1657	17 23 46 21
1658	30 14 32 17
1659	47 20 13 2
1660	31 17 24 33
1661	42 49 28 11
1662	5 10 31 37
1663	9 41 50 33
1664	34 50 32 46
1665	50 15 6 21
1666	9 42 20 23
1667	3 35 22 21
1668	37 50 42 48
1669	18 31 38 9
1670	16 26 8 10
1671	35 47 50 12
1672	50 3 32 1
1673	50 29 6 17
1674	10 47 21 34
1675	18 24 12 27
1676	32 12 22 2
1677	10 45 21 50
1678	17 21 25 4
1679	38 50 17 42
1680	41 13 46 4
1681	42 38 50 37
1682	41 16 14 48
1683	36 27 6 29
1684	17 45 13 41
1685	43 24 13 27
1686	10 30 47 31
1687	34 6 8 31
1688	10 34 45 23
1689	23 14 17 24
1690	20 8 3 45
1691	19 4 5 3
1692	6 25 28 43
1693	6 23 26 25
1694	32 1 26 31
1695	30 23 36 24
1696	39 49 8 3
1697	27 14 23 8
1698	22 11 25 32
1699	31 8 27 9
1700	24 1 19 21
1701	1 45 12 36
1702	18 49 8 7
1703	25 41 3 46
1704	34 37 13 23
1705	41 46 49 34
1706	19 45 23 8
1707	5 25 45 15
1708	40 21 19 50
1709	5 42 43 15
1710	6 47 7 37
1711	19 13 21 17
1712	25 9 5 32
1713	18 3 36 34
1714	3 40 34 45
1715	34 33 22 4
1716	24 44 43 20
1717	34 4 16 47
1718	31 18 10 21
1719	4 38 30 45
1720	13 22 33 15
1721	7 32 47 30
1722	37 5 12 28
1723	2 21 29 9
1724	2 41 28 29
1725	38 23 27 30
1726	5 18 15 14
1727	2 45 47 25
1728	16 39 47 19
1729	48 50 24 1
1730	16 41 35 21
1731	8 6 49 21
1732	30 45 31 11
1733	41 28 12 23
1734	3 18 5 26
1735	26 34 22 9
1736	11 50 37 39
1737	34 17 1 24
1738	44 13 40 27
1739	1 14 12 36
1740	7 28 12 31
1741	19 20 23 31
1742	30 7 24 37
1743	17 7 3 21
1744	5 38 36 43
1745	29 47 13 37
1746	41 35 40 15
1747	35 40 28 48
1748	48 31 11 18
1749	9 23 44 30
1750	22 11 1 14
1751	27 41 21 40
1752	47 39 50 36
1753	35 45 28 43
1754	34 47 19 10
1755	3 50 26 7
1756	41 48 49 34
1757	31 10 37 30
1758	25 43 6 39
1759	25 7 22 36
1760	26 4 36 44
1761	22 46 7 24
1762	49 46 8 7
1763	7 42 13 37
1764	24 45 25 26
1765	39 30 33 4
1766	49 48 31 27
1767	44 42 7 19
1768	35 20 48 1
1769	1 23 10 31
1770	36 48 23 28
1771	11 32 43 8
1772	10 48 3 6
1773	21 23 3 15
1774	18 16 42 46
1775	30 6 20 42
1776	3 18 38 19
1777	35 41 45 34
1778	34 17 45 33
1779	42 5 43 47
1780	48 39 10 37
1781	17 35 26 14
1782	41 23 47 43
1783	25 47 15 5
1784	46 49 1 35
1785	48 3 33 14
1786	10 26 40 45
1787	25 46 29 19
1788	20 17 19 22
1789	26 34 32 6
1790	38 8 35 44
1791	28 49 9 7
1792	45 21 42 16
1793	44 2 8 41
1794	44 1 46 5
1795	6 23 21 34
1796	15 7 12 39
1797	1 4 41 30
1798	41 14 39 27
1799	2 12 45 13
1800	15 17 32 36
1801	18 9 14 15
1802	25 29 26 3
1803	30 28 18 10
1804	28 20 10 17
1805	29 38 39 20
1806	22 20 8 5
1807	22 41 18 16
1808	2 4 21 19
1809	42 27 36 10
1810	2 15 24 40
1811	35 20 44 40
1812	14 2 34 5
1813	3 38 36 41
1814	32 21 46 22
1815	49 2 46 29
1816	48 32 16 19
1817	33 50 12 13
1818	11 12 33 34
1819	22 27 38 5
1820	43 11 30 7
1821	18 26 43 33
1822	44 25 32 23
1823	6 38 45 21
1824	48 34 47 3
1825	44 4 19 13
1826	36 45 14 48
1827	48 7 3 47
1828	36 7 43 45
1829	22 33 23 12
1830	7 46 25 9
1831	44 18 35 26
1832	39 34 18 23
1833	42 3 33 5
1834	43 18 29 15
1835	6 21 5 2
1836	48 37 25 20
1837	12 1 15 5
1838	48 11 16 6
1839	20 22 8 49
1840	14 4 33 32
1841	31 10 48 47
1842	1 50 7 34
1843	28 1 7 20
1844	36 44 37 4
1845	22 25 5 36
1846	42 25 29 45
1847	19 43 16 21
1848	36 29 26 14
1849	42 19 28 4
1850	9 41 50 18
1851	49 45 47 41
1852	36 5 2 37
1853	25 22 42 13
1854	28 40 49 27
1855	34 33 45 16
1856	44 40 50 18
1857	1 50 6 41
1858	46 26 37 24
1859	30 39 7 28
1860	39 5 35 24
1861	44 6 16 43
1862	23 50 34 15
1863	23 25 46 24
1864	20 7 28 32
1865	14 6 47 50
1866	40 31 32 37
1867	19 24 36 25
1868	24 50 4 34
1869	20 24 14 16
1870	8 12 30 6
1871	8 4 34 5
1872	40 50 39 10
1873	9 35 28 27
1874	8 21 12 27
1875	17 40 39 9
1876	46 34 23 8
1877	28 30 31 26
1878	35 8 49 37
1879	12 50 11 2
1880	17 43 40 18
1881	6 17 39 30
1882	30 20 44 34
1883	20 28 11 38
1884	44 39 21 46
1885	30 43 33 49
1886	40 31 33 16
1887	2 17 49 19
1888	12 16 25 28
1889	5 23 7 47
1890	4 13 43 36
1891	26 43 1 44
1892	4 22 50 7
1893	41 1 10 14
1894	25 28 23 7
1895	29 3 41 10
1896	33 36 10 5
1897	14 3 21 35
1898	13 16 36 34
1899	42 33 28 31
1900	25 43 13 15
1901	48 9 20 17
1902	14 45 12 43
1903	29 38 3 2
1904	44 21 14 36
1905	46 26 31 39
1906	8 16 32 11
1907	22 29 49 38
1908	37 17 15 39
1909	8 41 47 2
1910	12 35 28 24
1911	46 31 2 15
1912	29 36 44 48
1913	5 24 4 41
1914	33 9 23 2
1915	14 10 29 8
1916	7 27 1 23
1917	8 34 36 7
1918	30 2 17 32
1919	47 42 25 27
1920	26 14 46 3
1921	2 25 23 42
1922	2 31 14 29
1923	17 43 33 36
1924	38 31 50 28
1925	20 21 15 9
1926	21 2 49 20
1927	27 17 5 22
1928	16 1 29 41
1929	22 31 37 20
1930	2 50 11 8
1931	43 36 28 1
1932	17 6 45 50
1933	25 27 26 13
1934	11 9 30 48
1935	29 34 1 7
1936	45 28 37 16
1937	20 43 19 15
1938	39 21 31 50
1939	43 4 3 30
1940	25 10 4 33
1941	45 25 22 10
1942	14 12 21 34
1943	3 29 25 40
1944	10 15 4 28
1945	1 22 23 10
1946	13 41 33 27
1947	28 30 21 11
1948	33 50 24 43
1949	44 27 37 24
1950	35 4 9 47
1951	42 29 5 9
1952	33 19 26 7
1953	32 44 15 30
1954	9 32 49 14
1955	20 40 7 32
1956	12 3 45 15
1957	41 38 49 23
1958	1 35 41 25
1959	13 7 27 43
1960	47 18 43 50
1961	9 34 21 8
1962	29 39 16 49
1963	36 42 14 39
1964	2 43 34 16
1965	19 11 28 3
1966	46 36 13 6
1967	50 27 7 40
1968	5 2 34 33
1969	46 31 16 42
1970	28 11 3 13
1971	18 3 39 33
1972	46 1 43 34
1973	19 41 39 32
1974	39 19 46 30
1975	33 11 34 25
1976	22 12 24 41
1977	43 35 50 15
1978	42 41 21 49
1979	42 46 10 39
1980	31 33 16 50
1981	46 49 41 14
1982	40 14 11 30
1983	41 34 15 27
1984	15 21 18 37
1985	15 8 28 26
1986	2 28 8 17
1987	41 40 20 37
1988	28 20 3 16
1989	26 5 7 27
1990	27 1 6 40
1991	15 4 30 37
1992	9 41 7 44
1993	50 9 6 1
1994	3 24 31 43
1995	6 7 19 20
1996	44 41 50 11
1997	40 6 28 47
1998	36 5 11 38
1999	25 9 50 7
2000	19 39 33 36
2001	2 27 1 47
2002	11 8 23 4
2003	26 9 3 50
2004	37 41 12 27
2005	7 6 48 10
2006	47 33 44 29
2007	27 36 26 31
2008	18 49 23 3
2009	42 39 20 38
2010	24 21 10 13
2011	36 11 38 19
2012	41 31 7 24
2013	6 8 39 31
2014	29 7 34 37
2015	1 17 38 41
2016	13 5 25 44
2017	19 29 23 50
2018	10 27 42 44
2019	43 29 2 34
2020	36 43 41 48
2021	40 7 32 39
2022	10 16 29 43
2023	22 41 35 46
2024	32 7 46 36
2025	24 33 1 27
2026	32 35 28 33
2027	45 18 13 40
2028	40 38 25 32
2029	27 12 29 36
2030	16 39 13 36
2031	8 31 9 42
2032	6 13 43 41
2033	33 30 9 38
2034	30 34 14 32
2035	13 43 22 40
2036	23 22 35 50
2037	3 8 17 47
2038	36 2 1 34
2039	49 46 48 40
2040	30 11 15 24
2041	47 11 28 40
2042	43 10 12 26
2043	17 38 15 19
2044	29 25 22 27
2045	27 38 6 15
2046	34 7 21 23
2047	19 25 13 48
2048	25 33 46 43
2049	20 27 38 18
2050	41 2 46 50
2051	35 10 37 24
2052	10 22 31 50
2053	33 23 24 5
2054	42 32 47 49
2055	5 19 14 24
2056	49 15 44 12
2057	25 42 17 31
2058	4 9 2 36
2059	5 34 4 41
2060	35 3 7 47
2061	3 38 27 36
2062	45 20 29 18
2063	7 18 47 29
2064	16 2 36 31
2065	7 27 34 21
2066	2 44 19 1
2067	19 8 37 16
2068	20 19 23 29
2069	38 3 30 46
2070	28 43 36 25
2071	50 26 33 35
2072	42 39 8 23
2073	2 32 12 39
2074	18 3 4 10
2075	27 14 6 29
2076	15 6 8 13
2077	49 11 8 5
2078	29 4 8 22
2079	47 6 32 36
2080	45 12 48 36
2081	39 40 27 5
2082	7 14 4 39
2083	48 9 23 45
2084	39 40 7 29
2085	49 41 32 1
2086	25 44 48 20
2087	23 2 14 26
2088	44 10 4 18
2089	20 48 49 9
2090	12 22 7 50
2091	45 40 41 3
2092	31 47 6 27
2093	25 41 3 42
2094	29 2 5 47
2095	44 20 8 42
2096	42 37 28 39
2097	42 39 33 12
2098	9 11 3 31
2099	21 29 37 30
2100	40 49 39 24
2101	1 20 46 47
2102	48 47 16 21
2103	23 24 16 49
2104	29 30 32 50
2105	47 20 5 14
2106	5 46 47 26
2107	18 30 33 46
2108	1 46 44 5
2109	23 4 7 3
2110	36 24 11 16
2111	6 49 20 7
2112	12 47 14 23
2113	10 41 47 8
2114	15 38 48 13
2115	24 33 32 34
2116	12 22 48 11
2117	18 19 38 13
2118	23 30 50 9
2119	5 20 19 43
2120	25 9 21 42
2121	22 43 20 4
2122	14 2 28 35
2123	19 43 30 35
2124	17 41 34 28
2125	2 15 45 49
2126	35 8 21 43
2127	32 8 13 38
2128	24 4 49 48
2129	5 9 37 4
2130	4 47 11 50
2131	25 9 27 36
2132	22 6 2 50
2133	33 28 46 39
2134	46 35 16 44
2135	22 21 6 34
2136	46 24 37 10
2137	50 18 44 37
2138	42 45 9 29
2139	42 3 28 43
2140	7 35 8 6
2141	26 5 46 38
2142	21 39 6 22
2143	10 4 27 24
2144	37 1 12 40
2145	17 46 7 12
2146	25 24 13 29
2147	2 9 22 44
2148	2 18 43 41
2149	42 48 9 39
2150	50 12 41 26
2151	7 49 9 16
2152	23 4 49 29
2153	5 30 6 7
2154	6 2 8 9
2155	20 36 23 10
2156	6 24 34 12
2157	34 33 29 16
2158	26 3 18 32
2159	35 30 32 38
2160	32 25 36 29
2161	26 44 22 2
2162	47 18 34 30
2163	50 42 34 48
2164	46 16 36 35
2165	1 23 32 30
2166	46 35 40 37
2167	11 19 12 30
2168	49 36 16 2
2169	3 5 45 15
2170	18 43 6 16
2171	8 4 5 32
2172	27 28 48 10
2173	19 42 4 23
2174	45 18 47 37
2175	50 20 23 16
2176	33 48 36 17
2177	30 29 47 43
2178	21 37 16 6
2179	4 7 50 47
2180	14 6 31 39
2181	1 26 48 47
2182	15 21 2 13
2183	33 9 5 6
2184	29 34 50 11
2185	36 41 5 50
2186	38 17 7 2
2187	35 42 24 9
2188	34 48 25 40
2189	37 23 32 8
2190	10 40 29 15
2191	42 2 48 9
2192	27 1 33 31
2193	12 20 23 27
2194	8 34 14 35
2195	24 5 14 48
2196	46 29 35 6
2197	41 46 5 26
2198	28 50 26 25
2199	41 44 22 9
2200	3 38 4 20
2201	4 23 15 21
2202	25 32 1 2
2203	47 20 41 33
2204	43 48 6 8
2205	13 27 44 4
2206	37 30 50 3
2207	39 1 25 34
2208	33 26 2 1
2209	4 10 16 14
2210	26 22 40 28
2211	23 33 37 1
2212	30 34 4 36
2213	13 6 44 12
2214	9 17 35 26
2215	17 48 23 9
2216	2 45 3 8
2217	22 5 28 31
2218	14 17 47 10
2219	43 38 36 40
2220	16 48 39 45
2221	27 44 29 24
2222	44 26 1 25
2223	42 12 44 47
2224	33 37 32 12
2225	46 2 9 48
2226	36 46 7 14
2227	26 17 29 3
2228	28 6 20 13
2229	7 2 1 3
2230	1 32 24 7
2231	13 11 20 44
2232	14 38 11 42
2233	11 42 26 14
2234	36 28 21 27
2235	8 24 6 43
2236	18 10 2 15
2237	18 34 42 3
2238	50 41 17 28
2239	31 23 7 22
2240	36 29 37 10
2241	11 2 50 30
2242	37 1 40 5
2243	35 17 12 25
2244	22 32 35 7
2245	3 5 22 28
2246	18 40 31 41
2247	19 23 7 50
2248	29 3 44 5
2249	40 42 7 25
2250	33 23 19 38
2251	18 24 1 36
2252	33 19 47 15
2253	43 34 1 10
2254	49 46 26 19
2255	42 31 29 44
2256	45 42 15 20
2257	22 14 5 44
2258	35 16 44 37
2259	47 42 27 34
2260	33 15 1 37
2261	37 14 25 22
2262	22 8 14 42
2263	12 34 9 27
2264	14 45 26 29
2265	10 24 47 30
2266	28 8 19 32
2267	24 18 38 11
2268	11 33 18 21
2269	3 48 5 16
2270	20 17 49 45
2271	20 24 5 45
2272	3 47 21 38
2273	34 9 1 7
2274	49 14 7 16
2275	46 5 15 27
2276	16 50 13 39
2277	18 10 25 41
2278	31 24 38 21
2279	45 10 47 32
2280	50 24 8 14
2281	4 18 30 49
2282	36 25 30 46
2283	2 5 14 22
2284	5 40 37 21
2285	21 3 39 14
2286	13 5 23 22
2287	10 46 8 3
2288	19 12 29 36
2289	26 45 41 25
2290	34 28 20 13
2291	18 15 26 22
2292	22 9 6 18
2293	33 13 5 22
2294	29 17 38 6
2295	43 24 10 4
2296	34 31 41 18
2297	5 30 6 46
2298	27 22 26 6
2299	8 15 50 21
2300	12 17 36 15
2301	21 38 25 31
2302	21 47 20 17
2303	45 4 6 9
2304	24 26 28 11
2305	4 17 2 43
2306	11 3 17 13
2307	18 17 34 12
2308	27 33 28 25
2309	1 14 46 26
2310	30 34 2 37
2311	4 40 42 36
2312	40 21 12 2
2313	29 15 32 25
2314	23 32 17 34
2315	40 39 11 36
2316	44 21 11 27
2317	10 38 49 50
2318	47 8 24 42
2319	37 42 4 45
2320	37 13 16 7
2321	37 8 19 42
2322	5 25 29 16
2323	48 44 37 50
2324	17 36 23 1
2325	8 22 3 6
2326	40 34 35 5
2327	30 45 10 15
2328	11 27 37 6
2329	41 40 11 22
2330	4 23 20 40
2331	33 11 4 28
2332	30 46 47 9
2333	46 44 20 50
2334	2 40 23 36
2335	40 37 15 35
2336	1 16 49 11
2337	16 36 22 24
2338	12 35 2 3
2339	44 42 17 35
2340	31 12 34 23
2341	41 13 31 19
2342	19 3 41 31
2343	36 12 19 44
2344	8 44 13 11
2345	5 26 47 14
2346	37 2 19 21
2347	41 30 19 12
2348	16 1 21 6
2349	41 26 36 18
2350	22 2 42 33
2351	25 34 37 15
2352	22 28 37 9
2353	11 14 5 48
2354	23 2 36 6
2355	49 21 23 19
2356	13 46 2 47
2357	9 5 45 41
2358	36 17 19 31
2359	13 15 24 28
2360	8 28 3 48
2361	29 27 13 7
2362	44 33 6 35
2363	44 31 28 12
2364	29 3 13 25
2365	48 12 17 13
2366	21 29 14 4
2367	24 50 2 20
2368	2 33 5 7
2369	14 10 32 17
2370	1 27 40 2
2371	49 43 22 15
2372	41 42 36 45
2373	13 20 11 49
2374	2 32 49 27
2375	48 37 11 22
2376	16 44 30 21
2377	16 9 6 12
2378	36 35 46 27
2379	3 48 7 31
2380	38 18 6 22
2381	6 35 42 45
2382	33 29 23 25
2383	34 9 31 19
2384	38 19 31 23
2385	11 2 5 10
2386	39 24 6 21
2387	37 21 29 11
2388	30 50 11 46
2389	29 45 37 14
2390	30 44 18 16
2391	35 8 33 41
2392	45 14 4 7
2393	47 42 37 17
2394	3 26 25 2
2395	34 7 44 2
2396	2 31 28 37
2397	45 33 47 26
2398	22 12 4 2
2399	41 10 28 3
2400	38 6 49 25
2401	3 49 45 41
2402	30 49 31 3
2403	47 13 37 41
2404	42 27 22 38
2405	11 2 46 44
2406	7 6 41 17
2407	50 28 13 15
2408	11 6 22 43
2409	23 10 39 21
2410	28 17 48 38
2411	16 50 24 20
2412	24 49 30 48
2413	28 44 26 20
2414	11 35 45 30
2415	33 24 32 2
2416	6 42 43 25
2417	38 10 49 43
2418	49 43 26 34
2419	19 41 9 12
2420	46 38 40 15
2421	45 11 33 32
2422	42 10 25 2
2423	45 3 41 46
2424	6 23 31 40
2425	14 13 16 42
2426	38 46 7 32
2427	8 29 10 9
2428	7 22 6 42
2429	30 14 34 47
2430	7 3 32 40
2431	49 17 1 5
2432	29 24 21 19
2433	7 30 33 23
2434	1 49 27 29
2435	28 39 37 23
2436	39 37 26 9
2437	40 27 28 23
2438	29 31 13 25
2439	35 17 9 14
2440	28 9 50 26
2441	49 45 20 14
2442	42 49 33 18
2443	36 48 40 32
2444	7 28 48 40
2445	25 15 43 42
2446	27 25 49 19
2447	24 36 23 48
2448	47 41 22 12
2449	39 47 28 22
2450	9 35 21 20
2451	44 39 48 47
2452	1 22 44 13
2453	48 45 19 43
2454	7 36 2 1
2455	6 12 2 49
2456	41 26 31 21
2457	10 49 24 35
2458	8 6 38 37
2459	8 44 15 10
2460	5 33 8 1
2461	43 44 36 10
2462	36 2 1 6
2463	14 11 45 6
2464	9 47 4 41
2465	5 30 9 39
2466	18 46 24 38
2467	4 14 11 16
2468	45 7 37 11
2469	24 46 6 28
2470	45 37 12 15
2471	2 6 11 35
2472	13 16 26 39
2473	5 46 11 23
2474	42 23 27 28
2475	19 24 4 10
2476	37 24 47 20
2477	6 15 33 12
2478	14 23 24 39
2479	33 48 42 12
2480	46 45 24 49
2481	35 28 36 24
2482	6 42 32 3
2483	8 18 33 38
2484	50 30 37 3
2485	23 47 28 41
2486	7 45 17 39
2487	46 12 1 16
2488	46 35 14 10
2489	21 42 25 17
2490	7 50 42 5
2491	16 44 17 6
2492	36 8 18 27
2493	40 42 29 12
2494	7 37 33 31
2495	39 24 6 31
2496	3 1 22 50
2497	4 30 49 25
2498	1 44 31 49
2499	34 23 17 4
2500	49 3 26 39
2501	10 3 40 44
2502	22 31 1 3
2503	41 26 11 22
2504	23 37 29 47
2505	25 15 24 47
2506	27 23 4 42
2507	39 22 20 21
2508	33 19 27 24
2509	22 19 5 6
2510	40 50 25 26
2511	47 12 16 10
2512	34 44 16 42
2513	34 38 50 31
2514	19 26 12 5
2515	30 12 4 32
2516	41 21 35 11
2517	22 25 44 5
2518	20 50 37 11
2519	23 18 40 25
2520	46 7 29 44
2521	11 41 30 36
2522	7 41 33 34
2523	1 36 15 25
2524	39 6 16 43
2525	11 46 44 21
2526	43 24 14 27
2527	6 33 45 24
2528	23 8 26 21
2529	24 23 29 21
2530	14 9 21 30
2531	6 16 17 47
2532	4 1 20 26
2533	41 42 19 5
2534	24 10 18 17
2535	10 2 40 35
2536	9 26 47 36
2537	44 1 29 28
2538	3 20 6 26
2539	4 48 22 25
2540	41 23 24 50
2541	44 49 48 43
2542	5 44 10 35
2543	37 16 25 1
2544	18 38 21 12
2545	27 35 6 12
2546	8 23 13 31
2547	41 27 32 10
2548	1 3 33 36
2549	31 8 20 43
2550	30 5 34 25
2551	24 41 36 1
2552	9 42 33 20
2553	44 46 17 48
2554	19 11 28 16
2555	12 5 20 13
2556	39 34 31 18
2557	34 9 23 16
2558	3 30 13 47
2559	39 7 15 26
2560	47 17 15 13
2561	1 4 13 2
2562	32 16 9 37
2563	39 45 47 18
2564	30 14 2 26
2565	48 49 26 42
2566	5 19 45 25
2567	1 40 7 49
2568	6 5 48 29
2569	29 27 10 45
2570	41 2 20 26
2571	18 14 50 16
2572	27 41 36 22
2573	31 47 20 8
2574	28 23 42 40
2575	38 46 23 36
2576	1 27 8 13
2577	19 37 24 12
2578	35 42 31 36
2579	8 50 10 17
2580	38 8 41 33
2581	48 17 13 18
2582	7 15 28 21
2583	50 6 46 11
2584	20 8 16 14
2585	33 23 9 1
2586	18 10 8 38
2587	40 41 27 44
2588	43 30 49 50
2589	23 50 43 5
2590	45 32 12 2
2591	15 29 5 38
2592	19 50 39 27
2593	16 4 47 12
2594	27 23 33 12
2595	43 1 41 4
2596	39 20 11 2
2597	13 21 31 22
2598	34 13 15 43
2599	40 42 13 8
2600	30 8 38 43
2601	45 36 15 49
2602	26 23 29 46
2603	21 20 14 12
2604	5 27 11 26
2605	13 42 25 33
2606	30 31 16 40
2607	23 47 46 16
2608	23 41 11 44
2609	48 16 21 35
2610	10 16 39 36
2611	46 39 5 50
2612	50 24 12 49
2613	18 34 21 45
2614	40 31 11 7
2615	40 24 36 3
2616	49 4 25 16
2617	8 20 42 45
2618	46 34 20 30
2619	21 50 47 17
2620	33 43 35 41
2621	16 47 22 1
2622	36 23 14 22
2623	2 12 41 24
2624	9 25 41 29
2625	1 27 23 42
2626	13 26 5 43
2627	30 40 26 4
2628	4 13 50 38
2629	17 10 45 43
2630	14 22 31 17
2631	4 35 17 14
2632	45 44 25 1
2633	42 23 9 28
2634	25 3 34 1
2635	40 48 16 39
2636	39 12 45 22
2637	20 28 4 21
2638	5 6 11 25
2639	16 22 45 25
2640	34 43 49 31
2641	25 4 8 46
2642	4 30 12 29
2643	44 17 22 10
2644	34 12 33 39
2645	43 36 1 33
2646	14 8 37 36
2647	1 35 4 2
2648	18 40 37 42
2649	42 46 10 18
2650	16 36 19 42
2651	49 19 2 4
2652	15 8 31 13
2653	9 20 43 25
2654	23 31 7 3
2655	41 39 42 33
2656	39 6 17 46
2657	41 9 45 16
2658	49 5 45 29
2659	27 11 19 38
2660	45 39 43 34
2661	11 27 17 28
2662	3 31 12 19
2663	45 9 42 37
2664	24 40 11 13
2665	38 14 4 1
2666	40 10 2 23
2667	33 3 45 38
2668	35 34 29 23
2669	36 29 9 2
2670	47 18 39 8
2671	1 49 24 7
2672	2 1 38 37
2673	18 7 5 29
2674	42 29 35 36
2675	40 34 22 6
2676	11 22 29 39
2677	11 4 12 15
2678	21 4 46 16
2679	15 21 41 25
2680	37 48 36 39
2681	40 34 27 21
2682	7 50 30 9
2683	10 31 34 40
2684	39 28 46 8
2685	14 25 24 35
2686	27 47 29 32
2687	42 28 22 31
2688	13 19 11 45
2689	49 28 23 45
2690	44 17 47 13
2691	48 31 19 3
2692	48 20 21 46
2693	12 46 50 34
2694	40 36 49 14
2695	41 38 4 31
2696	25 27 15 3
2697	14 9 46 34
2698	27 40 23 22
2699	29 40 21 6
2700	34 41 39 33
2701	41 1 2 11
2702	38 37 31 12
2703	30 46 14 4
2704	10 5 45 12
2705	43 28 42 12
2706	2 43 5 14
2707	20 40 24 2
2708	35 49 32 12
2709	1 49 48 11
2710	3 10 5 36
2711	42 5 27 30
2712	3 16 28 1
2713	42 12 28 27
2714	32 41 3 36
2715	2 15 24 33
2716	29 17 6 43
2717	5 40 38 12
2718	16 43 26 39
2719	35 17 7 24
2720	42 36 17 8
2721	15 16 48 28
2722	12 44 42 26
2723	44 41 33 40
2724	36 44 22 12
2725	14 7 5 30
2726	39 5 50 44
2727	40 48 20 2
2728	25 2 44 37
2729	13 2 21 15
2730	12 5 33 27
2731	39 11 36 37
2732	9 12 50 2
2733	20 47 33 48
2734	31 7 15 20
2735	20 22 19 16
2736	20 41 37 32
2737	24 31 5 36
2738	32 34 47 11
2739	42 13 25 29
2740	8 50 7 48
2741	11 35 48 16
2742	14 19 13 47
2743	22 17 48 31
2744	13 31 49 29
2745	31 41 42 25
2746	12 6 7 33
2747	47 48 34 40
2748	25 8 43 20
2749	7 40 25 41
2750	33 45 39 17
2751	16 13 25 17
2752	40 42 45 1
2753	41 17 37 11
2754	18 39 4 45
2755	26 18 11 38
2756	45 32 11 20
2757	38 8 15 31
2758	48 50 45 39
2759	40 22 21 45
2760	10 42 15 32
2761	32 42 23 47
2762	7 9 23 28
2763	7 50 49 30
2764	12 46 35 47
2765	44 34 19 1
2766	14 26 11 38
2767	46 5 37 20
2768	19 8 24 50
2769	36 48 19 8
2770	24 21 9 45
2771	2 5 34 16
2772	1 44 40 10
2773	24 23 20 35
2774	32 50 9 25
2775	7 33 11 35
2776	42 15 37 49
2777	18 28 16 42
2778	10 46 9 38
2779	23 45 3 37
2780	13 38 39 3
2781	43 28 6 25
2782	38 40 44 1
2783	14 26 13 41
2784	39 50 6 16
2785	41 31 50 8
2786	13 38 21 40
2787	42 14 38 4
2788	39 18 8 19
2789	32 38 50 12
2790	23 40 46 13
2791	10 15 20 31
2792	16 36 47 10
2793	49 42 44 7
2794	29 38 37 40
2795	36 26 42 40
2796	11 37 18 47
2797	4 9 48 18
2798	30 50 28 44
2799	47 25 26 48
2800	20 24 31 37
2801	13 39 35 44
2802	6 13 14 37
2803	14 18 21 12
2804	41 26 18 50
2805	27 21 22 13
2806	20 4 33 16
2807	32 14 5 22
2808	26 5 3 7
2809	1 30 24 37
2810	20 1 4 47
2811	39 4 15 38
2812	43 18 45 35
2813	30 24 2 19
2814	31 49 16 5
2815	32 4 14 34
2816	23 28 34 29
2817	21 32 4 11
2818	12 46 45 22
2819	22 27 17 26
2820	5 23 14 41
2821	7 3 43 39
2822	4 17 34 26
2823	10 48 36 20
2824	3 24 43 45
2825	8 2 38 5
2826	38 9 26 17
2827	42 32 37 30
2828	32 26 13 36
2829	9 21 12 38
2830	7 19 15 50
2831	12 7 3 34
2832	4 39 21 3
2833	50 23 21 11
2834	23 18 49 35
2835	18 28 27 3
2836	37 32 20 24
2837	14 5 15 16
2838	20 45 13 42
2839	21 2 29 43
2840	12 1 23 49
2841	49 7 3 34
2842	49 40 28 3
2843	47 31 30 42
2844	31 27 1 25
2845	12 27 18 44
2846	16 23 41 8
2847	25 5 6 10
2848	10 23 30 17
2849	31 13 50 42
2850	7 18 13 36
2851	1 29 14 42
2852	8 30 44 35
2853	26 46 48 18
2854	19 32 10 14
2855	40 43 12 23
2856	42 8 19 49
2857	31 34 17 1
2858	17 16 26 23
2859	39 15 31 34
2860	49 9 45 12
2861	29 8 30 49
2862	22 7 39 6
2863	25 37 8 43
2864	4 50 30 24
2865	25 14 28 9
2866	5 46 48 6
2867	21 24 23 41
2868	23 25 35 12
2869	16 30 37 38
2870	3 43 39 30
2871	24 38 41 13
2872	6 15 25 34
2873	5 1 17 20
2874	28 8 26 21
2875	37 31 48 3
2876	10 43 8 36
2877	29 41 19 15
2878	25 35 10 27
2879	12 36 31 32
2880	23 41 28 12
2881	20 36 28 44
2882	49 26 44 45
2883	15 31 23 37
2884	37 40 15 47
2885	6 10 2 16
2886	46 38 44 24
2887	36 33 47 24
2888	27 6 18 41
2889	49 33 7 43
2890	33 8 4 17
2891	36 24 14 38
2892	29 21 31 20
2893	9 18 7 2
2894	7 50 36 28
2895	5 1 48 43
2896	16 43 26 6
2897	33 25 3 18
2898	5 47 19 9
2899	21 15 50 40
2900	9 5 29 3
2901	16 50 11 41
2902	48 2 3 25
2903	6 39 38 49
2904	43 39 13 45
2905	21 42 10 30
2906	29 3 12 41
2907	1 13 23 36
2908	5 50 26 47
2909	18 8 44 11
2910	44 12 21 34
2911	25 50 7 37
2912	17 50 47 6
2913	50 26 40 11
2914	6 1 48 12
2915	27 36 8 19
2916	19 41 42 33
2917	46 47 14 2
2918	48 11 26 1
2919	4 18 47 10
2920	31 22 45 5
2921	12 32 11 19
2922	50 19 29 43
2923	29 28 42 45
2924	9 14 45 20
2925	45 18 14 23
2926	47 5 37 38
2927	44 41 43 39
2928	3 42 24 22
2929	9 43 23 38
2930	47 36 29 9
2931	9 42 21 10
2932	36 1 42 35
2933	40 31 4 30
2934	36 10 15 22
2935	28 35 42 5
2936	48 12 32 34
2937	6 31 38 37
2938	18 37 4 25
2939	20 40 49 24
2940	7 35 32 33
2941	4 23 20 13
2942	42 3 31 16
2943	50 25 21 37
2944	50 34 24 27
2945	17 32 41 29
2946	2 7 14 33
2947	14 42 21 49
2948	41 39 13 14
2949	27 3 41 8
2950	3 32 1 27
2951	11 5 47 16
2952	11 10 40 24
2953	35 3 17 5
2954	24 18 25 48
2955	28 33 39 21
2956	28 3 40 16
2957	1 46 48 29
2958	30 18 38 15
2959	15 10 12 17
2960	25 27 33 36
2961	15 42 36 18
2962	50 10 11 29
2963	14 39 47 38
2964	39 27 5 26
2965	11 21 28 42
2966	24 25 13 16
2967	24 36 18 21
2968	22 1 27 40
2969	47 49 28 39
2970	22 5 38 6
2971	1 29 34 41
2972	19 41 9 42
2973	20 25 32 28
2974	38 36 30 28
2975	37 11 49 8
2976	44 22 48 4
2977	12 40 38 23
2978	37 46 32 40
2979	31 6 50 40
2980	24 22 29 48
2981	14 46 17 11
2982	45 32 27 42
2983	6 19 8 3
2984	32 13 26 28
2985	42 20 43 27
2986	26 41 23 34
2987	5 49 7 9
2988	14 11 22 25
2989	18 21 15 42
2990	33 50 18 4
2991	44 22 48 1
2992	27 2 43 31
2993	33 30 8 27
2994	31 38 13 4
2995	12 35 30 26
2996	12 9 23 7
2997	22 41 11 35
2998	36 6 20 35
2999	13 35 36 38
3000	1 36 18 41
3001	27 23 14 45
3002	50 20 28 35
3003	36 45 27 41
3004	20 2 28 27
3005	10 20 48 31
3006	12 40 9 10
3007	26 20 39 43
3008	2 32 33 27
3009	38 4 8 33
3010	3 32 11 2
3011	41 2 5 50
3012	28 37 49 4
3013	37 2 26 4
3014	28 9 24 32
3015	4 16 34 7
3016	44 14 50 30
3017	49 7 11 25
3018	34 12 35 24
3019	44 46 28 12
3020	48 9 46 29
3021	25 29 14 22
3022	29 18 20 4
3023	11 27 19 14
3024	6 10 9 33
3025	15 43 4 23
3026	26 1 25 46
3027	26 46 31 40
3028	20 22 3 5
3029	20 4 17 10
3030	35 42 5 25
3031	14 18 19 15
3032	29 45 27 6
3033	35 48 31 13
3034	16 47 6 8
3035	42 44 35 19
3036	15 25 42 44
3037	45 21 23 7
3038	42 16 14 22
3039	1 4 48 6
3040	29 34 38 44
3041	48 28 45 39
3042	45 20 41 22
3043	33 30 34 2
3044	25 17 5 22
3045	33 17 32 29
3046	22 33 27 13
3047	21 28 34 39
3048	47 24 14 19
3049	44 33 6 22
3050	38 39 29 18
3051	33 44 16 14
3052	16 24 18 8
3053	46 10 34 36
3054	7 31 20 38
3055	10 8 23 17
3056	1 4 25 47
3057	49 29 30 42
3058	18 2 28 19
3059	14 11 27 7
3060	10 50 28 48
3061	47 32 20 27
3062	49 13 12 46
3063	35 11 15 36
3064	17 36 25 26
3065	26 16 39 14
3066	1 28 14 30
3067	18 35 17 50
3068	12 7 9 8
3069	6 13 7 49
3070	12 27 47 41
3071	49 5 32 10
3072	20 33 21 48
3073	38 12 47 24
3074	26 17 47 30
3075	28 30 16 1
3076	39 2 28 33
3077	29 31 30 2
3078	21 42 28 13
3079	47 17 33 37
3080	19 35 12 46
3081	3 11 47 43
3082	3 32 15 37
3083	19 45 15 48
3084	6 32 41 49
3085	7 46 4 21
3086	19 30 50 49
3087	25 24 18 31
3088	8 18 42 13
3089	15 1 5 23
3090	41 30 7 18
3091	7 32 17 49
3092	7 19 15 9
3093	24 27 50 12
3094	29 17 28 45
3095	24 38 14 22
3096	50 43 25 12
3097	13 31 34 28
3098	5 50 26 31
3099	10 39 3 1
3100	30 43 44 42
3101	4 24 12 1
3102	48 23 28 5
3103	28 8 1 10
3104	19 1 18 43
3105	15 44 23 41
3106	17 20 44 22
3107	25 16 23 21
3108	32 46 6 19
3109	39 22 1 26
3110	36 40 22 14
3111	42 15 38 24
3112	2 35 14 16
3113	6 35 39 17
3114	41 7 43 50
3115	40 2 16 46
3116	50 35 28 26
3117	42 8 27 46
3118	18 17 37 16
3119	40 44 1 47
3120	39 34 23 31
3121	3 35 14 11
3122	21 19 5 17
3123	49 11 34 30
3124	12 39 28 6
3125	2 24 14 38
3126	4 47 2 14
3127	14 41 50 18
3128	31 2 15 11
3129	37 48 1 3
3130	29 41 20 26
3131	5 14 9 38
3132	32 7 42 18
3133	45 20 39 35
3134	24 18 33 37
3135	3 33 37 31
3136	2 36 48 13
3137	25 11 27 23
3138	48 15 40 35
3139	15 30 12 19
3140	29 5 32 28
3141	50 49 11 8
3142	39 42 4 1
3143	50 49 22 20
3144	38 6 34 48
3145	21 45 23 47
3146	7 44 2 49
3147	35 48 45 2
3148	5 20 42 13
3149	21 20 39 42
3150	6 32 18 11
3151	15 43 24 19
3152	36 47 7 35
3153	45 30 11 12
3154	46 6 45 5
3155	29 9 48 25
3156	6 28 37 42
3157	26 32 20 49
3158	20 24 18 31
3159	12 6 14 31
3160	3 8 45 25
3161	45 36 15 8
3162	37 6 5 42
3163	2 44 50 6
3164	41 4 50 12
3165	48 10 18 4
3166	30 7 47 9
3167	11 3 17 46
3168	22 10 23 48
3169	3 28 21 33
3170	31 38 15 22
3171	40 48 29 36
3172	12 45 16 40
3173	13 38 43 19
3174	4 18 43 1
3175	25 28 37 34
3176	41 31 23 32
3177	29 18 41 50
3178	16 48 45 3
3179	36 15 44 45
3180	41 23 11 25
3181	38 10 30 16
3182	34 28 41 37
3183	7 49 50 1
3184	13 3 29 39
3185	17 36 13 3
3186	3 20 11 25
3187	17 10 28 34
3188	20 32 38 49
3189	43 46 14 30
3190	45 50 8 6
3191	17 19 50 33
3192	31 18 19 7
3193	46 29 13 19
3194	30 22 14 48
3195	29 46 38 22
3196	34 42 10 46
3197	43 24 31 37
3198	7 4 35 15
3199	15 14 41 28
3200	3 20 37 22
3201	25 27 23 49
3202	49 28 43 21
3203	20 26 32 16
3204	19 29 14 41
3205	33 23 27 41
3206	46 36 29 20
3207	22 11 50 42
3208	38 26 5 35
3209	25 30 31 13
3210	22 3 24 32
3211	18 41 19 35
3212	9 13 10 37
3213	3 40 32 1
3214	27 37 13 15
3215	11 9 1 31
3216	33 27 30 16
3217	22 13 10 50
3218	48 32 30 37
3219	16 13 49 1
3220	37 11 22 40
3221	48 21 8 18
3222	43 14 28 32
3223	47 29 9 18
3224	13 10 14 37
3225	37 3 33 36
3226	41 6 31 20
3227	26 28 42 22
3228	17 19 24 40
3229	12 20 45 22
3230	16 50 22 24
3231	1 5 16 4
3232	37 42 17 18
3233	21 32 37 48
3234	36 44 32 37
3235	25 42 14 46
3236	26 49 38 10
3237	10 2 17 47
3238	31 48 4 25
3239	26 19 29 13
3240	39 23 27 14
3241	26 6 7 39
3242	12 20 39 13
3243	37 10 28 44
3244	49 39 15 28
3245	36 9 50 19
3246	21 40 45 12
3247	34 21 50 15
3248	1 6 41 8
3249	8 32 49 5
3250	43 39 41 29
3251	22 8 32 25
3252	1 19 33 17
3253	34 21 32 24
3254	12 6 13 36
3255	19 8 11 2
3256	33 34 10 47
3257	25 19 17 27
3258	7 47 21 41
3259	34 2 37 8
3260	46 14 15 42
3261	36 6 3 46
3262	6 47 9 27
3263	27 6 40 3
3264	46 32 39 5
3265	36 11 4 28
3266	43 22 14 36
3267	9 28 32 42
3268	48 14 26 42
3269	27 2 9 35
3270	9 12 40 44
3271	32 28 17 38
3272	20 7 1 18
3273	3 48 44 40
3274	27 21 33 36
3275	47 6 26 4
3276	43 39 14 38
3277	32 42 5 16
3278	48 47 36 35
3279	10 2 38 17
3280	17 7 30 25
3281	4 3 38 7
3282	11 13 28 49
3283	17 16 31 28
3284	21 38 50 49
3285	17 16 3 41
3286	50 17 32 12
3287	36 20 3 8
3288	50 43 23 34
3289	20 6 27 12
3290	50 11 42 47
3291	25 5 43 50
3292	19 41 6 46
3293	48 21 49 15
3294	44 5 46 28
3295	2 30 38 8
3296	32 43 11 38
3297	1 28 14 26
3298	10 42 50 26
3299	2 27 38 12
3300	11 23 43 37
3301	41 2 20 9
3302	46 29 10 6
3303	21 27 29 34
3304	40 5 24 28
3305	15 3 44 14
3306	40 39 14 3
3307	36 19 24 43
3308	10 40 14 30
3309	42 10 34 37
3310	43 13 1 27
3311	45 49 21 30
3312	2 28 43 22
3313	32 34 20 5
3314	24 23 43 47
3315	16 10 4 38
3316	15 3 9 34
3317	21 2 9 16
3318	37 12 15 27
3319	13 37 8 1
3320	36 12 33 31
3321	38 23 48 31
3322	12 42 11 8
3323	30 9 25 16
3324	4 40 19 8
3325	39 1 4 8
3326	24 20 17 13
3327	2 49 21 19
3328	1 5 45 20
3329	48 2 44 39
3330	20 18 21 50
3331	43 46 50 9
3332	50 41 2 8
3333	17 29 7 41
3334	25 2 7 14
3335	31 8 45 46
3336	31 42 40 39
3337	11 40 25 43
3338	42 20 10 31
3339	36 8 3 16
3340	23 39 15 13
3341	12 47 5 39
3342	3 25 45 28
3343	1 36 20 25
3344	15 23 5 30
3345	30 44 6 9
3346	29 39 50 47
3347	15 36 11 45
3348	33 1 18 6
3349	36 43 31 23
3350	22 50 40 19
3351	47 45 16 24
3352	38 48 33 27
3353	13 42 31 25
3354	16 11 19 8
3355	28 45 16 22
3356	34 44 27 3
3357	31 17 37 15
3358	39 21 16 15
3359	7 20 48 6
3360	23 45 25 27
3361	18 32 45 27
3362	2 34 6 49
3363	23 43 15 36
3364	40 48 7 39
3365	24 25 22 13
3366	38 13 45 15
3367	16 12 34 9
3368	47 33 9 50
3369	29 13 38 12
3370	15 34 46 41
3371	10 36 46 9
3372	40 16 10 41
3373	10 24 14 2
3374	1 21 22 2
3375	32 36 48 4
3376	18 2 30 13
3377	15 32 44 19
3378	9 32 36 29
3379	29 25 30 19
3380	32 27 40 6
3381	29 6 42 40
3382	14 34 20 2
3383	1 15 44 2
3384	16 21 34 27
3385	41 38 45 29
3386	26 30 49 47
3387	43 40 38 7
3388	16 25 8 47
3389	8 2 39 17
3390	3 15 35 37
3391	29 41 4 37
3392	31 39 37 30
3393	20 49 15 50
3394	2 13 25 12
3395	9 39 25 45
3396	11 2 49 33
3397	10 18 41 5
3398	20 19 15 25
3399	15 45 6 13
3400	10 17 41 14
3401	46 24 31 14
3402	32 22 43 20
3403	19 2 30 32
3404	45 28 7 26
3405	1 17 19 43
3406	6 1 42 8
3407	13 19 1 20
3408	34 39 9 28
3409	28 33 34 16
3410	35 17 25 5
3411	46 45 12 35
3412	16 31 47 7
3413	40 9 45 2
3414	45 36 40 33
3415	50 27 15 41
3416	19 47 35 32
3417	24 37 38 20
3418	48 30 33 1
3419	46 25 24 10
3420	40 17 19 1
3421	12 18 10 43
3422	29 50 32 15
3423	5 38 24 25
3424	5 14 34 17
3425	18 15 41 25
3426	27 49 34 46
3427	18 48 39 42
3428	3 11 9 32
3429	24 3 7 19
3430	10 35 29 46
3431	37 16 14 5
3432	33 41 17 15
3433	4 16 3 1
3434	44 33 46 31
3435	40 43 2 13
3436	10 5 35 24
3437	36 39 25 47
3438	16 17 9 18
3439	41 31 44 8
3440	50 46 33 5
3441	2 35 3 43
3442	10 29 26 46
3443	4 26 48 25
3444	42 5 29 12
3445	22 44 11 39
3446	50 4 38 27
3447	10 48 23 39
3448	29 42 48 31
3449	7 20 36 22
3450	18 36 40 5
3451	20 42 14 21
3452	27 22 43 36
3453	33 46 28 10
3454	14 45 46 11
3455	15 34 38 12
3456	22 42 27 16
3457	16 43 25 8
3458	14 6 30 32
3459	19 32 12 15
3460	32 24 33 48
3461	18 27 21 43
3462	7 29 23 48
3463	48 34 20 1
3464	10 41 44 18
3465	33 14 6 20
3466	2 24 32 33
3467	2 30 14 50
3468	26 10 22 7
3469	3 28 6 45
3470	10 40 47 11
3471	35 47 19 49
3472	21 13 41 35
3473	20 6 30 43
3474	39 28 12 40
3475	34 36 15 4
3476	26 45 32 50
3477	14 8 41 30
3478	38 45 36 46
3479	6 2 10 30
3480	39 34 5 37
3481	11 30 19 47
3482	25 44 6 3
3483	7 48 42 37
3484	41 48 14 29
3485	11 16 44 17
3486	31 19 36 6
3487	50 26 13 40
3488	2 34 37 40
3489	29 21 7 5
3490	46 28 14 9
3491	32 44 9 38
3492	4 20 2 29
3493	42 2 40 5
3494	1 9 15 34
3495	18 4 48 32
3496	34 15 37 35
3497	27 39 35 19
3498	17 10 48 50
3499	1 18 7 23
3500	39 33 47 29
3501	30 26 23 17
3502	12 14 11 46
3503	6 18 43 41
3504	26 50 7 18
3505	26 34 13 49
3506	1 32 15 23
3507	13 48 10 43
3508	50 9 5 7
3509	19 2 21 25
3510	19 37 3 20
3511	5 14 10 32
3512	2 8 25 10
3513	41 26 5 48
3514	27 29 26 20
3515	4 39 13 37
3516	23 22 36 19
3517	12 27 43 48
3518	28 10 22 20
3519	20 45 16 28
3520	18 13 30 37
3521	32 22 43 8
3522	33 30 10 48
3523	25 27 9 46
3524	21 19 6 50
3525	37 24 3 27
3526	42 35 14 26
3527	38 7 31 40
3528	50 32 30 44
3529	39 11 18 47
3530	5 9 32 48
3531	20 19 24 46
3532	25 38 21 17
3533	33 29 3 14
3534	43 49 32 28
3535	16 36 33 10
3536	47 44 50 18
3537	3 37 30 32
3538	11 14 18 41
3539	4 48 15 30
3540	41 48 27 28
3541	5 23 50 30
3542	22 10 15 48
3543	49 45 3 46
3544	20 2 32 4
3545	48 41 30 32
3546	37 20 28 9
3547	11 36 2 4
3548	10 42 37 44
3549	11 50 4 33
3550	4 27 11 9
3551	16 30 45 10
3552	7 46 34 49
3553	17 13 42 18
3554	23 42 3 9
3555	32 23 30 37
3556	11 9 23 25
3557	29 13 44 38
3558	46 18 13 15
3559	28 9 42 48
3560	28 13 45 14
3561	2 33 42 7
3562	47 24 37 40
3563	36 48 8 4
3564	23 22 8 38
3565	28 23 12 11
3566	11 17 50 16
3567	29 11 32 49
3568	38 19 1 41
3569	23 14 29 20
3570	50 42 7 29
3571	31 2 23 21
3572	28 39 45 1
3573	23 49 22 39
3574	35 3 27 26
3575	23 17 49 4
3576	7 37 15 1
3577	1 37 14 11
3578	12 9 21 23
3579	49 41 44 9
3580	43 3 15 23
3581	46 25 28 50
3582	20 3 37 25
3583	14 50 37 10
3584	35 25 9 8
3585	46 33 47 12
3586	24 50 30 9
3587	50 35 15 23
3588	15 10 1 22
3589	17 41 28 31
3590	14 4 23 26
3591	40 31 4 16
3592	16 30 33 15
3593	26 50 29 20
3594	45 12 24 8
3595	19 30 44 39
3596	25 43 1 33
3597	48 45 4 35
3598	20 29 44 14
3599	32 6 22 27
3600	49 38 17 9
3601	44 9 5 14
3602	48 50 43 4
3603	16 22 27 5
3604	30 19 24 25
3605	47 11 41 18
3606	8 33 34 50
3607	5 21 29 37
3608	17 3 10 43
3609	7 22 16 31
3610	46 15 33 27
3611	50 28 47 26
3612	8 23 21 27
3613	22 40 25 10
3614	9 45 7 38
3615	31 43 45 16
3616	16 49 14 43
3617	48 36 2 23
3618	36 49 44 10
3619	27 31 43 15
3620	3 11 41 43
3621	46 43 9 28
3622	35 7 11 28
3623	8 32 9 13
3624	36 20 23 7
3625	38 33 4 8
3626	45 34 33 6
3627	40 32 3 25
3628	50 17 7 42
3629	34 44 43 7
3630	41 44 8 35
3631	49 42 18 21
3632	38 45 26 9
3633	27 11 39 16
3634	19 44 18 3
3635	43 18 31 46
3636	43 36 19 33
3637	20 34 9 2
3638	37 28 2 1
3639	14 42 26 35
3640	16 1 29 35
3641	1 36 6 21
3642	33 26 5 31
3643	40 26 1 39
3644	38 25 9 13
3645	39 9 28 6
3646	19 30 31 2
3647	23 22 16 38
3648	18 41 8 27
3649	28 32 35 1
3650	30 39 8 34
3651	43 33 3 7
3652	32 24 6 49
3653	49 34 27 42
3654	39 15 21 3
3655	7 25 50 45
3656	36 49 13 9
3657	18 35 27 34
3658	50 31 15 41
3659	2 30 38 41
3660	33 15 30 14
3661	13 47 10 42
3662	12 42 8 7
3663	3 15 22 43
3664	11 2 40 19
3665	46 28 17 48
3666	47 10 7 4
3667	38 18 8 48
3668	47 8 27 45
3669	5 22 48 24
3670	15 17 7 1
3671	36 42 38 41
3672	50 23 38 36
3673	38 13 46 48
3674	41 50 13 6
3675	32 29 5 17
3676	9 37 17 30
3677	13 3 2 15
3678	43 11 29 37
3679	48 19 17 16
3680	15 25 21 7
3681	36 23 25 28
3682	49 25 9 3
3683	11 29 23 45
3684	36 12 39 31
3685	12 38 31 13
3686	23 32 10 14
3687	23 36 7 3
3688	36 10 22 15
3689	18 40 20 41
3690	22 5 23 17
3691	3 41 40 30
3692	43 12 21 25
3693	44 5 22 6
3694	27 28 20 44
3695	2 25 33 48
3696	2 13 18 29
3697	20 37 29 19
3698	17 33 12 22
3699	36 33 1 42
3700	31 35 50 47
3701	17 39 33 32
3702	20 17 31 36
3703	29 42 47 48
3704	47 36 22 28
3705	38 7 42 40
3706	8 20 26 14
3707	44 5 24 14
3708	47 26 19 1
3709	36 18 40 23
3710	9 23 6 21
3711	2 50 32 9
3712	23 8 28 18
3713	48 25 33 46
3714	31 50 42 46
3715	37 26 4 11
3716	10 11 25 19
3717	45 36 33 38
3718	5 32 18 22
3719	44 39 9 38
3720	31 49 12 17
3721	31 2 3 8
3722	5 19 26 27
3723	43 17 3 28
3724	37 41 38 47
3725	21 22 29 6
3726	19 24 3 32
3727	10 43 42 18
3728	23 13 22 16
3729	28 46 9 43
3730	1 27 30 49
3731	23 27 42 32
3732	19 40 14 44
3733	43 35 19 39
3734	10 49 2 23
3735	44 26 10 30
3736	18 13 44 29
3737	25 50 15 22
3738	50 6 45 10
3739	48 2 27 47
3740	15 41 37 2
3741	36 25 47 15
3742	49 27 46 4
3743	10 26 32 39
3744	22 42 34 19
3745	12 24 45 18
3746	19 44 37 22
3747	38 43 46 36
3748	21 36 6 35
3749	24 6 9 17
3750	21 49 31 33
3751	45 31 17 13
3752	10 15 25 29
3753	43 5 39 31
3754	45 26 18 16
3755	30 49 15 9
3756	13 3 16 49
3757	39 15 37 7
3758	8 32 7 45
3759	14 24 9 29
3760	3 13 24 27
3761	46 45 23 35
3762	37 24 43 50
3763	28 9 20 3
3764	15 38 26 22
3765	46 28 11 21
3766	38 2 27 22
3767	4 37 7 34
3768	23 40 42 21
3769	27 47 43 39
3770	32 16 13 46
3771	19 42 25 15
3772	29 30 18 41
3773	19 41 29 12
3774	27 50 28 44
3775	6 24 26 42
3776	1 20 27 8
3777	17 40 9 43
3778	36 19 44 50
3779	14 1 21 45
3780	30 41 5 13
3781	42 11 7 36
3782	49 36 39 20
3783	33 45 8 43
3784	44 1 50 11
3785	15 32 44 30
3786	15 26 46 49
3787	6 10 1 9
3788	32 33 46 19
3789	32 38 25 36
3790	17 40 50 15
3791	42 30 3 48
3792	26 47 43 41
3793	6 49 7 27
3794	19 29 41 35
3795	20 30 34 37
3796	11 50 21 34
3797	16 3 48 49
3798	27 32 46 11
3799	48 28 20 23
3800	43 32 45 40
3801	32 18 9 17
3802	11 9 45 42
3803	7 46 34 41
3804	44 38 17 13
3805	48 44 28 49
3806	28 42 20 40
3807	15 47 23 35
3808	7 47 39 27
3809	13 7 25 22
3810	47 5 24 40
3811	27 42 39 31
3812	12 1 28 49
3813	23 50 30 38
3814	28 18 15 37
3815	3 28 39 17
3816	29 44 28 3
3817	43 49 19 12
3818	12 42 34 7
3819	47 5 9 28
3820	2 37 43 30
3821	43 46 17 21
3822	46 32 25 2
3823	48 46 16 36
3824	20 44 1 6
3825	42 31 19 44
3826	39 22 29 1
3827	9 15 50 1
3828	14 34 23 45
3829	8 11 47 7
3830	4 36 27 8
3831	45 7 3 43
3832	5 33 1 44
3833	32 29 35 4
3834	40 23 49 10
3835	1 32 6 45
3836	41 7 17 45
3837	38 33 28 21
3838	17 34 8 5
3839	29 8 26 13
3840	28 47 4 50
3841	45 6 2 11
3842	50 32 23 42
3843	9 41 14 30
3844	9 44 4 35
3845	20 13 19 4
3846	5 39 22 50
3847	8 11 4 7
3848	5 41 18 34
3849	22 20 16 24
3850	46 32 6 30
3851	46 44 26 9
3852	31 48 40 14
3853	15 17 25 28
3854	23 46 38 5
3855	8 37 12 40
3856	24 30 49 32
3857	43 8 19 24
3858	34 43 4 12
3859	22 45 24 27
3860	36 46 41 48
3861	2 39 29 49
3862	17 45 21 44
3863	18 32 3 43
3864	46 50 43 40
3865	32 29 16 42
3866	47 4 6 1
3867	21 31 44 49
3868	35 21 11 24
3869	26 48 37 39
3870	6 4 1 21
3871	5 29 36 39
3872	4 2 24 28
3873	22 35 28 49
3874	36 15 47 18
3875	11 16 31 29
3876	46 49 16 38
3877	31 14 16 39
3878	27 13 28 6
3879	42 15 6 50
3880	10 50 31 47
3881	38 35 16 49
3882	2 1 17 4
3883	39 41 14 46
3884	37 20 16 22
3885	43 19 31 16
3886	47 29 18 35
3887	16 2 34 50
3888	8 47 7 10
3889	32 22 12 11
3890	9 25 14 17
3891	33 16 2 9
3892	28 42 45 18
3893	25 13 21 49
3894	6 4 25 29
3895	32 29 37 31
3896	20 46 32 12
3897	34 7 11 29
3898	38 33 29 42
3899	35 22 24 18
3900	27 50 10 46
3901	37 28 22 32
3902	32 19 11 33
3903	42 47 20 27
3904	8 50 48 37
3905	3 31 50 22
3906	20 32 19 15
3907	32 40 42 5
3908	11 42 23 4
3909	9 45 41 14
3910	5 47 15 1
3911	43 45 18 47
3912	38 35 18 39
3913	45 13 12 29
3914	50 3 14 41
3915	15 9 21 42
3916	45 20 23 32
3917	4 24 46 38
3918	28 24 46 20
3919	35 3 26 50
3920	21 30 40 5
3921	48 26 35 37
3922	16 15 14 46
3923	34 25 22 9
3924	42 6 46 40
3925	46 47 37 11
3926	10 9 30 35
3927	7 41 4 44
3928	47 37 50 43
3929	16 27 39 44
3930	35 28 24 22
3931	48 31 6 16
3932	30 26 42 16
3933	1 44 25 19
3934	33 11 7 29
3935	45 4 38 20
3936	19 46 9 23
3937	27 37 26 30
3938	10 31 47 38
3939	6 3 35 17
3940	8 31 46 44
3941	11 2 40 42
3942	14 44 50 9
3943	28 47 33 11
3944	30 47 14 29
3945	40 1 14 47
3946	15 50 38 33
3947	8 26 24 40
3948	27 32 45 15
3949	10 47 34 50
3950	32 14 39 16
3951	4 44 16 30
3952	46 4 39 1
3953	23 31 42 12
3954	36 13 23 43
3955	20 40 50 45
3956	20 16 42 34
3957	41 9 25 24
3958	15 24 1 3
3959	31 16 17 36
3960	9 10 37 50
3961	15 3 32 10
3962	44 33 18 6
3963	11 32 27 23
3964	38 48 11 4
3965	46 7 13 24
3966	47 10 50 31
3967	28 16 35 48
3968	45 47 27 22
3969	16 13 39 17
3970	46 35 22 8
3971	46 25 18 42
3972	45 46 50 29
3973	31 17 46 12
3974	26 32 28 2
3975	21 1 3 36
3976	7 30 18 44
3977	31 13 39 46
3978	3 48 30 13
3979	12 6 50 34
3980	38 48 35 34
3981	15 29 31 4
3982	44 10 38 13
3983	35 11 29 6
3984	49 21 30 16
3985	2 34 4 48
3986	21 23 26 18
3987	31 6 18 44
3988	15 12 31 4
3989	49 25 11 23
3990	49 2 30 29
3991	27 8 29 3
3992	40 10 20 8
3993	40 1 43 7
3994	30 48 43 28
3995	40 34 6 39
3996	37 42 41 22
3997	19 9 31 37
3998	30 28 17 50
3999	17 49 28 42
4000	19 41 44 29
4001	29 28 21 2
4002	4 8 21 22
4003	3 17 37 41
4004	27 5 32 3
4005	6 30 50 19
4006	43 5 22 15
4007	35 49 46 48
4008	21 11 28 25
4009	45 48 36 42
4010	29 5 26 25
4011	35 9 37 30
4012	43 20 10 47
4013	38 46 36 15
4014	41 29 40 36
4015	16 30 26 9
4016	14 4 15 1
4017	2 16 1 8
4018	25 23 40 48
4019	19 3 6 37
4020	3 46 36 31
4021	17 2 39 49
4022	34 7 17 14
4023	21 17 40 37
4024	1 28 5 40
4025	5 4 45 18
4026	21 13 30 22
4027	28 49 35 6
4028	21 24 12 2
4029	42 21 49 41
4030	7 4 47 19
4031	13 27 23 12
4032	47 42 14 32
4033	39 15 40 4
4034	24 45 12 20
4035	50 48 30 27
4036	1 16 26 38
4037	20 16 40 10
4038	44 38 19 47
4039	16 1 49 19
4040	32 45 43 26
4041	33 31 14 6
4042	23 40 15 48
4043	15 4 1 13
4044	35 41 47 13
4045	21 32 34 4
4046	20 33 9 22
4047	5 7 1 2
4048	25 20 49 37
4049	9 5 14 31
4050	31 40 37 45
4051	45 4 23 41
4052	34 12 44 7
4053	35 39 30 22
4054	28 42 16 50
4055	29 19 44 13
4056	36 29 45 33
4057	31 33 8 11
4058	43 6 21 31
4059	22 25 21 3
4060	42 48 1 40
4061	16 23 18 37
4062	3 5 31 32
4063	10 41 7 31
4064	6 48 47 21
4065	19 10 38 21
4066	16 15 35 26
4067	24 41 30 12
4068	28 33 46 11
4069	44 5 49 1
4070	12 40 18 10
4071	28 48 14 2
4072	23 42 29 7
4073	2 46 41 24
4074	20 50 21 37
4075	38 14 43 4
4076	23 43 2 6
4077	35 38 30 24
4078	18 37 42 40
4079	30 46 45 14
4080	17 32 30 31
4081	4 23 47 20
4082	13 27 42 34
4083	13 11 15 8
4084	1 35 3 9
4085	43 19 18 21
4086	40 34 46 27
4087	29 24 8 32
4088	43 5 25 15
4089	26 6 48 2
4090	4 36 45 15
4091	12 36 40 8
4092	42 30 18 36
4093	24 37 44 28
4094	32 50 1 15
4095	10 45 4 13
4096	2 49 30 6
4097	47 22 12 3
4098	47 33 26 2
4099	17 33 28 8
4100	44 19 17 35
4101	38 46 10 33
4102	20 22 39 9
4103	21 7 13 33
4104	12 5 42 17
4105	21 22 43 48
4106	17 30 20 47
4107	27 18 22 24
4108	8 7 33 9
4109	40 22 39 5
4110	46 45 10 25
4111	13 17 50 25
4112	47 4 25 33
4113	42 22 37 17
4114	41 37 11 26
4115	26 38 48 42
4116	36 40 37 10
4117	34 44 5 24
4118	12 42 1 43
4119	11 35 12 44
4120	15 13 45 7
4121	49 38 18 11
4122	4 45 38 22
4123	19 38 13 1
4124	29 41 6 8
4125	43 13 12 1
4126	32 9 49 13
4127	25 42 13 14
4128	36 23 44 3
4129	41 50 15 38
4130	47 15 45 31
4131	24 10 38 2
4132	5 20 26 9
4133	6 3 27 39
4134	47 21 9 14
4135	24 20 7 17
4136	45 44 10 35
4137	5 9 19 14
4138	15 25 18 31
4139	25 20 48 36
4140	13 5 50 14
4141	2 37 32 15
4142	38 16 50 4
4143	11 39 4 36
4144	50 46 28 32
4145	34 10 42 38
4146	27 5 50 21
4147	2 26 10 11
4148	39 41 27 45
4149	24 38 23 34
4150	45 16 14 22
4151	46 14 42 12
4152	4 25 45 11
4153	5 4 32 29
4154	14 25 31 49
4155	7 25 21 47
4156	17 23 12 50
4157	31 9 8 19
4158	50 39 19 20
4159	6 26 3 23
4160	26 28 24 2
4161	31 23 12 20
4162	35 6 36 23
4163	47 39 4 7
4164	20 37 49 44
4165	18 42 20 6
4166	16 1 36 50
4167	32 50 44 17
4168	42 2 24 38
4169	44 12 10 23
4170	10 42 45 11
4171	26 39 42 36
4172	40 1 33 7
4173	26 6 30 42
4174	47 3 10 7
4175	49 15 48 47
4176	35 48 5 18
4177	10 50 38 22
4178	10 21 42 34
4179	43 29 23 6
4180	36 23 31 30
4181	8 27 11 21
4182	46 23 1 17
4183	50 15 37 35
4184	19 10 34 27
4185	18 41 42 2
4186	28 30 41 33
4187	35 24 1 19
4188	8 14 15 7
4189	42 33 4 7
4190	43 24 9 28
4191	14 5 41 17
4192	31 44 20 4
4193	1 45 42 20
4194	19 25 37 24
4195	44 30 19 9
4196	10 34 15 3
4197	46 22 32 34
4198	21 8 11 5
4199	17 42 8 19
4200	27 33 37 50
4201	9 16 40 20
4202	35 29 32 20
4203	40 31 27 37
4204	44 22 37 21
4205	26 30 41 36
4206	47 23 5 31
4207	2 33 25 8
4208	30 32 12 26
4209	13 16 15 11
4210	7 23 42 50
4211	39 12 3 11
4212	33 19 23 38
4213	8 48 44 17
4214	18 35 45 2
4215	40 29 34 13
4216	21 45 6 1
4217	46 50 15 47
4218	44 7 3 11
4219	31 28 36 23
4220	8 14 31 41
4221	41 8 24 7
4222	30 15 17 8
4223	33 5 12 43
4224	2 19 9 14
4225	17 31 30 40
4226	5 25 15 31
4227	29 23 28 26
4228	18 49 37 27
4229	28 25 42 9
4230	25 29 14 18
4231	36 2 10 48
4232	38 28 39 48
4233	25 12 31 34
4234	38 29 41 28
4235	38 17 47 4
4236	18 27 41 4
4237	43 7 32 23
4238	26 30 12 22
4239	1 20 14 2
4240	15 24 23 11
4241	33 2 23 44
4242	1 15 40 7
4243	12 31 32 23
4244	25 16 32 20
4245	2 37 34 25
4246	19 42 11 23
4247	1 39 9 8
4248	33 50 34 12
4249	19 17 33 25
4250	21 15 43 27
4251	33 44 1 20
4252	39 12 47 35
4253	36 1 15 43
4254	29 32 25 35
4255	48 32 50 34
4256	14 30 46 11
4257	48 3 12 14
4258	9 44 26 46
4259	32 33 34 36
4260	32 39 7 19
4261	11 21 44 38
4262	39 50 42 31
4263	34 18 12 47
4264	20 32 26 9
4265	33 34 25 44
4266	15 50 43 47
4267	16 34 6 27
4268	3 27 7 4
4269	21 6 30 28
4270	7 47 49 25
4271	13 27 33 39
4272	49 5 37 39
4273	3 27 11 39
4274	1 36 45 29
4275	45 50 18 3
4276	48 44 34 22
4277	39 29 19 1
4278	4 37 45 20
4279	42 6 38 47
4280	28 42 23 46
4281	9 4 38 17
4282	27 17 33 21
4283	9 17 18 19
4284	44 36 19 7
4285	1 31 2 47
4286	23 16 24 20
4287	21 39 6 35
4288	1 41 5 31
4289	34 1 8 13
4290	8 28 42 20
4291	15 27 2 32
4292	46 38 31 28
4293	44 20 42 46
4294	46 20 10 13
4295	2 32 8 45
4296	42 24 3 32
4297	11 44 30 45
4298	39 16 23 28
4299	14 20 16 26
4300	20 11 6 33
4301	33 48 25 26
4302	24 28 15 45
4303	49 25 32 14
4304	26 33 35 49
4305	1 39 9 48
4306	13 15 1 22
4307	13 15 45 22
4308	9 17 49 6
4309	41 26 49 37
4310	42 15 2 1
4311	45 47 6 27
4312	36 18 11 40
4313	17 13 30 5
4314	43 28 21 24
4315	28 38 20 42
4316	6 2 42 16
4317	15 40 11 46
4318	27 45 11 47
4319	3 34 29 48
4320	49 10 17 36
4321	30 24 27 9
4322	39 4 38 20
4323	16 10 9 11
4324	40 45 33 42
4325	46 45 4 21
4326	49 16 22 40
4327	6 35 17 44
4328	28 47 26 21
4329	28 50 24 27
4330	16 47 10 29
4331	36 22 23 15
4332	32 24 21 46
4333	34 41 36 17
4334	45 22 36 2
4335	6 29 43 36
4336	39 3 8 25
4337	22 17 36 21
4338	33 48 22 14
4339	23 28 4 38
4340	40 39 34 23
4341	1 4 9 24
4342	49 30 20 3
4343	3 35 42 2
4344	9 3 17 46
4345	10 33 14 39
4346	33 35 30 28
4347	20 9 31 38
4348	6 17 18 41
4349	48 13 4 36
4350	38 25 20 5
4351	3 43 2 45
4352	9 42 18 3
4353	49 19 29 42
4354	33 17 26 9
4355	46 30 39 21
4356	33 41 42 15
4357	30 14 12 22
4358	6 34 12 17
4359	13 25 30 46
4360	47 3 14 12
4361	16 39 23 21
4362	31 6 46 7
4363	43 33 41 27
4364	46 5 47 21
4365	21 6 27 11
4366	1 37 40 34
4367	14 1 10 4
4368	19 38 49 50
4369	2 15 26 38
4370	10 25 13 48
4371	23 44 32 41
4372	2 50 39 4
4373	22 4 26 45
4374	7 6 26 17
4375	28 37 29 11
4376	33 4 13 11
4377	28 8 24 7
4378	47 10 8 32
4379	15 32 1 40
4380	43 14 16 49
4381	37 38 11 28
4382	3 15 10 9
4383	33 10 15 40
4384	44 20 1 34
4385	13 14 26 17
4386	38 43 20 42
4387	16 43 24 46
4388	23 50 22 7
4389	42 9 47 10
4390	38 35 43 17
4391	40 6 41 19
4392	12 29 27 46
4393	3 43 46 5
4394	7 22 44 8
4395	34 45 20 13
4396	31 15 20 37
4397	38 32 17 30
4398	8 47 12 11
4399	10 3 43 49
4400	45 16 19 46
4401	46 6 13 34
4402	6 36 49 25
4403	30 17 6 4
4404	41 22 46 7
4405	8 15 3 34
4406	43 3 29 18
4407	30 1 5 34
4408	28 31 19 8
4409	25 50 9 49
4410	11 45 1 50
4411	24 41 34 38
4412	49 8 30 5
4413	37 28 21 15
4414	47 28 43 50
4415	44 22 47 36
4416	6 18 40 1
4417	27 46 1 6
4418	15 32 40 18
4419	10 26 18 42
4420	23 10 42 37
4421	33 5 27 2
4422	48 20 50 18
4423	9 25 48 37
4424	19 18 38 25
4425	5 10 19 40
4426	13 38 19 12
4427	15 8 40 38
4428	26 36 30 42
4429	23 37 29 8
4430	47 27 37 29
4431	25 24 42 15
4432	17 30 11 9
4433	22 50 28 40
4434	15 37 9 50
4435	27 46 47 1
4436	45 15 46 49
4437	7 47 18 28
4438	46 3 5 25
4439	18 8 16 40
4440	49 4 9 48
4441	30 23 38 17
4442	17 49 31 34
4443	17 13 7 38
4444	38 19 33 8
4445	30 34 21 41
4446	32 11 7 31
4447	7 27 32 31
4448	28 34 2 6
4449	41 48 39 34
4450	18 44 46 39
4451	25 11 4 13
4452	5 27 35 12
4453	13 19 32 15
4454	49 48 47 13
4455	14 9 50 46
4456	35 12 9 47
4457	33 26 50 40
4458	39 50 22 15
4459	25 33 48 17
4460	13 29 31 28
4461	44 7 12 5
4462	5 1 8 41
4463	47 26 50 21
4464	41 19 39 10
4465	24 31 36 47
4466	11 40 26 23
4467	31 8 45 22
4468	9 35 31 44
4469	20 6 27 26
4470	18 28 6 40
4471	33 23 48 5
4472	47 30 42 10
4473	45 3 43 10
4474	5 19 15 36
4475	13 1 17 27
4476	32 6 29 9
4477	21 45 23 12
4478	6 50 2 32
4479	20 35 40 6
4480	12 33 4 45
4481	40 38 24 12
4482	31 43 20 32
4483	3 18 23 35
4484	20 13 16 34
4485	17 9 16 8
4486	40 17 34 7
4487	35 3 24 8
4488	6 28 41 45
4489	21 48 17 13
4490	46 19 50 14
4491	11 42 9 8
4492	43 36 37 22
4493	2 35 45 34
4494	4 17 28 49
4495	3 33 1 21
4496	45 18 17 27
4497	9 34 37 24
4498	7 1 48 25
4499	41 22 4 39
4500	14 25 1 5
4501	36 39 37 5
4502	6 40 41 36
4503	15 25 23 38
4504	4 8 20 49
4505	38 22 47 32
4506	13 27 32 48
4507	32 2 38 50
4508	37 5 21 36
4509	42 50 44 20
4510	39 41 26 43
4511	33 15 17 3
4512	15 31 25 37
4513	34 27 29 21
4514	28 6 26 7
4515	30 49 27 13
4516	27 45 43 24
4517	30 34 25 33
4518	50 31 39 34
4519	40 5 39 41
4520	36 5 38 40
4521	25 9 8 47
4522	48 5 44 49
4523	11 35 12 3
4524	37 14 17 12
4525	7 47 36 48
4526	15 6 9 42
4527	5 8 31 10
4528	5 33 23 45
4529	34 1 6 27
4530	44 38 7 22
4531	16 1 30 49
4532	37 50 16 48
4533	31 49 40 13
4534	24 46 42 40
4535	20 27 29 31
4536	41 40 21 13
4537	38 11 45 5
4538	35 4 16 46
4539	25 27 17 13
4540	31 9 17 38
4541	24 18 29 4
4542	48 42 2 22
4543	44 17 30 9
4544	22 16 6 29
4545	47 32 49 1
4546	17 8 23 19
4547	36 3 48 16
4548	25 29 46 22
4549	29 24 25 49
4550	6 50 34 29
4551	1 16 49 24
4552	14 40 50 38
4553	21 29 22 38
4554	27 47 7 30
4555	6 50 33 29
4556	47 3 29 23
4557	13 16 46 2
4558	44 19 39 46
4559	24 44 9 7
4560	13 50 31 30
4561	29 31 13 28
4562	32 16 25 22
4563	29 12 10 13
4564	49 32 21 39
4565	21 48 30 45
4566	11 42 30 3
4567	18 30 39 34
4568	4 12 11 20
4569	10 5 37 8
4570	22 41 47 1
4571	43 34 50 9
4572	16 46 43 31
4573	9 46 13 37
4574	48 33 13 7
4575	18 44 39 30
4576	26 48 30 47
4577	37 24 4 13
4578	6 41 42 17
4579	44 26 16 3
4580	37 44 29 21
4581	48 18 26 20
4582	38 47 44 23
4583	49 17 8 13
4584	3 23 22 15
4585	16 43 18 35
4586	49 32 7 24
4587	11 1 2 21
4588	49 8 39 27
4589	50 3 39 46
4590	31 35 47 13
4591	45 3 2 47
4592	16 20 33 43
4593	16 30 46 25
4594	25 48 43 37
4595	36 48 50 16
4596	21 22 42 17
4597	30 3 40 46
4598	22 25 32 45
4599	1 24 41 40
4600	32 11 18 26
4601	20 36 1 18
4602	19 20 27 30
4603	22 41 23 37
4604	1 6 44 31
4605	13 29 7 38
4606	38 14 17 23
4607	37 14 9 39
4608	37 2 48 30
4609	49 10 8 15
4610	37 2 28 16
4611	4 33 16 18
4612	16 25 32 37
4613	38 15 28 49
4614	12 4 42 6
4615	45 26 31 14
4616	12 18 13 2
4617	1 16 41 20
4618	14 9 37 23
4619	42 29 14 22
4620	9 19 30 24
4621	13 6 27 29
4622	31 5 35 42
4623	9 23 22 21
4624	22 43 41 12
4625	5 29 6 45
4626	29 40 47 15
4627	26 22 50 11
4628	47 49 35 17
4629	4 22 36 18
4630	17 14 50 34
4631	34 50 49 23
4632	34 28 19 17
4633	19 10 42 26
4634	19 2 23 33
4635	45 20 33 11
4636	29 32 18 49
4637	43 11 4 29
4638	45 16 33 32
4639	43 31 19 23
4640	15 37 3 16
4641	10 14 12 5
4642	24 31 26 28
4643	36 32 15 18
4644	49 43 41 36
4645	16 21 4 42
4646	44 3 14 22
4647	14 33 46 18
4648	26 31 47 13
4649	20 44 49 6
4650	10 31 25 1
4651	11 4 10 40
4652	30 35 39 40
4653	25 24 39 14
4654	6 21 34 33
4655	18 24 9 22
4656	33 18 23 15
4657	41 29 30 49
4658	50 12 1 22
4659	23 18 46 13
4660	36 38 13 45
4661	8 24 39 46
4662	16 27 49 23
4663	25 30 43 13
4664	19 37 39 13
4665	20 26 24 13
4666	42 9 44 49
4667	19 20 8 26
4668	43 29 22 46
4669	21 6 14 15
4670	46 3 23 48
4671	13 12 39 8
4672	14 10 1 29
4673	40 42 20 30
4674	24 36 31 19
4675	41 22 30 47
4676	22 25 10 18
4677	49 44 28 37
4678	46 49 13 31
4679	22 26 21 36
4680	9 28 24 16
4681	42 30 4 10
4682	8 48 10 16
4683	4 40 39 49
4684	8 6 38 26
4685	32 46 17 22
4686	42 28 26 10
4687	26 9 24 38
4688	37 50 17 30
4689	48 10 14 31
4690	44 15 45 29
4691	47 16 12 43
4692	9 22 32 41
4693	10 29 37 44
4694	5 46 18 20
4695	32 1 8 44
4696	22 21 31 19
4697	46 48 9 16
4698	28 12 25 13
4699	20 44 37 13
4700	6 8 22 39
4701	18 31 28 23
4702	35 17 22 24
4703	38 44 37 33
4704	26 16 5 10
4705	43 12 3 45
4706	46 36 1 24
4707	1 32 14 47
4708	46 38 3 27
4709	2 10 47 15
4710	13 10 26 2
4711	26 13 41 44
4712	4 5 10 37
4713	12 29 7 37
4714	23 12 10 6
4715	23 4 11 12
4716	18 7 27 1
4717	37 33 15 8
4718	26 21 5 8
4719	24 14 16 25
4720	28 5 32 41
4721	30 7 39 6
4722	42 32 45 27
4723	25 41 4 17
4724	4 48 24 26
4725	43 38 25 5
4726	27 10 29 4
4727	49 24 19 9
4728	44 35 3 24
4729	43 26 45 1
4730	29 15 18 26
4731	30 19 26 17
4732	16 40 23 11
4733	28 36 38 33
4734	9 18 29 27
4735	23 35 32 11
4736	47 43 40 5
4737	8 1 30 39
4738	29 11 25 19
4739	2 33 32 26
4740	44 50 42 46
4741	23 25 5 44
4742	27 47 29 15
4743	49 24 11 7
4744	26 32 16 38
4745	34 27 39 33
4746	14 29 19 22
4747	28 11 27 45
4748	41 4 5 20
4749	11 26 40 19
4750	5 45 14 46
4751	26 7 46 24
4752	42 31 17 39
4753	9 22 19 36
4754	6 14 29 7
4755	39 34 47 37
4756	7 6 35 21
4757	43 35 7 26
4758	21 25 22 20
4759	24 27 18 36
4760	40 3 14 32
4761	31 48 39 13
4762	35 14 33 40
4763	33 30 1 39
4764	44 40 33 25
4765	28 13 30 12
4766	4 9 16 8
4767	40 17 30 4
4768	46 26 4 9
4769	45 3 40 39
4770	9 47 45 26
4771	44 3 38 17
4772	30 34 29 16
4773	37 50 36 5
4774	8 6 36 44
4775	36 29 43 30
4776	43 21 46 22
4777	31 22 48 26
4778	15 38 32 22
4779	6 23 31 28
4780	43 19 45 47
4781	47 10 42 23
4782	10 2 29 28
4783	1 36 43 35
4784	9 28 45 23
4785	13 11 36 32
4786	26 14 40 35
4787	33 7 24 14
4788	49 20 6 32
4789	38 22 13 42
4790	26 23 33 16
4791	13 42 9 31
4792	45 49 13 38
4793	13 41 42 44
4794	6 3 28 8
4795	14 10 17 13
4796	27 43 19 45
4797	23 47 11 37
4798	1 33 29 19
4799	43 6 14 2
4800	18 38 44 22
4801	18 5 39 26
4802	7 11 33 39
4803	32 6 15 38
4804	9 12 7 4
4805	19 4 29 9
4806	20 21 39 2
4807	45 7 11 4
4808	25 9 46 26
4809	49 7 29 35
4810	30 42 40 15
4811	15 31 50 26
4812	27 22 34 47
4813	27 8 48 17
4814	4 42 35 19
4815	26 17 34 33
4816	15 9 19 45
4817	34 2 29 30
4818	11 14 21 25
4819	13 21 15 20
4820	28 49 20 31
4821	25 20 43 33
4822	5 31 27 30
4823	40 25 23 50
4824	12 29 33 19
4825	10 34 9 45
4826	9 45 8 30
4827	1 32 50 6
4828	30 2 24 13
4829	2 26 18 19
4830	37 4 41 19
4831	1 36 28 47
4832	46 3 16 24
4833	7 38 16 45
4834	46 38 23 8
4835	34 15 1 16
4836	25 36 35 1
4837	4 46 27 3
4838	21 10 45 34
4839	35 48 47 26
4840	20 48 24 38
4841	32 2 22 28
4842	47 5 46 25
4843	5 7 43 48
4844	23 29 37 30
4845	44 22 24 27
4846	16 36 11 34
4847	16 43 11 22
4848	31 35 50 42
4849	48 14 34 31
4850	39 47 30 24
4851	42 8 17 35
4852	49 30 2 19
4853	34 35 45 11
4854	33 3 5 42
4855	9 34 14 2
4856	1 43 29 44
4857	49 8 26 24
4858	48 21 23 19
4859	6 39 18 36
4860	28 32 10 50
4861	43 11 1 23
4862	22 23 16 12
4863	4 11 9 47
4864	41 36 24 31
4865	33 43 21 37
4866	24 42 30 39
4867	30 50 24 25
4868	21 48 42 30
4869	39 20 38 29
4870	18 9 24 49
4871	29 28 13 49
4872	25 15 4 20
4873	41 6 46 20
4874	26 49 23 41
4875	6 36 7 42
4876	42 43 50 44
4877	28 29 32 1
4878	5 10 26 38
4879	13 25 11 2
4880	18 9 3 40
4881	41 22 8 1
4882	5 23 41 22
4883	20 8 2 33
4884	34 36 2 6
4885	4 38 12 13
4886	9 14 15 27
4887	33 26 5 27
4888	14 10 40 39
4889	40 28 10 32
4890	28 2 39 35
4891	26 18 20 23
4892	12 31 22 32
4893	35 1 5 24
4894	40 28 21 45
4895	36 31 45 12
4896	14 45 10 18
4897	14 30 5 44
4898	31 3 26 29
4899	26 21 20 50
4900	5 32 38 44
4901	24 1 25 3
4902	19 48 25 31
4903	8 13 22 10
4904	16 3 39 14
4905	27 23 25 16
4906	17 21 42 4
4907	27 33 43 19
4908	37 46 41 4
4909	16 24 45 31
4910	21 26 11 25
4911	21 47 2 30
4912	26 30 33 3
4913	5 41 20 43
4914	4 19 12 50
4915	12 24 46 44
4916	9 25 20 12
4917	21 17 50 28
4918	4 44 17 30
4919	38 19 6 16
4920	44 14 50 1
4921	3 9 17 12
4922	17 45 12 3
4923	4 1 3 29
4924	41 26 8 32
4925	49 5 36 8
4926	25 46 6 21
4927	16 41 13 30
4928	27 29 49 43
4929	21 34 38 27
4930	26 13 34 48
4931	3 44 24 28
4932	19 34 24 17
4933	8 36 15 20
4934	11 45 20 7
4935	35 19 14 28
4936	12 44 32 19
4937	47 5 19 3
4938	12 14 38 45
4939	20 22 8 2
4940	26 42 20 48
4941	8 24 33 26
4942	5 8 9 28
4943	48 20 39 22
4944	44 13 36 10
4945	45 22 25 15
4946	7 29 13 41
4947	30 6 25 48
4948	30 17 16 24
4949	46 19 44 27
4950	48 3 20 8
4951	38 17 1 27
4952	36 38 23 33
4953	40 45 1 41
4954	12 43 40 41
4955	5 16 3 26
4956	48 13 27 43
4957	13 37 26 38
4958	20 6 50 11
4959	30 6 21 45
4960	34 20 25 33
4961	9 10 20 16
4962	49 10 43 38
4963	13 34 28 50
4964	1 43 29 38
4965	39 16 42 28
4966	2 6 32 38
4967	29 22 42 45
4968	37 35 6 28
4969	31 18 1 16
4970	23 28 1 18
4971	48 32 33 35
4972	44 22 1 9
4973	10 9 12 16
4974	2 47 33 15
4975	22 25 44 29
4976	40 10 48 29
4977	8 28 38 37
4978	17 18 13 10
4979	42 41 22 2
4980	20 24 35 10
4981	21 22 2 39
4982	41 47 1 12
4983	32 39 33 16
4984	7 33 34 9
4985	28 21 15 24
4986	19 16 30 50
4987	11 17 6 37
4988	7 4 8 48
4989	4 8 19 46
4990	14 23 48 47
4991	13 2 47 41
4992	17 10 50 5
4993	24 17 38 44
4994	9 47 42 36
4995	19 36 8 12
4996	27 45 15 19
4997	31 46 30 42
4998	38 45 33 9
4999	30 3 42 39
5000	6 12 38 20
5001	25 17 26 36
5002	40 42 50 49
5003	5 50 23 2
5004	50 14 39 44
5005	5 27 1 13
5006	46 42 16 15
5007	18 20 4 32
5008	41 38 15 48
5009	50 19 25 26
5010	27 20 8 12
5011	36 50 15 8
5012	49 39 41 18
5013	5 9 21 34
5014	45 8 47 14
5015	23 44 14 48
5016	36 9 35 29
5017	32 34 12 20
5018	13 34 31 49
5019	9 20 32 43
5020	2 48 19 27
5021	46 9 45 35
5022	46 15 37 10
5023	18 50 7 20
5024	8 21 7 30
5025	42 9 48 3
5026	6 40 44 12
5027	18 7 25 22
5028	48 1 34 23
5029	45 35 4 14
5030	32 10 48 7
5031	17 37 2 29
5032	13 20 43 38
5033	30 20 1 32
5034	1 16 44 4
5035	1 40 25 16
5036	48 8 34 28
5037	42 17 29 45
5038	48 4 20 50
5039	28 24 47 25
5040	12 8 42 48
5041	46 12 33 38
5042	16 43 2 10
5043	13 15 12 39
5044	30 9 33 23
5045	43 13 27 44
5046	26 22 33 24
5047	50 6 19 5
5048	12 36 41 39
5049	5 10 4 37
5050	40 50 14 45
5051	15 50 26 20
5052	27 49 45 37
5053	35 37 46 32
5054	11 20 21 46
5055	4 43 44 45
5056	22 46 11 7
5057	46 31 9 39
5058	6 46 7 18
5059	14 4 29 12
5060	26 16 2 27
5061	14 26 42 16
5062	33 14 10 9
5063	47 40 36 45
5064	2 1 4 34
5065	15 23 43 35
5066	9 1 35 8
5067	38 27 28 26
5068	27 40 25 1
5069	27 50 24 5
5070	25 43 3 7
5071	9 1 21 2
5072	34 48 46 37
5073	19 25 44 28
5074	19 5 25 37
5075	9 18 8 6
5076	10 17 37 41
5077	2 34 20 1
5078	42 26 50 3
5079	50 42 33 13
5080	25 1 46 36
5081	19 32 33 34
5082	5 17 20 39
5083	32 48 43 35
5084	27 32 1 35
5085	29 8 33 38
5086	14 49 15 41
5087	47 41 38 14
5088	26 11 3 5
5089	42 27 30 39
5090	1 19 11 49
5091	38 47 46 32
5092	6 27 15 17
5093	29 35 8 39
5094	15 13 27 2
5095	27 47 4 42
5096	47 19 21 42
5097	14 11 46 48
5098	37 40 4 15
5099	40 43 22 35
5100	50 42 40 22
5101	33 13 11 4
5102	14 20 15 1
5103	25 2 38 4
5104	15 45 14 24
5105	39 32 6 40
5106	28 7 33 31
5107	23 45 26 20
5108	31 49 36 4
5109	26 7 34 23
5110	23 20 17 27
5111	19 38 30 4
5112	11 47 20 29
5113	22 37 18 2
5114	1 4 21 37
5115	39 17 7 5
5116	11 38 34 43
5117	15 50 35 47
5118	19 7 12 2
5119	2 11 43 25
5120	29 33 7 41
5121	29 16 17 1
5122	13 16 37 20
5123	10 34 16 41
5124	42 47 2 40
5125	19 48 14 4
5126	5 49 20 42
5127	19 24 39 11
5128	9 25 39 4
5129	10 1 12 44
5130	14 45 43 42
5131	50 24 13 45
5132	6 46 18 2
5133	31 29 37 12
5134	10 21 23 35
5135	20 49 41 27
5136	41 6 40 42
5137	2 28 42 47
5138	20 44 6 28
5139	31 33 45 49
5140	1 45 14 26
5141	7 36 16 30
5142	27 23 4 35
5143	28 2 25 23
5144	27 41 6 37
5145	36 14 34 27
5146	29 42 15 18
5147	18 6 23 28
5148	23 48 22 50
5149	12 7 20 11
5150	42 44 11 9
5151	41 15 22 16
5152	3 39 36 44
5153	39 2 25 16
5154	2 36 49 33
5155	10 4 3 44
5156	24 39 49 17
5157	39 28 5 34
5158	22 24 26 8
5159	36 49 39 13
5160	18 38 21 2
5161	1 37 36 18
5162	36 11 23 24
5163	3 24 15 32
5164	26 13 12 35
5165	41 6 36 40
5166	20 22 4 8
5167	31 25 39 4
5168	13 17 24 44
5169	50 2 4 45
5170	13 12 28 31
5171	17 43 47 15
5172	37 23 28 11
5173	13 10 33 42
5174	12 5 35 36
5175	49 15 37 22
5176	9 47 41 6
5177	25 40 15 30
5178	30 45 16 20
5179	40 48 29 24
5180	25 28 18 15
5181	4 2 43 17
5182	8 27 42 40
5183	28 7 24 47
5184	37 7 48 18
5185	36 29 42 20
5186	12 38 4 15
5187	47 2 12 22
5188	34 45 28 11
5189	3 50 40 46
5190	20 49 3 1
5191	40 23 45 16
5192	6 48 39 23
5193	4 40 20 18
5194	33 10 46 34
5195	43 17 40 25
5196	34 24 3 26
5197	44 14 22 42
5198	12 22 34 5
5199	3 27 26 21
5200	19 10 4 1
5201	16 6 41 14
5202	5 6 48 20
5203	29 14 2 21
5204	10 35 12 38
5205	18 7 39 22
5206	24 30 34 14
5207	33 47 43 16
5208	21 3 46 4
5209	22 17 21 5
5210	15 10 13 34
5211	9 17 26 12
5212	3 30 22 43
5213	30 50 10 3
5214	1 36 40 42
5215	48 38 14 37
5216	20 34 39 4
5217	35 5 9 42
5218	38 23 17 12
5219	41 42 30 28
5220	21 35 32 31
5221	18 38 11 45
5222	14 42 10 12
5223	21 22 2 13
5224	25 39 20 18
5225	40 48 12 29
5226	1 49 9 45
5227	31 34 9 39
5228	24 27 43 33
5229	35 27 50 11
5230	2 32 29 3
5231	30 45 46 31
5232	32 19 1 27
5233	27 43 42 34
5234	48 18 15 16
5235	32 12 31 38
5236	6 39 23 44
5237	35 36 32 10
5238	27 39 20 5
5239	22 36 45 26
5240	3 17 8 22
5241	11 43 13 19
5242	27 24 22 40
5243	18 37 35 36
5244	19 21 32 33
5245	6 34 47 32
5246	21 6 7 31
5247	20 47 12 4
5248	31 43 9 28
5249	45 26 30 37
5250	29 37 20 33
5251	7 37 1 47
5252	31 23 33 12
5253	15 27 8 43
5254	13 27 50 22
5255	42 11 6 44
5256	40 11 41 34
5257	20 2 36 30
5258	4 49 40 25
5259	28 1 24 40
5260	19 15 45 38
5261	40 41 15 3
5262	48 20 38 5
5263	23 6 40 21
5264	39 44 9 38
5265	14 16 32 33
5266	4 28 48 44
5267	4 27 13 47
5268	48 11 19 3
5269	43 34 40 39
5270	14 8 1 46
5271	13 41 30 28
5272	49 11 36 15
5273	48 34 13 43
5274	1 28 13 40
5275	47 31 30 9
5276	47 48 16 43
5277	39 30 9 27
5278	20 5 14 23
5279	5 47 26 38
5280	41 16 50 32
5281	3 9 1 42
5282	30 50 16 34
5283	49 30 43 27
5284	37 30 31 28
5285	9 25 50 13
5286	3 46 4 22
5287	10 8 11 23
5288	9 2 14 32
5289	41 20 8 32
5290	15 5 45 37
5291	16 29 1 49
5292	26 43 8 48
5293	35 34 36 48
5294	42 12 48 9
5295	10 6 18 38
5296	30 32 28 38
5297	49 13 36 34
5298	50 6 21 28
5299	21 29 5 32
5300	6 14 15 21
5301	20 23 49 48
5302	34 17 6 26
5303	4 35 7 34
5304	10 32 28 41
5305	11 2 46 39
5306	42 37 3 11
5307	1 34 19 33
5308	23 50 2 20
5309	4 10 36 28
5310	33 14 31 21
5311	2 11 48 24
5312	14 43 2 23
5313	43 19 42 7
5314	15 47 16 31
5315	32 24 20 8
5316	6 29 3 4
5317	42 24 16 19
5318	46 6 19 2
5319	23 11 50 47
5320	45 46 19 41
5321	14 26 18 38
5322	50 20 18 43
5323	27 1 14 5
5324	18 45 23 36
5325	50 25 46 17
5326	7 37 29 5
5327	26 32 29 8
5328	10 46 48 11
5329	35 26 39 45
5330	24 47 3 50
5331	49 5 20 8
5332	22 35 14 27
5333	6 7 14 30
5334	15 31 41 12
5335	45 48 20 34
5336	41 14 49 17
5337	48 35 16 32
5338	9 40 39 47
5339	30 14 24 25
5340	32 6 34 42
5341	13 28 25 16
5342	9 41 47 32
5343	25 41 49 21
5344	47 13 37 12
5345	15 8 16 19
5346	30 32 36 37
5347	19 30 29 17
5348	12 45 13 48
5349	47 35 9 36
5350	13 7 47 32
5351	15 37 26 32
5352	12 7 2 3
5353	13 44 27 11
5354	20 43 34 22
5355	37 7 32 27
5356	25 14 31 50
5357	33 10 13 21
5358	1 14 28 46
5359	49 12 39 22
5360	23 19 1 18
5361	37 19 47 44
5362	27 15 49 48
5363	43 26 22 18
5364	46 37 33 13
5365	19 33 2 3
5366	45 36 30 48
5367	17 6 18 37
5368	23 30 10 40
5369	28 50 23 30
5370	17 18 24 13
5371	25 23 19 18
5372	3 31 11 8
5373	38 45 41 18
5374	14 30 24 44
5375	22 28 17 46
5376	36 32 50 42
5377	26 31 46 27
5378	24 32 43 34
5379	1 16 2 6
5380	39 16 13 48
5381	5 22 21 50
5382	50 24 48 10
5383	12 36 27 37
5384	44 11 34 48
5385	38 11 35 25
5386	47 1 42 10
5387	44 8 30 20
5388	34 40 22 48
5389	8 50 23 25
5390	4 13 37 31
5391	24 10 13 40
5392	13 26 39 31
5393	49 46 39 28
5394	46 47 28 3
5395	36 10 49 35
5396	12 26 8 11
5397	14 15 29 21
5398	32 41 4 40
5399	38 18 12 1
5400	9 35 47 23
5401	31 46 39 37
5402	26 43 15 38
5403	22 9 30 5
5404	7 8 1 32
5405	14 39 8 22
5406	32 37 46 11
5407	7 39 28 27
5408	48 17 1 32
5409	39 32 27 21
5410	23 6 40 46
5411	34 24 31 43
5412	35 37 32 33
5413	9 38 3 48
5414	42 17 11 6
5415	26 39 2 25
5416	23 12 34 7
5417	25 33 50 47
5418	10 26 15 12
5419	14 6 48 39
5420	41 22 3 2
5421	36 47 23 5
5422	17 16 37 30
5423	33 32 10 47
5424	20 40 23 30
5425	9 8 28 48
5426	27 33 41 46
5427	12 7 10 38
5428	41 15 29 8
5429	21 45 26 2
5430	32 44 47 11
5431	30 9 41 31
5432	12 24 31 14
5433	15 33 31 37
5434	32 48 43 49
5435	8 45 44 1
5436	11 22 33 37
5437	48 33 6 36
5438	38 37 50 42
5439	48 23 3 46
5440	24 42 16 40
5441	20 50 41 42
5442	32 22 42 25
5443	20 43 14 31
5444	2 49 47 33
5445	20 35 10 49
5446	20 10 17 28
5447	11 6 15 30
5448	24 44 25 29
5449	49 34 2 43
5450	36 45 7 31
5451	14 26 42 48
5452	35 26 27 42
5453	21 5 20 18
5454	49 17 38 34
5455	1 7 31 45
5456	49 1 12 13
5457	21 8 29 33
5458	44 49 28 22
5459	36 38 20 47
5460	25 32 14 46
5461	36 9 6 21
5462	15 28 50 22
5463	2 49 42 31
5464	20 39 49 3
5465	3 7 23 34
5466	8 43 16 34
5467	20 48 39 1
5468	34 28 33 11
5469	37 36 40 24
5470	4 20 43 3
5471	43 13 38 34
5472	22 15 5 35
5473	44 38 11 27
5474	28 43 2 9
5475	23 13 25 29
5476	17 24 6 22
5477	17 1 37 12
5478	1 4 17 36
5479	46 15 25 26
5480	33 46 24 47
5481	50 45 49 36
5482	45 17 41 48
5483	35 50 16 8
5484	40 25 48 5
5485	12 30 28 27
5486	47 43 8 3
5487	43 17 41 50
5488	28 24 37 22
5489	5 14 34 27
5490	18 38 39 25
5491	13 4 6 19
5492	36 29 44 34
5493	24 2 10 40
5494	40 39 1 10
5495	21 49 38 42
5496	35 43 32 49
5497	27 17 33 31
5498	28 32 35 42
5499	5 16 17 21
5500	30 2 3 10
5501	37 26 36 49
5502	17 29 2 47
5503	42 5 27 22
5504	39 23 19 35
5505	35 19 40 5
5506	21 36 10 26
5507	11 9 6 18
5508	11 30 29 2
5509	18 42 41 22
5510	21 27 17 26
5511	16 30 4 6
5512	45 39 16 18
5513	47 29 36 35
5514	30 11 42 44
5515	31 2 22 9
5516	23 47 40 46
5517	20 10 11 38
5518	31 36 13 6
5519	3 16 24 18
5520	46 8 12 3
5521	18 17 36 46
5522	38 5 8 44
5523	2 9 15 49
5524	11 18 24 1
5525	21 5 22 39
5526	10 4 2 41
5527	23 15 31 3
5528	20 45 6 30
5529	40 7 33 17
5530	29 8 10 37
5531	20 29 49 42
5532	30 37 38 2
5533	36 3 40 30
5534	45 23 16 1
5535	16 7 17 38
5536	1 9 46 28
5537	18 23 46 24
5538	39 46 29 30
5539	38 48 28 39
5540	16 23 44 27
5541	12 32 10 21
5542	43 39 22 40
5543	12 4 38 30
5544	27 22 29 28
5545	46 50 48 45
5546	30 33 4 47
5547	37 46 29 38
5548	25 46 42 31
5549	37 44 19 16
5550	2 49 18 10
5551	6 22 49 29
5552	17 47 13 28
5553	29 14 9 4
5554	5 30 28 34
5555	32 37 21 48
5556	7 43 27 31
5557	11 41 50 42
5558	1 27 15 32
5559	4 22 14 34
5560	32 13 49 5
5561	12 48 9 10
5562	38 37 30 11
5563	4 28 47 33
5564	31 8 34 25
5565	15 20 18 29
5566	22 27 32 4
5567	19 18 26 21
5568	13 33 6 38
5569	10 9 15 3
5570	13 25 10 8
5571	9 42 16 3
5572	37 49 46 3
5573	5 2 42 35
5574	24 46 19 2
5575	20 9 23 29
5576	9 40 7 30
5577	1 8 21 38
5578	17 36 26 50
5579	23 28 29 32
5580	6 22 5 50
5581	39 16 31 10
5582	19 33 3 48
5583	20 48 13 28
5584	16 34 36 15
5585	3 38 24 26
5586	45 9 41 36
5587	36 25 48 17
5588	26 1 29 7
5589	2 30 38 35
5590	19 34 8 37
5591	16 29 27 6
5592	47 6 1 5
5593	34 36 8 5
5594	27 42 21 25
5595	11 14 48 27
5596	44 37 1 3
5597	21 2 3 24
5598	45 43 29 20
5599	6 49 32 13
5600	49 34 50 18
5601	1 22 29 4
5602	12 1 5 38
5603	10 35 12 1
5604	12 47 45 50
5605	47 30 20 21
5606	8 29 42 11
5607	13 25 49 31
5608	19 48 18 35
5609	10 42 8 12
5610	38 39 3 50
5611	44 34 41 3
5612	25 26 1 39
5613	21 1 24 42
5614	44 14 18 17
5615	26 2 30 8
5616	7 28 29 43
5617	18 39 21 41
5618	37 21 23 45
5619	17 38 19 47
5620	44 33 10 43
5621	40 29 27 13
5622	11 41 20 9
5623	16 7 1 42
5624	21 8 13 15
5625	22 40 3 33
5626	29 22 41 23
5627	19 16 13 34
5628	12 7 37 25
5629	30 4 18 33
5630	1 14 26 50
5631	44 4 38 39
5632	36 2 8 47
5633	37 28 27 18
5634	27 31 36 17
5635	22 41 19 17
5636	17 39 45 38
5637	27 17 28 1
5638	45 36 14 25
5639	17 30 12 27
5640	34 47 20 21
5641	37 20 43 34
5642	49 9 5 32
5643	4 38 23 20
5644	8 29 26 7
5645	7 22 44 27
5646	6 47 17 29
5647	49 38 1 50
5648	46 3 2 20
5649	45 41 29 7
5650	48 40 11 21
5651	42 20 36 11
5652	6 3 40 4
5653	37 32 27 9
5654	21 10 19 5
5655	6 3 8 40
5656	18 49 40 35
5657	5 19 3 30
5658	45 30 42 9
5659	39 11 7 10
5660	19 42 27 23
5661	31 10 25 16
5662	48 33 21 25
5663	28 23 47 45
5664	11 44 41 19
5665	7 3 4 2
5666	1 38 18 24
5667	6 9 14 50
5668	29 37 33 39
5669	45 6 29 21
5670	13 16 33 37
5671	38 22 28 4
5672	42 6 12 37
5673	23 14 19 36
5674	2 20 24 42
5675	46 13 45 6
5676	4 15 3 36
5677	42 30 45 27
5678	2 9 16 44
5679	28 48 36 46
5680	11 42 32 17
5681	20 8 38 34
5682	42 11 49 25
5683	18 2 31 12
5684	44 6 31 5
5685	40 22 47 23
5686	23 16 18 45
5687	33 10 44 42
5688	42 1 45 10
5689	28 8 2 12
5690	2 1 9 6
5691	37 45 15 12
5692	26 11 19 28
5693	1 28 14 19
5694	33 49 12 41
5695	25 6 31 26
5696	11 40 16 35
5697	25 46 28 38
5698	36 3 49 16
5699	39 40 47 30
5700	45 14 3 5
5701	18 35 17 24
5702	44 40 11 30
5703	11 40 16 13
5704	50 36 13 22
5705	34 43 32 16
5706	7 21 14 8
5707	31 41 24 12
5708	39 6 16 15
5709	45 7 1 28
5710	4 24 17 48
5711	24 14 31 5
5712	41 21 22 12
5713	19 17 4 22
5714	15 29 13 48
5715	41 22 35 12
5716	39 16 6 5
5717	20 4 29 49
5718	49 16 6 37
5719	1 33 37 27
5720	2 5 25 49
5721	34 40 1 13
5722	26 17 38 27
5723	25 46 45 48
5724	16 21 39 1
5725	7 32 4 47
5726	28 39 13 11
5727	46 49 4 15
5728	18 26 9 15
5729	46 6 13 38
5730	2 20 46 17
5731	16 9 44 33
5732	45 32 13 6
5733	13 2 44 9
5734	42 7 41 5
5735	17 4 2 38
5736	20 32 47 41
5737	24 10 13 30
5738	10 21 13 14
5739	14 25 32 27
5740	31 34 26 50
5741	32 17 42 29
5742	15 47 20 11
5743	32 16 15 41
5744	32 10 42 27
5745	44 22 47 16
5746	3 22 17 25
5747	47 27 20 31
5748	50 33 5 23
5749	38 6 37 23
5750	16 1 3 40
5751	12 26 27 38
5752	3 39 20 21
5753	5 20 39 44
5754	14 35 20 22
5755	27 32 29 20
5756	34 41 12 38
5757	30 15 33 38
5758	6 50 9 38
5759	49 23 10 11
5760	9 35 17 5
5761	35 41 39 4
5762	43 10 2 8
5763	39 2 28 34
5764	46 36 15 32
5765	44 47 13 2
5766	25 44 16 35
5767	23 16 38 50
5768	49 33 35 21
5769	25 22 39 35
5770	44 27 8 48
5771	39 16 3 11
5772	47 44 18 35
5773	11 50 23 22
5774	1 47 4 41
5775	37 8 26 48
5776	44 40 32 43
5777	9 12 21 10
5778	33 29 22 25
5779	32 36 15 48
5780	39 50 31 8
5781	24 46 32 10
5782	39 10 12 8
5783	17 12 8 28
5784	11 8 37 7
5785	44 47 8 26
5786	32 17 11 33
5787	45 43 49 16
5788	12 44 50 29
5789	48 22 9 44
5790	37 14 38 26
5791	35 17 1 16
5792	29 45 44 19
5793	13 40 46 4
5794	45 7 47 15
5795	3 28 45 16
5796	37 12 5 1
5797	25 24 8 40
5798	35 39 44 11
5799	31 3 35 2
5800	3 35 5 47
5801	17 30 42 45
5802	41 22 7 6
5803	11 36 25 32
5804	18 40 31 24
5805	29 50 9 46
5806	7 45 14 8
5807	37 40 27 47
5808	34 8 18 14
5809	12 47 39 11
5810	49 1 35 10
5811	27 31 23 5
5812	32 33 10 39
5813	35 50 44 38
5814	9 14 16 23
5815	8 28 1 20
5816	9 40 8 15
5817	12 33 28 14
5818	42 41 31 3
5819	17 49 5 7
5820	34 40 38 36
5821	24 6 29 8
5822	41 33 23 42
5823	40 33 41 13
5824	20 32 33 3
5825	44 47 45 8
5826	17 37 24 10
5827	32 8 34 17
5828	20 14 22 38
5829	36 6 31 34
5830	27 21 29 9
5831	38 40 4 35
5832	14 27 5 18
5833	6 39 44 33
5834	24 50 13 8
5835	50 3 14 30
5836	20 36 43 19
5837	32 24 14 44
5838	17 2 36 7
5839	40 34 18 24
5840	15 34 14 32
5841	23 21 48 13
5842	13 21 31 28
5843	3 48 29 14
5844	5 9 49 32
5845	42 7 43 15
5846	12 45 39 6
5847	26 25 33 42
5848	49 10 45 40
5849	18 16 39 48
5850	18 30 4 12
5851	42 4 15 45
5852	8 37 36 6
5853	36 8 40 31
5854	21 33 27 41
5855	7 40 29 37
5856	40 11 2 23
5857	48 16 49 37
5858	41 6 12 5
5859	11 21 25 44
5860	13 29 38 37
5861	36 49 50 42
5862	44 20 29 43
5863	1 41 2 29
5864	11 46 7 31
5865	45 36 32 35
5866	31 3 19 40
5867	4 25 20 8
5868	43 38 42 2
5869	12 22 17 13
5870	9 15 40 16
5871	43 24 21 49
5872	10 8 19 47
5873	2 26 27 30
5874	44 33 10 46
5875	13 48 12 44
5876	30 26 21 33
5877	11 27 36 20
5878	19 2 22 16
5879	8 16 49 32
5880	39 11 2 27
5881	42 37 11 27
5882	9 27 28 32
5883	17 26 7 15
5884	40 22 12 34
5885	40 43 8 27
5886	43 12 18 2
5887	12 50 29 27
5888	27 44 36 30
5889	22 41 1 8
5890	47 50 41 5
5891	30 29 33 4
5892	17 4 15 10
5893	24 31 36 48
5894	37 27 21 26
5895	35 20 5 40
5896	27 31 30 10
5897	43 45 14 23
5898	37 21 27 18
5899	46 1 44 4
5900	23 48 29 16
5901	24 49 10 41
5902	22 14 9 28
5903	1 5 28 43
5904	6 20 11 28
5905	28 46 41 34
5906	20 42 49 18
5907	15 11 5 22
5908	8 50 44 6
5909	34 24 23 35
5910	10 41 44 28
5911	27 48 41 35
5912	50 11 43 45
5913	10 2 4 25
5914	38 18 45 37
5915	18 2 13 32
5916	21 24 9 11
5917	42 46 7 11
5918	12 31 48 42
5919	29 26 21 13
5920	41 50 35 17
5921	6 47 15 27
5922	1 14 27 24
5923	30 7 10 18
5924	25 15 18 8
5925	21 1 5 4
5926	31 38 28 45
5927	11 3 37 41
5928	1 28 48 46
5929	2 38 6 36
5930	10 42 4 6
5931	11 40 7 37
5932	46 29 19 33
5933	19 25 23 33
5934	11 12 28 17
5935	20 49 46 9
5936	40 37 32 26
5937	49 24 2 41
5938	5 24 43 16
5939	47 39 6 5
5940	20 39 18 19
5941	37 10 30 4
5942	41 12 5 21
5943	32 15 36 24
5944	26 44 40 20
5945	46 19 10 28
5946	34 11 17 16
5947	44 37 12 42
5948	37 9 18 17
5949	6 1 11 21
5950	6 45 16 13
5951	27 29 6 49
5952	7 13 12 5
5953	44 1 27 12
5954	26 2 13 34
5955	7 8 47 50
5956	23 12 2 48
5957	4 1 16 24
5958	45 44 49 34
5959	46 28 16 14
5960	20 7 21 14
5961	38 30 46 18
5962	14 3 7 32
5963	20 16 15 34
5964	43 26 19 21
5965	22 5 48 10
5966	22 9 40 6
5967	13 26 2 17
5968	41 28 44 5
5969	20 43 41 19
5970	43 20 25 11
5971	50 43 32 31
5972	10 21 16 23
5973	17 35 19 13
5974	7 35 44 26
5975	47 39 5 33
5976	39 15 1 12
5977	42 25 3 10
5978	24 37 3 10
5979	33 18 15 34
5980	27 43 9 40
5981	49 9 24 28
5982	28 44 19 45
5983	47 8 6 37
5984	41 4 45 2
5985	3 20 22 4
5986	26 36 18 34
5987	21 39 28 50
5988	21 16 30 13
5989	50 41 24 33
5990	12 45 24 36
5991	1 33 41 23
5992	3 48 46 25
5993	33 15 30 49
5994	5 7 38 48
5995	25 15 26 18
5996	26 49 39 48
5997	41 30 19 47
5998	45 25 9 30
5999	16 24 44 8
6000	42 37 34 7
6001	5 10 3 41
6002	26 36 45 6
6003	12 22 23 6
6004	13 42 11 18
6005	24 41 48 34
6006	32 1 9 14
6007	37 18 8 6
6008	36 46 38 32
6009	15 30 39 9
6010	36 48 7 41
6011	22 15 37 14
6012	23 34 31 1
6013	19 27 45 16
6014	45 16 18 25
6015	30 1 34 4
6016	10 20 28 6
6017	41 44 1 6
6018	42 49 1 32
6019	42 45 11 17
6020	22 33 29 20
6021	27 46 16 7
6022	21 25 30 43
6023	49 31 30 12
6024	7 29 10 2
6025	20 11 21 44
6026	21 37 8 36
6027	8 42 4 22
6028	42 12 28 6
6029	23 10 45 16
6030	43 28 34 37
6031	39 37 50 11
6032	2 1 28 27
6033	12 26 45 46
6034	12 27 44 6
6035	29 13 11 48
6036	23 39 49 17
6037	33 3 17 45
6038	49 45 40 34
6039	30 32 48 35
6040	3 38 50 47
6041	38 44 48 33
6042	27 49 30 29
6043	50 44 3 48
6044	17 10 26 9
6045	45 11 24 26
6046	48 47 42 19
6047	21 41 31 36
6048	8 23 42 21
6049	14 35 49 10
6050	46 26 34 23
6051	28 12 47 26
6052	2 22 35 23
6053	39 27 19 46
6054	25 33 21 32
6055	42 6 37 41
6056	3 15 33 24
6057	13 30 35 44
6058	10 34 19 47
6059	25 34 44 24
6060	1 15 9 12
6061	32 7 16 41
6062	41 16 28 49
6063	44 29 40 2
6064	24 1 21 26
6065	48 49 24 33
6066	30 44 34 19
6067	9 23 1 50
6068	34 2 8 29
6069	32 22 23 35
6070	32 43 5 28
6071	6 37 28 42
6072	45 5 14 46
6073	19 29 47 48
6074	49 29 39 14
6075	27 45 7 11
6076	50 33 1 32
6077	33 10 14 1
6078	29 3 30 27
6079	50 41 40 38
6080	48 9 30 4
6081	38 48 1 24
6082	46 28 47 23
6083	25 44 34 37
6084	2 31 41 1
6085	21 29 30 8
6086	28 31 41 23
6087	20 47 12 27
6088	39 43 42 34
6089	4 49 6 23
6090	28 5 19 31
6091	14 13 35 25
6092	12 19 14 2
6093	37 5 15 7
6094	45 49 23 42
6095	2 36 3 23
6096	20 27 33 14
6097	17 2 9 29
6098	25 11 30 38
6099	6 33 36 34
6100	26 19 30 12
6101	33 5 32 3
6102	36 24 10 43
6103	6 36 16 11
6104	14 47 35 18
6105	18 13 50 10
6106	3 48 28 27
6107	33 27 40 21
6108	35 41 46 31
6109	45 34 46 17
6110	21 13 8 44
6111	25 40 8 34
6112	5 31 39 13
6113	4 26 27 17
6114	23 13 18 29
6115	14 4 27 35
6116	28 15 47 21
6117	25 30 43 13
6118	35 3 8 17
6119	24 42 36 15
6120	47 2 36 50
6121	27 41 50 36
6122	32 44 15 41
6123	34 25 18 11
6124	24 49 8 28
6125	10 8 7 6
6126	31 44 11 23
6127	47 34 26 4
6128	38 30 2 3
6129	15 16 27 24
6130	32 1 11 20
6131	10 17 5 49
6132	37 42 44 12
6133	19 43 3 18
6134	23 28 13 42
6135	1 8 43 34
6136	8 34 31 7
6137	40 10 30 29
6138	38 5 23 27
6139	50 26 4 43
6140	37 32 42 2
6141	18 14 47 7
6142	38 1 19 3
6143	20 33 25 2
6144	42 7 38 10
6145	46 22 18 35
6146	6 42 29 17
6147	43 2 1 31
6148	35 4 28 47
6149	12 24 5 38
6150	9 6 27 41
6151	45 39 28 23
6152	47 39 50 18
6153	11 50 12 28
6154	14 1 35 8
6155	48 35 50 44
6156	50 26 36 19
6157	8 45 5 39
6158	35 25 43 28
6159	23 38 43 12
6160	34 7 23 40
6161	7 23 20 2
6162	32 23 22 42
6163	10 19 7 37
6164	21 15 28 47
6165	11 23 14 22
6166	4 43 42 8
6167	47 28 21 40
6168	49 21 26 29
6169	48 34 18 22
6170	24 41 18 19
6171	41 32 43 30
6172	28 10 2 33
6173	39 4 18 11
6174	10 46 14 2
6175	26 2 10 22
6176	5 42 41 21
6177	9 48 2 4
6178	31 23 40 41
6179	33 46 50 25
6180	23 47 9 2
6181	17 45 13 38
6182	50 19 48 41
6183	31 40 10 48
6184	5 30 29 31
6185	12 37 11 16
6186	45 9 37 42
6187	18 24 30 19
6188	37 35 48 7
6189	42 19 21 50
6190	3 4 19 14
6191	24 27 48 31
6192	38 35 42 6
6193	45 26 21 33
6194	3 38 25 39
6195	21 46 24 11
6196	32 8 14 48
6197	37 29 44 40
6198	43 36 33 34
6199	41 47 19 3
6200	37 18 50 30
6201	26 22 29 30
6202	12 3 4 15
6203	33 7 18 19
6204	35 13 43 19
6205	23 49 35 29
6206	36 29 2 44
6207	37 6 13 49
6208	13 33 10 8
6209	49 36 25 8
6210	23 15 19 24
6211	26 34 8 12
6212	5 8 1 28
6213	3 49 14 40
6214	31 44 35 38
6215	40 30 12 23
6216	27 23 33 40
6217	20 10 19 9
6218	21 13 49 27
6219	8 7 12 45
6220	46 14 30 40
6221	11 2 6 39
6222	35 49 39 4
6223	35 20 1 29
6224	28 1 34 13
6225	6 9 27 25
6226	46 5 34 21
6227	16 14 41 2
6228	39 34 12 11
6229	8 13 26 33
6230	44 47 24 4
6231	45 14 25 26
6232	11 16 39 26
6233	29 15 49 20
6234	9 38 13 25
6235	35 1 41 3
6236	34 20 45 43
6237	14 25 49 24
6238	45 33 25 49
6239	15 13 19 48
6240	45 1 9 21
6241	6 15 42 32
6242	9 17 32 12
6243	31 9 45 32
6244	14 1 35 16
6245	50 7 4 20
6246	16 20 31 47
6247	17 3 7 43
6248	29 34 36 30
6249	15 42 4 38
6250	30 43 28 38
6251	26 38 40 30
6252	29 26 19 42
6253	28 41 1 40
6254	24 8 2 4
6255	36 3 33 5
6256	26 49 16 50
6257	30 48 35 34
6258	1 5 38 37
6259	33 8 17 25
6260	7 44 23 18
6261	15 3 46 39
6262	42 16 40 34
6263	18 32 12 16
6264	13 49 33 5
6265	3 1 6 37
6266	9 31 34 15
6267	25 27 5 35
6268	36 5 14 18
6269	11 23 25 41
6270	14 10 22 37
6271	38 19 17 24
6272	6 47 28 30
6273	41 22 33 24
6274	13 3 50 24
6275	1 45 39 12
6276	44 37 28 19
6277	17 32 33 16
6278	3 17 36 43
6279	50 5 33 47
6280	16 39 1 28
6281	5 44 18 43
6282	12 14 15 8
6283	26 20 4 30
6284	49 35 17 34
6285	32 10 3 38
6286	28 9 10 30
6287	17 4 45 37
6288	24 43 8 23
6289	7 2 11 26
6290	14 44 5 13
6291	12 33 21 10
6292	6 41 49 13
6293	12 43 19 25
6294	23 21 31 43
6295	43 3 5 9
6296	38 20 21 10
6297	41 24 46 10
6298	40 1 37 50
6299	37 17 16 49
6300	4 6 25 23
6301	40 8 30 47
6302	40 17 22 14
6303	34 1 48 40
6304	34 46 35 14
6305	21 23 24 46
6306	24 14 37 46
6307	41 1 20 16
6308	12 10 8 49
6309	34 23 15 11
6310	31 50 18 32
6311	23 27 30 39
6312	6 25 29 46
6313	46 13 43 23
6314	39 35 44 18
6315	10 22 25 33
6316	46 5 28 15
6317	18 11 23 39
6318	23 35 33 7
6319	29 34 8 40
6320	22 20 33 15
6321	39 24 20 29
6322	46 3 33 28
6323	7 1 14 3
6324	30 32 39 19
6325	16 35 38 24
6326	38 17 19 30
6327	50 39 29 32
6328	32 36 46 28
6329	41 28 33 22
6330	4 45 34 17
6331	4 12 46 31
6332	43 8 45 39
6333	49 41 45 23
6334	40 20 27 3
6335	47 33 5 43
6336	48 6 18 45
6337	43 1 21 36
6338	16 26 1 44
6339	27 19 42 21
6340	1 37 28 38
6341	47 12 37 40
6342	49 9 44 40
6343	7 15 32 16
6344	1 36 27 11
6345	14 27 24 5
6346	28 6 12 23
6347	33 7 5 21
6348	12 32 23 33
6349	4 39 10 9
6350	36 40 6 34
6351	5 22 24 39
6352	29 31 23 45
6353	46 50 10 45
6354	41 9 5 34
6355	14 18 13 4
6356	43 31 49 23
6357	1 46 48 36
6358	50 12 38 10
6359	22 41 12 4
6360	5 4 14 1
6361	33 17 22 28
6362	30 21 4 45
6363	28 35 49 1
6364	2 15 28 41
6365	36 49 43 17
6366	11 26 46 27
6367	40 45 12 19
6368	7 39 28 42
6369	2 42 14 50
6370	45 33 32 44
6371	36 18 48 29
6372	33 19 30 43
6373	45 21 38 36
6374	36 29 22 35
6375	6 45 16 7
6376	38 8 27 21
6377	29 36 14 1
6378	23 43 29 1
6379	3 43 44 49
6380	23 44 20 16
6381	18 30 45 13
6382	50 26 14 19
6383	18 28 42 1
6384	32 21 25 38
6385	3 42 30 44
6386	25 35 40 4
6387	20 30 43 34
6388	13 39 40 5
6389	10 43 6 24
6390	9 11 12 27
6391	5 23 8 44
6392	44 47 25 43
6393	35 16 45 36
6394	7 45 44 27
6395	16 33 31 22
6396	49 43 48 4
6397	50 27 47 46
6398	24 6 5 22
6399	9 15 38 7
6400	2 39 29 34
6401	50 10 19 25
6402	24 37 38 4
6403	23 2 13 34
6404	29 45 1 12
6405	31 48 36 32
6406	35 17 12 34
6407	15 9 7 11
6408	30 7 5 31
6409	36 21 33 32
6410	35 25 26 28
6411	5 14 25 49
6412	18 7 17 26
6413	25 10 13 46
6414	21 16 6 22
6415	33 15 36 22
6416	19 34 41 9
6417	33 31 48 34
6418	42 37 50 41
6419	14 1 46 30
6420	17 47 45 14
6421	3 33 14 36
6422	23 27 47 15
6423	45 30 38 36
6424	22 1 37 45
6425	38 34 11 44
6426	23 19 34 49
6427	47 41 20 45
6428	35 43 28 11
6429	18 12 50 25
6430	25 49 34 4
6431	27 33 12 48
6432	34 24 29 19
6433	21 19 30 40
6434	2 49 19 23
6435	7 48 37 50
6436	21 27 48 31
6437	20 10 26 47
6438	2 38 37 35
6439	29 39 15 41
6440	36 31 1 4
6441	19 17 49 8
6442	13 34 1 47
6443	30 29 4 36
6444	29 6 24 48
6445	46 41 40 30
6446	28 30 36 23
6447	10 49 38 11
6448	26 19 12 20
6449	10 26 36 28
6450	19 23 4 36
6451	23 45 43 34
6452	40 48 2 10
6453	10 37 14 44
6454	34 26 2 50
6455	10 43 31 46
6456	25 26 42 7
6457	19 29 20 6
6458	26 28 3 29
6459	41 24 10 26
6460	8 5 48 14
6461	21 5 2 31
6462	24 27 6 30
6463	34 7 16 14
6464	45 31 21 43
6465	4 30 19 17
6466	13 2 42 37
6467	42 16 37 15
6468	25 46 47 38
6469	22 42 43 37
6470	50 38 11 27
6471	10 48 24 46
6472	9 18 10 30
6473	36 22 25 46
6474	34 45 26 35
6475	46 26 49 3
6476	16 44 8 42
6477	29 4 37 6
6478	11 12 33 39
6479	49 45 15 26
6480	29 31 12 5
6481	45 20 29 17
6482	49 47 2 14
6483	13 1 49 19
6484	8 2 30 29
6485	16 40 38 5
6486	7 14 32 34
6487	44 25 8 30
6488	45 3 15 44
6489	30 33 35 9
6490	1 33 34 40
6491	14 38 20 23
6492	23 16 4 43
6493	42 26 33 43
6494	49 20 19 35
6495	3 36 14 39
6496	16 49 2 28
6497	1 6 43 8
6498	28 26 3 24
6499	10 11 19 15
6500	4 12 25 35
6501	16 48 25 6
6502	43 30 9 7
6503	27 42 48 31
6504	22 4 29 33
6505	43 49 44 10
6506	36 11 41 24
6507	42 41 11 39
6508	11 31 18 13
6509	38 36 29 49
6510	39 49 27 41
6511	26 31 24 50
6512	34 48 50 2
6513	49 41 43 38
6514	41 49 38 32
6515	38 7 24 33
6516	7 20 24 8
6517	9 42 30 10
6518	20 38 24 11
6519	24 19 42 35
6520	50 45 8 27
6521	6 42 25 36
6522	36 6 20 27
6523	46 4 10 31
6524	14 5 1 33
6525	40 15 35 44
6526	24 32 26 43
6527	48 2 44 35
6528	6 26 50 46
6529	11 4 8 43
6530	49 19 30 22
6531	46 18 28 39
6532	22 15 16 25
6533	16 20 32 10
6534	11 34 31 37
6535	13 9 47 45
6536	42 49 1 30
6537	46 34 29 20
6538	36 49 26 3
6539	47 45 50 28
6540	45 15 26 11
6541	15 28 35 46
6542	33 15 4 14
6543	8 7 35 18
6544	11 27 34 1
6545	30 11 22 13
6546	45 8 12 26
6547	36 12 37 23
6548	42 36 13 20
6549	49 28 41 40
6550	8 50 28 7
6551	15 21 45 31
6552	41 37 38 40
6553	9 41 23 48
6554	18 36 3 19
6555	37 44 3 42
6556	44 45 37 11
6557	11 34 5 48
6558	48 22 41 45
6559	27 23 43 34
6560	4 24 50 27
6561	28 12 18 48
6562	49 44 19 9
6563	13 17 11 33
6564	4 18 9 23
6565	14 23 46 8
6566	34 9 11 36
6567	48 19 5 36
6568	33 27 49 3
6569	7 27 11 46
6570	7 29 37 42
6571	5 39 30 19
6572	44 27 36 9
6573	22 4 21 33
6574	36 31 46 37
6575	47 19 45 31
6576	16 19 5 8
6577	33 16 8 38
6578	40 34 47 6
6579	44 36 32 47
6580	4 9 35 2
6581	34 9 18 45
6582	27 30 3 17
6583	8 29 5 26
6584	32 10 7 9
6585	45 48 38 44
6586	10 12 50 7
6587	8 22 21 48
6588	50 32 20 14
6589	44 48 27 11
6590	1 28 3 12
6591	2 20 16 21
6592	7 42 41 9
6593	35 31 49 4
6594	48 40 49 19
6595	3 12 1 26
6596	39 11 40 16
6597	30 11 20 4
6598	22 30 7 2
6599	24 36 15 26
6600	27 30 17 5
6601	10 39 32 47
6602	5 34 16 8
6603	27 22 34 9
6604	38 12 3 26
6605	44 30 42 23
6606	12 5 8 21
6607	13 39 28 17
6608	50 29 10 13
6609	4 34 16 15
6610	47 41 1 44
6611	13 15 11 36
6612	47 7 30 6
6613	20 24 18 41
6614	35 29 38 21
6615	32 22 25 6
6616	48 3 39 49
6617	43 31 12 41
6618	12 24 26 46
6619	40 5 13 8
6620	31 45 29 3
6621	14 31 25 15
6622	26 32 43 47
6623	5 28 25 24
6624	27 8 40 37
6625	31 7 18 12
6626	10 20 29 15
6627	10 16 9 37
6628	34 28 7 44
6629	31 8 15 27
6630	34 19 5 9
6631	33 9 36 1
6632	1 22 44 18
6633	3 33 35 31
6634	26 1 6 13
6635	9 45 37 3
6636	21 50 38 46
6637	43 17 25 7
6638	25 23 18 31
6639	28 25 7 46
6640	49 11 12 23
6641	31 2 15 37
6642	11 46 33 30
6643	19 27 47 17
6644	5 11 33 9
6645	3 31 20 42
6646	23 14 18 2
6647	49 42 7 36
6648	17 26 10 12
6649	1 23 8 14
6650	21 16 14 26
6651	2 9 20 38
6652	3 29 23 25
6653	38 20 50 29
6654	1 43 26 49
6655	24 19 37 32
6656	2 7 22 40
6657	35 38 12 50
6658	36 50 28 13
6659	39 12 3 49
6660	18 8 7 29
6661	4 34 5 25
6662	25 1 33 39
6663	49 34 14 35
6664	33 6 38 50
6665	31 37 19 34
6666	29 43 38 48
6667	50 29 36 3
6668	12 21 7 24
6669	33 5 24 44
6670	16 40 17 26
6671	1 23 47 7
6672	31 20 34 29
6673	34 33 40 6
6674	37 22 2 20
6675	25 41 37 30
6676	14 44 36 46
6677	11 19 29 18
6678	19 44 4 1
6679	7 49 31 44
6680	39 23 11 15
6681	8 4 45 12
6682	50 40 48 43
6683	10 38 16 15
6684	22 28 35 27
6685	19 5 7 18
6686	12 17 16 26
6687	48 50 10 44
6688	45 13 24 28
6689	11 29 49 10
6690	6 36 37 4
6691	24 6 47 39
6692	45 46 11 21
6693	3 23 27 29
6694	38 33 2 30
6695	43 20 9 39
6696	14 5 49 40
6697	29 7 14 43
6698	26 21 28 17
6699	7 5 8 30
6700	41 2 12 29
6701	4 15 11 31
6702	42 25 37 36
6703	13 16 24 42
6704	40 3 17 12
6705	4 47 18 29
6706	13 45 7 14
6707	44 33 39 12
6708	43 31 50 46
6709	38 5 35 37
6710	17 8 2 22
6711	5 28 26 32
6712	41 49 40 46
6713	33 4 21 29
6714	15 50 29 32
6715	45 16 33 5
6716	17 49 21 40
6717	36 17 28 21
6718	12 1 36 18
6719	39 12 21 40
6720	47 36 27 17
6721	14 2 28 9
6722	24 25 16 21
6723	20 44 37 3
6724	50 38 2 39
6725	42 38 5 48
6726	44 36 34 25
6727	41 24 32 3
6728	19 26 7 30
6729	25 2 45 29
6730	21 29 37 46
6731	26 25 35 37
6732	22 44 17 42
6733	3 35 18 36
6734	48 46 13 23
6735	2 26 36 15
6736	36 13 27 10
6737	5 34 9 18
6738	6 20 17 48
6739	21 18 19 1
6740	38 3 44 41
6741	5 34 47 25
6742	7 22 6 42
6743	38 18 25 41
6744	46 23 32 37
6745	8 31 28 30
6746	41 10 34 1
6747	44 21 9 19
6748	9 43 1 10
6749	21 28 22 30
6750	17 10 13 25
6751	32 2 16 33
6752	31 17 38 44
6753	21 46 9 36
6754	31 43 26 40
6755	30 6 7 16
6756	41 44 19 20
6757	10 39 48 18
6758	30 19 22 3
6759	2 13 7 46
6760	49 4 28 33
6761	11 17 15 41
6762	44 31 20 26
6763	30 25 50 21
6764	27 39 50 7
6765	19 11 34 10
6766	45 49 32 16
6767	3 4 36 15
6768	7 8 24 18
6769	39 17 21 8
6770	38 16 50 25
6771	6 33 36 12
6772	3 31 17 6
6773	21 40 29 39
6774	4 16 26 36
6775	6 27 8 31
6776	35 28 6 36
6777	44 25 27 49
6778	17 12 6 50
6779	48 33 5 37
6780	19 12 16 17
6781	14 24 37 13
6782	17 39 1 25
6783	27 31 34 23
6784	25 29 1 14
6785	21 36 32 43
6786	45 13 24 20
6787	17 5 27 45
6788	7 28 19 13
6789	3 12 25 26
6790	18 11 22 24
6791	26 1 41 42
6792	50 38 37 33
6793	33 27 13 4
6794	25 39 38 11
6795	11 29 35 3
6796	41 37 16 8
6797	42 3 26 35
6798	35 19 6 36
6799	21 23 20 1
6800	9 3 26 8
6801	45 16 44 40
6802	20 50 39 10
6803	39 44 32 49
6804	50 8 3 17
6805	19 27 1 10
6806	32 16 2 30
6807	24 34 45 17
6808	33 26 12 31
6809	1 7 35 30
6810	8 44 41 14
6811	18 9 24 50
6812	10 49 47 13
6813	9 10 31 36
6814	39 21 27 40
6815	3 19 45 7
6816	22 40 32 18
6817	38 8 5 19
6818	46 44 28 17
6819	10 26 30 11
6820	50 20 42 46
6821	43 33 17 19
6822	42 3 10 46
6823	41 40 10 34
6824	48 6 40 14
6825	28 45 11 16
6826	7 19 41 5
6827	49 42 5 38
6828	2 6 45 40
6829	46 8 10 3
6830	9 41 18 15
6831	30 32 45 14
6832	13 14 44 5
6833	30 34 43 38
6834	36 23 4 50
6835	38 44 13 19
6836	26 46 12 22
6837	17 49 25 18
6838	38 27 23 10
6839	28 25 36 12
6840	31 35 18 3
6841	43 48 15 38
6842	39 46 24 7
6843	46 45 33 20
6844	24 14 1 10
6845	23 5 47 17
6846	8 22 2 46
6847	48 6 49 26
6848	19 48 13 18
6849	46 25 35 24
6850	39 27 40 25
6851	40 13 34 44
6852	44 27 17 2
6853	42 38 9 33
6854	28 27 35 26
6855	8 42 20 9
6856	47 50 32 24
6857	1 2 41 32
6858	1 49 45 28
6859	36 12 37 33
6860	32 13 26 20
6861	14 15 36 41
6862	4 11 6 25
6863	43 30 25 38
6864	31 27 46 35
6865	41 40 36 9
6866	3 19 40 12
6867	24 49 7 39
6868	24 45 4 19
6869	28 23 31 4
6870	30 12 7 49
6871	7 6 23 5
6872	30 12 21 5
6873	40 9 8 39
6874	40 32 44 34
6875	46 43 36 26
6876	31 41 11 5
6877	3 25 17 45
6878	19 29 32 28
6879	43 27 14 15
6880	50 49 10 44
6881	6 28 50 35
6882	10 29 39 4
6883	23 36 49 14
6884	3 38 26 12
6885	10 4 31 47
6886	31 35 3 50
6887	45 25 42 30
6888	10 24 14 49
6889	12 22 20 3
6890	39 14 32 40
6891	11 36 3 8
6892	50 48 28 8
6893	40 23 17 50
6894	12 17 36 30
6895	43 30 5 11
6896	19 22 26 21
6897	40 26 3 14
6898	14 46 48 16
6899	15 33 2 31
6900	18 15 33 10
6901	43 24 50 48
6902	46 18 42 50
6903	3 41 14 2
6904	45 31 41 11
6905	2 27 33 8
6906	19 35 7 20
6907	30 41 48 16
6908	28 44 2 13
6909	30 7 18 8
6910	28 30 25 31
6911	41 5 7 4
6912	20 35 1 12
6913	28 16 5 14
6914	45 39 7 19
6915	44 29 6 39
6916	27 37 7 9
6917	2 40 21 50
6918	45 29 31 28
6919	9 44 13 27
6920	9 11 5 12
6921	47 17 35 23
6922	8 25 49 32
6923	11 33 15 7
6924	41 50 47 17
6925	30 17 33 34
6926	25 19 17 16
6927	8 31 23 45
6928	18 40 9 8
6929	8 28 11 18
6930	27 45 17 43
6931	37 20 48 27
6932	14 38 40 44
6933	44 16 48 11
6934	39 10 44 45
6935	14 36 17 45
6936	8 30 26 45
6937	18 40 36 28
6938	22 33 50 18
6939	18 23 13 5
6940	15 10 46 43
6941	7 4 26 13
6942	35 32 33 49
6943	16 2 37 34
6944	11 45 26 19
6945	12 18 9 19
6946	45 41 8 10
6947	32 5 25 45
6948	45 20 6 3
6949	10 25 4 44
6950	49 33 10 36
6951	12 17 40 29
6952	3 13 38 18
6953	46 40 45 27
6954	17 35 46 3
6955	44 46 18 23
6956	32 12 2 38
6957	50 27 34 13
6958	16 23 6 1
6959	33 8 14 2
6960	26 7 13 10
6961	5 23 37 48
6962	14 20 11 38
6963	23 17 36 25
6964	10 35 4 12
6965	9 48 50 17
6966	11 25 35 12
6967	25 21 24 33
6968	21 16 34 39
6969	34 22 29 8
6970	33 5 44 48
6971	47 22 49 23
6972	29 26 50 21
6973	28 14 11 25
6974	37 8 30 1
6975	46 8 5 3
6976	37 30 46 39
6977	6 24 44 12
6978	17 33 28 24
6979	34 28 7 38
6980	20 36 46 27
6981	20 24 11 19
6982	42 41 9 13
6983	41 37 34 32
6984	14 8 36 26
6985	49 10 33 27
6986	21 5 43 25
6987	25 43 40 50
6988	9 40 22 18
6989	31 46 26 45
6990	6 10 17 43
6991	11 23 16 19
6992	23 28 8 3
6993	25 48 41 44
6994	29 32 45 7
6995	44 23 43 38
6996	50 38 37 36
6997	34 37 36 23
6998	1 22 43 17
6999	24 19 8 21
7000	28 4 39 30
7001	8 7 4 5
7002	36 44 7 4
7003	23 3 12 31
7004	31 27 35 2
7005	24 29 3 23
7006	4 36 37 44
7007	16 40 20 4
7008	14 23 31 13
7009	20 15 46 22
7010	14 49 44 1
7011	14 5 35 43
7012	32 37 15 42
7013	40 3 16 20
7014	19 33 10 43
7015	29 13 48 44
7016	43 37 12 3
7017	39 25 33 12
7018	23 8 39 43
7019	50 42 40 46
7020	46 7 8 14
7021	7 9 37 41
7022	32 39 12 35
7023	19 5 12 11
7024	37 14 17 19
7025	8 30 4 37
7026	3 18 42 1
7027	18 20 25 7
7028	50 34 38 22
7029	39 50 33 3
7030	21 23 48 34
7031	20 15 7 28
7032	23 5 22 40
7033	14 3 42 1
7034	35 9 40 49
7035	48 21 32 20
7036	50 7 49 37
7037	44 36 14 45
7038	7 22 16 45
7039	37 10 50 30
7040	7 2 48 31
7041	25 17 23 14
7042	26 9 49 44
7043	41 38 43 18
7044	5 33 32 10
7045	30 21 3 17
7046	30 31 48 41
7047	30 49 25 1
7048	22 6 50 17
7049	23 45 46 41
7050	31 35 5 33
7051	14 37 44 30
7052	8 40 17 50
7053	3 19 47 37
7054	50 15 48 12
7055	24 30 47 18
7056	23 43 28 49
7057	48 49 38 21
7058	2 34 30 48
7059	21 8 49 32
7060	20 48 11 46
7061	48 41 15 45
7062	50 21 14 43
7063	41 42 24 1
7064	24 20 33 7
7065	18 28 39 42
7066	26 50 38 1
7067	13 18 2 49
7068	39 20 16 32
7069	1 41 32 18
7070	16 39 44 14
7071	42 20 28 8
7072	9 5 23 43
7073	29 19 35 34
7074	36 7 42 1
7075	1 31 39 24
7076	18 43 16 49
7077	18 4 40 19
7078	19 6 3 16
7079	37 43 11 19
7080	14 13 6 45
7081	31 32 25 4
7082	48 49 44 12
7083	50 31 38 41
7084	50 3 39 17
7085	3 37 31 26
7086	14 31 18 5
7087	27 37 35 30
7088	21 3 8 19
7089	46 9 15 24
7090	11 5 22 14
7091	27 19 15 26
7092	4 5 24 23
7093	15 33 29 47
7094	13 36 5 35
7095	12 7 48 35
7096	35 10 25 1
7097	5 11 47 25
7098	23 44 35 22
7099	2 50 31 47
7100	37 41 31 19
7101	34 5 36 49
7102	28 21 36 12
7103	46 10 16 29
7104	13 43 36 2
7105	28 4 45 8
7106	47 26 10 25
7107	7 45 11 21
7108	27 43 41 25
7109	26 40 21 8
7110	19 23 49 1
7111	38 49 15 4
7112	21 23 26 25
7113	50 31 17 5
7114	3 9 48 50
7115	18 22 2 8
7116	31 46 25 43
7117	50 21 10 9
7118	50 33 10 22
7119	15 6 35 18
7120	45 28 13 36
7121	5 37 50 27
7122	4 47 6 28
7123	16 35 17 9
7124	25 30 24 38
7125	18 35 14 47
7126	3 24 41 10
7127	27 4 50 38
7128	13 38 3 1
7129	11 19 4 6
7130	36 40 14 17
7131	7 23 43 24
7132	4 40 45 42
7133	36 35 23 8
7134	13 47 37 45
7135	48 49 23 47
7136	12 50 11 15
7137	29 23 12 6
7138	19 1 39 34
7139	27 8 40 9
7140	35 24 28 11
7141	24 8 42 18
7142	8 34 36 25
7143	5 37 13 15
7144	23 43 25 41
7145	17 18 14 50
7146	14 37 5 30
7147	28 40 37 42
7148	13 29 30 35
7149	11 7 43 34
7150	38 3 47 50
7151	20 19 7 22
7152	6 1 36 7
7153	36 1 26 11
7154	50 20 28 49
7155	46 37 20 44
7156	48 39 34 33
7157	32 7 14 12
7158	15 35 49 19
7159	8 22 33 18
7160	12 49 7 25
7161	6 39 37 43
7162	47 1 11 35
7163	10 47 4 28
7164	46 35 12 11
7165	34 19 42 36
7166	35 42 43 13
7167	2 28 41 31
7168	44 20 38 21
7169	31 43 45 26
7170	1 11 43 21
7171	25 46 27 48
7172	11 25 32 2
7173	10 9 23 12
7174	44 5 43 47
7175	43 38 15 13
7176	35 37 13 30
7177	2 10 22 44
7178	9 6 30 27
7179	16 20 5 40
7180	44 27 1 24
7181	17 2 21 13
7182	6 13 17 31
7183	10 31 16 43
7184	30 17 32 22
7185	7 29 2 33
7186	23 4 20 35
7187	30 19 21 25
7188	21 45 9 1
7189	12 24 50 39
7190	1 18 36 43
7191	47 7 11 12
7192	2 48 24 19
7193	32 6 33 39
7194	49 27 17 34
7195	36 31 8 5
7196	50 39 31 22
7197	42 24 48 20
7198	34 32 12 49
7199	41 50 36 31
7200	45 30 48 26
7201	19 20 43 2
7202	46 15 13 40
7203	19 2 38 4
7204	35 1 36 25
7205	48 14 45 41
7206	3 5 21 20
7207	20 22 43 16
7208	34 35 15 13
7209	29 25 2 16
7210	2 33 47 44
7211	8 25 50 34
7212	46 37 11 39
7213	23 4 21 10
7214	3 38 42 6
7215	34 42 29 33
7216	35 22 28 36
7217	5 36 15 21
7218	39 18 45 48
7219	1 7 22 5
7220	10 34 38 8
7221	14 8 22 45
7222	42 16 26 38
7223	1 23 24 16
7224	46 24 9 22
7225	17 21 7 42
7226	32 5 11 10
7227	8 47 37 1
7228	6 27 25 10
7229	47 7 15 37
7230	8 11 20 44
7231	17 5 27 35
7232	31 9 17 21
7233	31 24 25 45
7234	44 7 34 14
7235	22 13 30 42
7236	36 45 3 39
7237	23 6 5 38
7238	28 14 29 22
7239	50 9 46 36
7240	18 34 5 27
7241	44 40 8 41
7242	31 45 13 5
7243	14 28 5 44
7244	33 10 46 30
7245	5 23 39 27
7246	10 18 7 2
7247	38 12 29 30
7248	46 44 26 14
7249	4 12 32 6
7250	50 1 6 4
7251	20 6 17 8
7252	24 42 47 25
7253	14 17 15 1
7254	8 48 1 9
7255	46 36 15 50
7256	26 31 16 32
7257	24 38 50 18
7258	10 22 11 8
7259	14 35 22 19
7260	14 16 50 1
7261	6 42 10 1
7262	37 29 27 44
7263	9 10 45 17
7264	49 44 6 21
7265	27 45 50 21
7266	47 17 23 35
7267	19 27 5 18
7268	12 44 47 18
7269	49 11 32 6
7270	2 33 30 20
7271	25 44 7 2
7272	14 33 32 5
7273	31 4 35 24
7274	6 37 35 23
7275	29 12 36 47
7276	10 45 35 18
7277	15 12 46 6
7278	21 13 35 5
7279	41 44 21 10
7280	35 42 25 2
7281	33 49 27 36
7282	41 2 50 31
7283	31 42 19 11
7284	29 12 41 48
7285	27 6 22 11
7286	36 10 28 8
7287	12 29 6 36
7288	48 23 11 24
7289	35 6 31 22
7290	33 3 43 41
7291	12 28 17 47
7292	36 17 2 8
7293	47 37 38 28
7294	10 29 27 14
7295	15 10 25 11
7296	16 7 8 47
7297	29 5 28 50
7298	38 43 6 23
7299	49 42 37 35
7300	37 7 11 1
7301	38 24 1 34
7302	15 2 49 36
7303	1 9 28 25
7304	19 48 27 46
7305	34 27 37 17
7306	1 18 27 36
7307	38 47 9 27
7308	17 26 19 31
7309	47 29 30 32
7310	26 20 46 19
7311	16 17 1 22
7312	26 44 11 7
7313	37 48 7 11
7314	37 9 1 17
7315	34 31 49 40
7316	30 8 39 43
7317	30 4 14 29
7318	7 43 14 33
7319	19 6 4 34
7320	46 20 36 39
7321	41 5 40 43
7322	19 3 17 44
7323	35 50 26 6
7324	23 15 28 32
7325	5 32 20 44
7326	40 2 24 10
7327	48 45 50 39
7328	4 42 38 1
7329	15 12 18 7
7330	4 32 10 50
7331	28 32 35 49
7332	19 39 11 47
7333	40 3 48 34
7334	22 35 24 9
7335	21 44 37 12
7336	30 45 15 36
7337	25 47 1 5
7338	23 48 7 26
7339	15 22 7 18
7340	37 5 23 3
7341	27 34 18 35
7342	31 29 40 2
7343	19 30 40 38
7344	12 37 10 39
7345	50 5 28 31
7346	14 31 25 21
7347	2 23 33 27
7348	48 16 38 21
7349	32 35 50 15
7350	22 48 14 13
7351	26 44 6 20
7352	33 36 15 34
7353	1 5 10 44
7354	34 49 8 30
7355	1 41 43 33
7356	39 11 19 31
7357	4 7 35 30
7358	47 2 30 39
7359	26 46 3 6
7360	33 24 11 7
7361	47 37 39 1
7362	28 30 8 9
7363	50 46 41 4
7364	30 26 27 46
7365	29 13 17 18
7366	36 49 22 8
7367	36 27 18 39
7368	41 49 28 21
7369	26 34 1 2
7370	21 32 12 14
7371	32 21 27 33
7372	27 29 22 49
7373	25 39 41 5
7374	15 16 6 32
7375	37 45 42 14
7376	14 41 49 42
7377	1 35 2 34
7378	17 30 20 19
7379	3 23 44 31
7380	9 33 42 47
7381	38 15 20 46
7382	39 12 50 38
7383	28 31 24 19
7384	7 44 30 39
7385	19 37 1 29
7386	28 40 17 6
7387	43 21 44 9
7388	4 36 13 8
7389	28 29 5 49
7390	23 16 18 17
7391	37 42 12 3
7392	39 5 26 13
7393	22 6 13 28
7394	2 6 9 46
7395	38 3 35 7
7396	3 27 47 5
7397	29 50 39 47
7398	14 28 22 15
7399	36 24 49 33
7400	4 44 1 14
7401	4 15 37 35
7402	8 31 26 2
7403	46 47 21 14
7404	34 11 26 9
7405	2 1 5 22
7406	38 44 31 3
7407	26 15 37 20
7408	42 5 37 14
7409	1 50 18 27
7410	32 36 50 49
7411	29 46 43 33
7412	31 8 2 39
7413	3 32 16 42
7414	36 50 5 32
7415	36 3 35 49
7416	49 28 22 44
7417	6 41 11 9
7418	45 38 12 23
7419	9 40 16 38
7420	10 12 11 30
7421	19 29 28 24
7422	48 20 47 13
7423	33 1 10 34
7424	33 25 5 6
7425	46 24 17 34
7426	48 16 25 17
7427	49 28 36 30
7428	30 13 3 44
7429	24 41 5 9
7430	10 21 48 47
7431	30 22 29 41
7432	27 19 28 20
7433	1 20 42 11
7434	15 47 44 6
7435	18 47 45 20
7436	36 14 43 41
7437	38 50 26 48
7438	30 26 6 27
7439	22 15 34 50
7440	23 1 7 6
7441	19 37 11 10
7442	26 45 7 14
7443	39 20 1 45
7444	37 24 4 3
7445	13 6 14 1
7446	7 46 19 34
7447	34 44 46 41
7448	23 5 36 21
7449	34 28 44 13
7450	18 35 3 31
7451	15 38 17 45
7452	20 27 7 23
7453	23 15 2 22
7454	41 38 11 34
7455	35 17 37 10
7456	16 36 7 34
7457	6 41 46 39
7458	18 39 20 7
7459	34 17 5 49
7460	16 44 6 24
7461	28 14 25 11
7462	20 4 19 33
7463	14 32 37 38
7464	47 2 28 48
7465	25 11 2 49
7466	44 47 2 13
7467	37 32 18 42
7468	47 40 39 10
7469	30 13 43 39
7470	37 20 36 28
7471	17 19 49 37
7472	32 19 6 41
7473	36 39 13 45
7474	14 39 30 15
7475	17 40 21 4
7476	40 6 4 42
7477	33 43 4 37
7478	36 47 46 34
7479	36 11 50 6
7480	49 36 25 5
7481	43 6 18 26
7482	44 43 32 30
7483	3 27 48 38
7484	34 15 7 27
7485	20 39 26 8
7486	5 46 33 16
7487	13 44 9 46
7488	10 22 32 47
7489	26 32 42 27
7490	40 38 43 44
7491	27 48 42 50
7492	24 25 14 35
7493	28 26 10 16
7494	1 18 6 47
7495	28 40 10 43
7496	30 14 43 20
7497	15 16 26 44
7498	37 29 11 24
7499	31 29 27 44
7500	1 33 25 29
7501	41 7 11 28
7502	49 18 34 31
7503	8 28 43 44
7504	15 41 7 38
7505	4 10 39 16
7506	8 7 21 3
7507	41 42 34 1
7508	1 7 12 45
7509	50 15 45 49
7510	14 40 24 31
7511	15 45 36 17
7512	1 31 40 12
7513	29 7 12 1
7514	26 36 22 43
7515	45 14 42 33
7516	31 24 1 28
7517	5 37 39 46
7518	39 20 22 42
7519	38 23 10 13
7520	35 7 23 24
7521	44 3 43 21
7522	37 16 19 24
7523	14 44 3 39
7524	18 9 47 27
7525	14 11 29 19
7526	3 45 2 18
7527	23 39 1 29
7528	25 41 22 23
7529	48 20 9 23
7530	7 44 19 13
7531	40 19 31 46
7532	17 31 38 10
7533	7 15 5 26
7534	14 48 35 33
7535	30 42 23 24
7536	27 31 49 19
7537	48 24 21 19
7538	9 3 14 33
7539	22 9 35 11
7540	23 33 35 45
7541	15 25 48 34
7542	36 42 30 20
7543	11 24 14 19
7544	36 21 5 32
7545	18 24 43 3
7546	18 20 25 15
7547	33 3 48 14
7548	38 41 27 44
7549	46 27 5 24
7550	29 25 7 4
7551	34 1 16 28
7552	47 10 17 14
7553	1 3 43 24
7554	9 47 18 38
7555	23 25 24 33
7556	44 25 18 14
7557	25 47 45 29
7558	15 1 24 43
7559	19 10 47 14
7560	42 23 48 3
7561	10 42 49 18
7562	47 41 49 19
7563	48 35 38 20
7564	15 25 18 46
7565	36 31 3 43
7566	20 35 25 11
7567	43 40 26 46
7568	33 29 49 38
7569	43 29 42 35
7570	35 31 24 19
7571	14 39 48 11
7572	37 25 38 24
7573	32 25 29 35
7574	15 16 30 27
7575	25 35 41 13
7576	14 26 1 32
7577	3 4 1 35
7578	43 26 27 3
7579	8 3 25 4
7580	44 19 31 5
7581	43 10 13 29
7582	48 7 46 4
7583	20 2 8 35
7584	30 17 9 34
7585	16 41 50 8
7586	31 47 27 3
7587	50 27 45 48
7588	28 43 49 9
7589	26 24 42 43
7590	12 8 17 7
7591	12 3 11 10
7592	15 10 30 48
7593	50 37 20 48
7594	15 42 39 32
7595	14 49 16 27
7596	31 9 30 10
7597	12 36 35 20
7598	26 46 8 32
7599	30 42 37 19
7600	34 14 24 1
7601	8 41 39 37
7602	4 26 39 1
7603	8 9 5 14
7604	19 10 28 26
7605	40 14 6 44
7606	33 18 20 30
7607	9 40 30 48
7608	40 43 27 30
7609	4 43 30 7
7610	41 20 11 10
7611	26 21 28 50
7612	26 5 1 41
7613	13 25 2 37
7614	45 16 12 25
7615	3 26 39 33
7616	48 42 20 15
7617	8 19 28 38
7618	28 46 34 17
7619	4 9 34 39
7620	3 5 39 28
7621	5 34 40 32
7622	16 13 12 29
7623	12 8 41 34
7624	38 10 14 5
7625	49 12 41 28
7626	28 2 7 5
7627	26 42 29 2
7628	21 28 41 26
7629	8 24 36 18
7630	48 10 20 23
7631	33 11 38 26
7632	2 22 32 36
7633	17 27 40 37
7634	33 23 34 50
7635	43 50 1 47
7636	10 41 23 6
7637	13 37 42 48
7638	35 16 9 21
7639	11 20 23 35
7640	6 27 15 8
7641	40 47 9 17
7642	47 48 20 46
7643	2 28 8 16
7644	44 18 33 32
7645	50 24 14 44
7646	38 28 33 26
7647	43 10 22 50
7648	50 47 30 17
7649	36 41 11 16
7650	32 48 25 35
7651	23 30 9 26
7652	18 26 38 13
7653	31 46 45 33
7654	7 16 26 48
7655	10 19 43 15
7656	26 13 28 49
7657	50 30 21 37
7658	13 25 7 31
7659	7 13 49 10
7660	49 20 40 3
7661	21 19 15 13
7662	11 3 49 37
7663	25 47 26 48
7664	40 10 7 23
7665	43 9 35 34
7666	35 3 20 8
7667	19 33 21 22
7668	47 1 41 36
7669	33 46 10 15
7670	22 25 43 45
7671	14 31 9 18
7672	12 45 1 50
7673	21 4 43 42
7674	23 46 12 40
7675	4 39 28 23
7676	31 44 8 45
7677	33 9 48 40
7678	2 45 34 14
7679	47 7 23 22
7680	14 7 47 13
7681	31 3 36 42
7682	19 13 37 9
7683	31 37 46 16
7684	39 17 45 24
7685	27 5 19 46
7686	40 12 34 49
7687	26 13 24 10
7688	12 27 37 18
7689	44 47 19 2
7690	36 20 25 4
7691	20 27 29 28
7692	37 43 20 14
7693	28 8 27 24
7694	8 39 18 44
7695	15 21 34 26
7696	35 36 20 6
7697	8 15 35 17
7698	27 33 39 10
7699	3 35 1 22
7700	12 4 22 10
7701	14 7 21 34
7702	34 44 12 10
7703	42 5 24 33
7704	16 27 6 32
7705	7 37 27 8
7706	34 8 17 7
7707	1 32 42 12
7708	43 12 20 50
7709	28 32 11 34
7710	37 48 41 14
7711	33 30 17 25
7712	16 19 49 43
7713	10 37 5 26
7714	43 36 29 39
7715	24 3 43 8
7716	4 13 47 12
7717	11 13 28 49
7718	22 18 40 28
7719	30 2 17 10
7720	39 45 30 29
7721	38 28 43 9
7722	18 3 43 45
7723	36 39 46 16
7724	45 27 3 19
7725	9 49 27 48
7726	38 31 23 47
7727	41 19 2 4
7728	42 27 3 31
7729	17 16 44 20
7730	44 37 12 15
7731	35 31 46 39
7732	36 19 1 27
7733	11 49 15 32
7734	8 35 32 43
7735	36 22 18 13
7736	4 10 21 18
7737	5 11 12 30
7738	25 29 38 22
7739	8 32 11 38
7740	11 45 50 21
7741	13 5 35 44
7742	39 41 26 8
7743	28 42 40 13
7744	18 16 47 45
7745	32 42 39 19
7746	29 21 43 47
7747	46 14 4 29
7748	27 25 22 21
7749	46 50 20 34
7750	27 9 24 15
7751	31 26 42 30
7752	20 13 11 5
7753	30 26 48 21
7754	49 50 7 21
7755	26 28 45 4
7756	23 1 49 7
7757	31 32 4 35
7758	19 37 5 34
7759	30 36 19 41
7760	50 25 49 32
7761	33 2 49 37
7762	38 35 7 43
7763	31 12 6 15
7764	47 15 14 24
7765	47 21 16 40
7766	48 46 7 20
7767	4 1 21 17
7768	45 35 28 12
7769	4 41 32 1
7770	14 49 25 32
7771	38 7 40 4
7772	14 17 20 32
7773	34 37 42 36
7774	19 33 21 8
7775	33 42 47 17
7776	41 38 24 33
7777	38 23 27 2
7778	45 46 47 17
7779	34 40 2 14
7780	50 25 49 38
7781	1 46 37 12
7782	21 28 49 50
7783	40 48 23 31
7784	37 12 36 44
7785	8 23 16 38
7786	49 6 22 47
7787	17 47 30 48
7788	50 45 9 11
7789	14 31 49 10
7790	17 48 44 36
7791	13 34 31 45
7792	1 16 19 38
7793	14 32 2 27
7794	33 50 11 31
7795	39 44 13 20
7796	9 2 24 43
7797	37 44 15 14
7798	36 42 34 27
7799	24 17 14 1
7800	34 27 6 12
7801	19 25 24 45
7802	23 9 33 11
7803	18 30 34 3
7804	5 25 44 20
7805	45 8 10 16
7806	19 16 44 46
7807	35 16 27 39
7808	37 18 38 6
7809	12 49 7 29
7810	34 30 43 6
7811	18 2 24 44
7812	42 43 9 41
7813	13 46 43 10
7814	2 6 13 37
7815	50 21 4 28
7816	26 7 18 34
7817	4 14 24 28
7818	43 26 11 44
7819	10 46 39 11
7820	17 21 5 25
7821	24 9 3 21
7822	49 21 34 22
7823	39 38 10 20
7824	44 43 39 15
7825	32 41 30 7
7826	20 35 30 18
7827	18 42 33 28
7828	25 19 46 22
7829	20 35 7 4
7830	30 44 16 36
7831	21 18 31 40
7832	23 28 27 32
7833	28 33 38 22
7834	23 26 32 7
7835	50 8 4 46
7836	15 47 32 9
7837	47 45 8 1
7838	15 1 31 21
7839	20 28 36 19
7840	15 38 42 31
7841	45 47 29 27
7842	48 37 17 49
7843	16 11 20 8
7844	2 15 32 23
7845	15 2 36 34
7846	13 7 9 5
7847	21 37 50 8
7848	3 10 45 8
7849	26 49 35 16
7850	37 3 13 35
7851	34 28 35 47
7852	46 49 24 25
7853	48 30 37 13
7854	25 46 48 28
7855	25 21 32 1
7856	2 9 36 23
7857	27 39 26 21
7858	15 8 22 45
7859	17 27 47 48
7860	9 1 21 29
7861	42 17 45 41
7862	47 34 50 29
7863	19 7 13 21
7864	47 40 48 24
7865	42 24 46 29
7866	35 27 31 7
7867	25 42 18 3
7868	18 37 1 8
7869	19 17 5 18
7870	22 34 33 26
7871	48 30 37 21
7872	50 27 40 34
7873	6 37 44 16
7874	49 34 41 7
7875	40 24 47 32
7876	29 17 27 18
7877	20 8 47 6
7878	29 42 23 33
7879	31 40 39 37
7880	27 6 17 22
7881	18 26 9 16
7882	50 45 26 11
7883	24 45 33 39
7884	30 36 16 20
7885	48 32 39 21
7886	33 4 27 6
7887	8 9 24 41
7888	16 1 32 25
7889	46 34 30 50
7890	33 37 9 40
7891	21 32 48 45
7892	47 13 5 29
7893	47 49 24 45
7894	8 9 32 49
7895	19 34 36 10
7896	22 20 33 17
7897	50 21 30 5
7898	10 29 48 41
7899	10 49 18 21
7900	34 4 3 44
7901	38 28 29 31
7902	28 13 34 18
7903	7 36 15 18
7904	16 11 40 28
7905	37 32 13 33
7906	7 6 14 44
7907	20 38 46 2
7908	25 2 5 21
7909	23 6 3 33
7910	27 36 21 45
7911	49 45 36 6
7912	47 22 39 1
7913	14 33 30 45
7914	23 20 6 25
7915	17 30 42 7
7916	22 10 31 36
7917	48 19 47 26
7918	13 42 38 29
7919	37 23 6 10
7920	49 20 39 48
7921	39 19 3 20
7922	49 17 5 41
7923	40 23 30 28
7924	10 21 5 29
7925	7 41 42 48
7926	34 17 48 22
7927	2 6 18 31
7928	17 5 14 6
7929	22 6 25 43
7930	8 49 31 28
7931	33 37 36 21
7932	1 3 28 34
7933	14 46 26 18
7934	32 13 12 27
7935	18 44 6 10
7936	16 41 4 8
7937	5 7 26 6
7938	9 34 10 15
7939	47 17 29 22
7940	9 21 48 11
7941	14 29 30 48
7942	29 30 22 14
7943	44 26 3 48
7944	38 50 27 23
7945	19 18 14 6
7946	34 33 42 7
7947	21 19 36 8
7948	9 50 49 21
7949	32 28 27 38
7950	8 49 38 42
7951	26 49 36 24
7952	25 32 11 19
7953	30 34 45 35
7954	48 30 46 27
7955	12 1 17 33
7956	9 6 8 1
7957	30 20 42 14
7958	32 7 13 38
7959	27 35 8 34
7960	13 2 34 35
7961	19 2 34 46
7962	28 14 36 45
7963	13 9 45 36
7964	24 35 2 48
7965	25 26 42 50
7966	31 26 10 34
7967	14 50 26 25
7968	44 5 45 1
7969	35 45 20 4
7970	28 36 39 38
7971	3 12 37 8
7972	41 3 17 7
7973	49 9 5 36
7974	38 9 5 21
7975	11 43 15 24
7976	24 31 1 36
7977	3 15 8 4
7978	16 34 43 18
7979	33 49 50 8
7980	16 15 18 38
7981	9 14 42 22
7982	30 37 41 49
7983	6 20 13 40
7984	43 48 30 45
7985	8 10 46 35
7986	7 39 21 33
7987	26 44 39 22
7988	43 14 12 31
7989	48 20 38 4
7990	11 50 29 4
7991	45 32 8 40
7992	48 43 16 30
7993	45 42 49 38
7994	40 19 48 34
7995	38 2 11 34
7996	48 36 7 10
7997	41 30 34 36
7998	36 28 1 38
7999	49 24 34 23
8000	21 23 30 12
8001	50 31 9 21
8002	7 42 1 30
8003	37 36 18 47
8004	29 36 13 47
8005	31 22 45 6
8006	41 16 49 13
8007	10 46 31 11
8008	6 42 20 2
8009	44 36 48 17
8010	20 35 43 41
8011	8 5 3 41
8012	45 48 16 21
8013	11 18 16 45
8014	5 10 43 6
8015	35 8 20 24
8016	10 11 45 30
8017	50 14 30 31
8018	23 4 11 21
8019	31 40 30 19
8020	15 28 1 34
8021	4 12 40 30
8022	45 13 36 3
8023	26 31 17 46
8024	5 45 43 39
8025	29 50 1 3
8026	14 42 2 1
8027	50 47 28 17
8028	2 5 37 39
8029	16 27 32 3
8030	25 31 20 44
8031	34 28 35 8
8032	38 18 25 48
8033	48 38 12 18
8034	39 38 18 6
8035	7 36 47 10
8036	20 6 4 26
8037	32 11 34 26
8038	41 9 22 21
8039	40 16 47 44
8040	21 16 8 46
8041	24 6 13 36
8042	37 6 19 40
8043	20 13 46 19
8044	33 31 43 3
8045	4 41 50 10
8046	1 14 10 47
8047	31 18 36 11
8048	13 44 30 3
8049	11 26 19 25
8050	33 36 41 9
8051	34 36 49 46
8052	17 41 44 12
8053	42 17 6 2
8054	41 17 47 2
8055	48 45 10 2
8056	26 46 15 20
8057	31 17 41 33
8058	32 3 44 1
8059	34 44 1 13
8060	37 2 13 45
8061	17 10 12 23
8062	32 46 14 25
8063	12 8 14 45
8064	9 44 39 13
8065	20 3 6 46
8066	4 31 12 11
8067	27 50 43 34
8068	29 13 43 49
8069	15 27 22 37
8070	2 15 19 21
8071	48 30 11 32
8072	24 36 28 5
8073	49 40 39 47
8074	48 27 18 49
8075	44 4 21 6
8076	48 23 21 14
8077	47 45 27 12
8078	19 5 39 25
8079	25 14 26 20
8080	49 5 37 18
8081	45 1 11 48
8082	16 9 11 13
8083	33 3 47 1
8084	3 18 48 2
8085	7 47 39 33
8086	32 45 7 36
8087	14 41 9 33
8088	30 21 9 20
8089	25 21 48 30
8090	27 48 3 33
8091	17 38 24 2
8092	32 28 42 8
8093	25 24 38 21
8094	4 32 1 13
8095	39 47 14 28
8096	14 49 37 32
8097	10 44 19 42
8098	3 26 32 22
8099	13 41 34 16
8100	14 50 5 1
8101	17 27 22 7
8102	35 11 12 33
8103	43 21 7 50
8104	50 27 28 44
8105	29 47 49 15
8106	6 23 3 17
8107	34 17 19 6
8108	39 44 32 33
8109	25 44 35 11
8110	32 7 9 46
8111	41 3 11 8
8112	31 44 19 17
8113	40 16 3 44
8114	3 20 17 13
8115	49 29 40 21
8116	27 33 3 36
8117	8 30 24 26
8118	3 28 12 31
8119	31 2 10 43
8120	16 7 17 5
8121	42 31 4 46
8122	32 18 34 50
8123	17 27 43 7
8124	20 15 19 49
8125	25 21 6 5
8126	35 16 37 27
8127	16 48 9 20
8128	4 29 32 16
8129	50 29 13 27
8130	29 14 38 3
8131	45 44 37 46
8132	37 41 18 25
8133	4 45 35 1
8134	4 9 50 20
8135	12 37 30 6
8136	16 9 1 14
8137	25 40 27 34
8138	35 46 36 8
8139	18 4 48 30
8140	3 39 36 7
8141	30 38 21 35
8142	46 8 42 31
8143	10 29 4 38
8144	50 14 12 18
8145	34 10 8 31
8146	14 17 42 1
8147	27 44 34 39
8148	20 40 25 2
8149	27 50 11 41
8150	13 5 43 21
8151	13 7 17 9
8152	2 7 16 12
8153	8 26 9 39
8154	34 28 10 3
8155	46 18 48 19
8156	34 19 18 24
8157	1 39 37 3
8158	16 38 11 10
8159	3 18 40 47
8160	45 31 13 18
8161	17 39 35 32
8162	29 41 14 13
8163	25 34 41 42
8164	31 25 2 14
8165	38 6 40 5
8166	16 15 7 25
8167	23 44 10 35
8168	17 38 22 25
8169	40 47 42 28
8170	2 37 41 50
8171	36 16 18 2
8172	15 42 50 41
8173	3 16 4 22
8174	38 23 22 42
8175	48 25 17 18
8176	7 16 41 11
8177	3 18 15 20
8178	50 8 48 34
8179	25 35 42 9
8180	27 35 49 37
8181	3 23 30 14
8182	45 25 29 2
8183	30 4 25 7
8184	7 41 18 1
8185	24 44 4 29
8186	35 27 15 14
8187	12 48 21 39
8188	31 41 35 18
8189	18 21 43 34
8190	18 28 48 36
8191	9 35 27 21
8192	35 4 27 28
8193	34 6 27 40
8194	50 27 20 14
8195	45 36 30 26
8196	5 10 7 18
8197	6 41 31 5
8198	44 33 23 37
8199	19 22 2 6
8200	34 3 12 33
8201	20 44 19 38
8202	44 8 16 5
8203	46 27 44 37
8204	36 3 30 25
8205	24 42 36 39
8206	23 33 5 40
8207	4 44 35 50
8208	39 37 50 30
8209	31 1 9 14
8210	33 9 17 26
8211	22 30 25 46
8212	43 45 47 21
8213	5 38 45 21
8214	29 46 15 42
8215	25 30 28 23
8216	16 7 24 22
8217	41 20 44 22
8218	47 11 15 40
8219	20 32 21 2
8220	50 32 1 15
8221	28 1 50 18
8222	33 1 41 32
8223	22 40 18 35
8224	28 31 50 2
8225	12 21 22 20
8226	34 29 44 50
8227	17 9 16 2
8228	32 12 6 45
8229	40 3 45 39
8230	19 33 44 6
8231	11 42 33 17
8232	39 34 29 17
8233	47 4 1 31
8234	3 45 6 15
8235	46 45 40 28
8236	31 35 47 7
8237	28 30 39 16
8238	1 16 22 39
8239	14 12 45 20
8240	3 15 24 18
8241	47 39 13 11
8242	10 14 4 26
8243	5 14 19 4
8244	40 47 27 11
8245	50 25 43 10
8246	23 13 25 37
8247	26 16 34 25
8248	50 10 39 35
8249	38 40 23 11
8250	23 13 35 24
8251	33 17 29 18
8252	29 22 12 40
8253	9 36 19 10
8254	48 29 50 45
8255	35 14 31 39
8256	37 3 33 43
8257	9 17 10 35
8258	5 33 11 9
8259	4 1 33 21
8260	8 2 6 45
8261	3 23 6 39
8262	11 38 26 8
8263	43 48 50 49
8264	32 47 46 48
8265	27 29 34 43
8266	46 11 20 22
8267	20 36 13 33
8268	48 17 20 15
8269	19 14 28 42
8270	18 12 29 48
8271	27 28 39 32
8272	14 48 11 15
8273	22 6 12 45
8274	26 36 14 32
8275	21 6 37 36
8276	40 30 31 26
8277	49 1 47 28
8278	36 39 47 6
8279	7 39 27 41
8280	50 26 20 25
8281	44 38 25 28
8282	46 25 28 35
8283	11 1 40 24
8284	35 42 12 5
8285	9 29 28 34
8286	3 39 28 35
8287	25 10 49 31
8288	27 29 3 13
8289	27 42 2 5
8290	17 3 10 31
8291	10 49 20 34
8292	26 31 7 15
8293	32 9 10 49
8294	13 37 31 43
8295	37 9 3 36
8296	3 8 33 24
8297	30 19 45 42
8298	2 14 12 10
8299	10 26 36 5
8300	12 42 34 20
8301	28 40 20 13
8302	25 36 10 40
8303	27 8 42 11
8304	42 34 21 45
8305	38 1 28 12
8306	27 32 15 23
8307	10 30 40 50
8308	43 15 14 31
8309	24 2 17 26
8310	40 35 26 24
8311	36 6 20 49
8312	31 8 36 16
8313	17 13 40 34
8314	13 10 39 24
8315	2 7 37 25
8316	40 20 21 45
8317	23 27 50 42
8318	5 2 48 14
8319	13 21 50 2
8320	28 31 16 32
8321	34 11 38 1
8322	45 41 42 20
8323	36 17 34 28
8324	4 5 6 48
8325	26 37 12 4
8326	13 27 45 31
8327	29 20 38 24
8328	49 48 38 13
8329	29 16 25 28
8330	10 9 24 27
8331	43 36 27 44
8332	28 32 17 5
8333	41 4 6 18
8334	47 25 13 40
8335	5 2 43 24
8336	44 25 22 3
8337	42 40 10 4
8338	33 32 19 3
8339	24 42 36 43
8340	45 11 19 21
8341	1 18 4 31
8342	25 6 11 23
8343	20 24 35 21
8344	43 38 42 11
8345	46 15 22 16
8346	19 46 10 24
8347	24 41 39 6
8348	1 43 27 8
8349	40 14 17 33
8350	22 29 20 33
8351	36 16 25 26
8352	1 35 29 47
8353	46 47 20 37
8354	22 20 16 2
8355	40 28 1 25
8356	11 23 41 10
8357	41 38 15 44
8358	45 4 26 43
8359	12 20 13 17
8360	43 26 13 22
8361	39 16 43 21
8362	19 40 31 4
8363	10 31 33 7
8364	28 22 30 41
8365	30 42 28 50
8366	50 19 29 23
8367	4 7 22 19
8368	5 7 32 40
8369	36 30 42 5
8370	37 35 6 40
8371	26 4 37 9
8372	3 34 42 40
8373	1 44 20 36
8374	5 3 24 15
8375	40 11 48 38
8376	32 27 35 41
8377	47 12 32 5
8378	45 34 16 43
8379	8 33 40 24
8380	10 44 30 40
8381	34 32 43 35
8382	47 9 27 45
8383	15 27 39 50
8384	42 17 31 38
8385	35 34 6 37
8386	19 45 18 39
8387	41 6 30 15
8388	12 8 49 24
8389	1 38 25 12
8390	39 1 6 41
8391	21 27 2 3
8392	20 15 47 31
8393	18 44 33 39
8394	1 19 13 38
8395	6 24 14 38
8396	37 4 34 30
8397	6 29 47 4
8398	44 1 18 42
8399	5 24 46 3
8400	2 22 17 48
8401	18 31 30 32
8402	11 40 35 29
8403	39 11 7 48
8404	24 30 39 46
8405	41 16 23 39
8406	40 19 3 7
8407	50 45 19 40
8408	34 3 4 29
8409	47 14 11 16
8410	12 6 32 8
8411	16 3 28 20
8412	18 40 17 16
8413	48 8 24 32
8414	18 19 32 22
8415	34 43 20 37
8416	47 46 44 31
8417	28 39 29 44
8418	3 20 32 39
8419	10 49 29 12
8420	19 32 10 34
8421	28 44 50 31
8422	9 12 35 18
8423	41 43 32 13
8424	29 3 13 50
8425	35 41 15 49
8426	36 22 40 17
8427	39 27 40 16
8428	4 18 39 26
8429	33 44 8 32
8430	31 30 16 34
8431	21 20 27 48
8432	30 50 12 9
8433	42 34 45 26
8434	25 44 48 37
8435	31 24 36 32
8436	22 44 8 29
8437	38 6 17 15
8438	6 22 18 36
8439	40 46 42 26
8440	35 1 11 3
8441	4 22 21 15
8442	10 24 34 12
8443	9 5 45 46
8444	19 8 20 40
8445	17 34 45 13
8446	36 38 25 7
8447	12 29 16 22
8448	26 34 30 31
8449	36 43 49 11
8450	49 6 9 13
8451	18 6 31 19
8452	13 18 24 16
8453	20 33 32 27
8454	25 10 35 3
8455	24 42 28 22
8456	47 24 13 49
8457	11 46 45 32
8458	40 12 37 41
8459	27 18 13 15
8460	38 26 22 43
8461	28 19 15 22
8462	15 36 27 39
8463	28 20 41 35
8464	12 48 7 35
8465	12 27 42 22
8466	4 7 9 28
8467	5 4 20 12
8468	23 25 10 49
8469	24 18 43 50
8470	21 37 14 20
8471	31 12 20 49
8472	11 48 7 27
8473	46 31 16 50
8474	4 48 11 49
8475	42 33 4 8
8476	33 1 42 49
8477	28 22 33 14
8478	46 29 43 41
8479	21 40 33 32
8480	13 4 6 48
8481	43 13 18 12
8482	35 10 4 46
8483	23 16 7 38
8484	20 40 39 18
8485	16 32 5 49
8486	37 25 48 17
8487	17 38 37 18
8488	26 10 31 41
8489	6 30 37 32
8490	35 31 1 36
8491	15 14 19 50
8492	43 13 31 3
8493	27 19 30 32
8494	45 25 43 47
8495	6 28 1 2
8496	40 29 5 49
8497	25 32 48 34
8498	41 45 25 27
8499	40 44 13 9
8500	2 27 37 24
8501	31 43 38 42
8502	19 47 7 50
8503	42 6 35 43
8504	44 7 45 39
8505	39 31 3 14
8506	40 21 22 46
8507	14 13 44 48
8508	26 3 32 38
8509	24 1 10 15
8510	21 14 43 22
8511	9 35 49 15
8512	28 11 20 36
8513	6 26 45 37
8514	29 45 37 48
8515	30 19 26 36
8516	47 30 8 35
8517	42 8 47 24
8518	16 15 34 11
8519	16 10 32 26
8520	40 8 23 47
8521	5 45 13 19
8522	5 44 39 22
8523	43 28 10 20
8524	33 6 28 23
8525	9 18 17 10
8526	21 20 29 41
8527	24 29 23 1
8528	21 8 29 6
8529	10 14 44 23
8530	47 16 4 44
8531	47 4 48 12
8532	7 46 8 14
8533	36 10 33 38
8534	33 49 16 42
8535	50 5 15 38
8536	12 31 1 30
8537	16 25 38 14
8538	20 18 21 29
8539	22 19 32 4
8540	13 40 47 23
8541	7 14 23 18
8542	35 45 21 15
8543	20 17 14 28
8544	49 5 12 11
8545	32 26 12 39
8546	35 14 15 31
8547	14 4 35 23
8548	10 38 11 14
8549	7 26 50 45
8550	46 5 16 8
8551	28 10 40 25
8552	11 47 28 46
8553	48 1 50 27
8554	36 17 22 50
8555	22 9 42 11
8556	44 13 7 46
8557	18 47 49 14
8558	17 21 29 14
8559	1 27 31 23
8560	21 42 30 28
8561	17 44 30 14
8562	8 35 36 13
8563	35 14 50 48
8564	50 17 42 19
8565	49 50 45 30
8566	19 8 20 10
8567	8 25 38 34
8568	47 4 48 14
8569	10 26 13 3
8570	14 36 33 35
8571	1 27 7 50
8572	13 36 2 27
8573	13 33 28 42
8574	46 1 4 44
8575	29 9 3 4
8576	38 6 9 14
8577	7 28 49 20
8578	43 41 11 25
8579	6 39 38 47
8580	31 5 20 26
8581	11 33 36 22
8582	5 36 27 31
8583	50 21 48 1
8584	37 35 24 4
8585	42 2 12 25
8586	1 39 22 30
8587	36 7 5 27
8588	31 27 6 19
8589	18 34 9 2
8590	39 31 12 28
8591	46 42 23 36
8592	15 45 35 12
8593	10 34 45 39
8594	1 36 14 34
8595	10 23 40 43
8596	5 42 50 6
8597	8 19 11 5
8598	4 42 11 15
8599	12 41 33 36
8600	45 7 25 43
8601	20 36 35 16
8602	43 46 41 42
8603	45 27 31 49
8604	21 33 38 30
8605	21 7 35 16
8606	48 2 23 42
8607	27 10 20 26
8608	2 28 30 15
8609	9 17 12 8
8610	28 33 45 11
8611	22 19 48 9
8612	6 13 14 38
8613	30 2 35 48
8614	22 40 25 13
8615	45 39 46 13
8616	50 16 8 33
8617	27 47 18 34
8618	24 49 38 26
8619	21 44 35 11
8620	16 4 37 35
8621	32 5 30 19
8622	2 50 23 48
8623	47 28 35 32
8624	26 11 3 30
8625	8 28 29 24
8626	40 9 5 35
8627	12 23 42 46
8628	47 7 30 13
8629	46 37 33 38
8630	44 28 2 38
8631	10 47 4 50
8632	27 3 44 19
8633	42 39 29 46
8634	3 39 42 33
8635	36 16 45 49
8636	30 9 1 44
8637	27 12 23 5
8638	33 37 27 32
8639	45 18 10 17
8640	9 49 36 13
8641	34 7 45 44
8642	46 39 22 1
8643	26 5 14 15
8644	36 35 34 38
8645	29 17 16 38
8646	9 39 50 13
8647	41 26 12 47
8648	36 10 4 45
8649	35 28 30 2
8650	10 2 44 19
8651	15 41 43 8
8652	20 3 35 30
8653	10 20 29 34
8654	16 33 23 31
8655	48 18 14 22
8656	5 45 22 41
8657	1 33 37 20
8658	23 9 47 45
8659	19 17 32 12
8660	18 3 11 45
8661	37 33 38 13
8662	5 27 17 49
8663	11 17 16 4
8664	1 47 6 5
8665	15 26 6 19
8666	46 29 33 50
8667	7 42 45 3
8668	45 14 25 13
8669	14 26 8 45
8670	35 15 30 39
8671	18 46 3 19
8672	40 35 37 36
8673	39 36 28 41
8674	2 49 41 42
8675	3 28 34 19
8676	32 35 30 43
8677	34 49 47 31
8678	40 21 15 27
8679	28 14 35 31
8680	48 26 47 24
8681	43 48 23 30
8682	27 31 13 38
8683	11 18 15 7
8684	49 24 50 48
8685	49 22 6 7
8686	44 24 38 11
8687	1 27 30 2
8688	1 15 37 46
8689	45 43 40 3
8690	1 5 10 50
8691	33 45 3 14
8692	16 20 8 47
8693	13 40 4 12
8694	50 49 16 27
8695	1 7 47 15
8696	9 39 31 25
8697	41 27 10 18
8698	50 25 38 44
8699	38 37 5 30
8700	38 25 34 39
8701	32 41 45 12
8702	37 33 31 13
8703	16 47 30 29
8704	24 8 11 45
8705	10 5 18 3
8706	41 39 21 29
8707	1 23 20 11
8708	10 40 1 34
8709	38 16 48 25
8710	31 37 34 13
8711	43 33 38 8
8712	39 24 11 19
8713	26 49 31 28
8714	43 47 45 29
8715	11 19 2 48
8716	50 13 20 48
8717	27 48 21 42
8718	19 37 27 13
8719	28 8 10 15
8720	45 29 30 23
8721	31 16 10 46
8722	38 34 23 48
8723	2 39 32 28
8724	41 4 5 46
8725	8 44 29 28
8726	2 35 30 46
8727	47 41 31 46
8728	16 25 5 6
8729	8 5 3 17
8730	31 28 1 43
8731	8 38 2 21
8732	9 6 7 16
8733	45 7 28 14
8734	44 13 32 21
8735	17 29 13 42
8736	5 8 16 22
8737	35 5 49 11
8738	44 13 15 39
8739	19 8 26 2
8740	1 32 23 29
8741	38 40 36 50
8742	31 27 46 29
8743	5 32 49 21
8744	41 21 28 14
8745	29 33 45 43
8746	50 48 40 34
8747	9 20 4 14
8748	25 31 3 41
8749	33 44 4 3
8750	31 20 35 22
8751	47 17 12 35
8752	45 14 19 37
8753	16 12 28 47
8754	33 37 18 19
8755	36 45 1 11
8756	13 42 44 28
8757	12 48 4 6
8758	31 46 21 13
8759	12 39 29 21
8760	33 39 13 27
8761	6 39 24 1
8762	22 9 32 17
8763	13 12 23 18
8764	11 49 4 13
8765	16 45 31 39
8766	49 48 8 44
8767	32 1 21 24
8768	7 33 5 29
8769	24 20 39 44
8770	50 42 26 41
8771	45 50 21 15
8772	10 47 36 18
8773	30 23 10 29
8774	9 7 29 4
8775	41 24 49 5
8776	15 35 44 34
8777	32 21 38 50
8778	42 23 37 32
8779	41 38 43 18
8780	4 29 27 32
8781	38 45 24 2
8782	48 24 26 1
8783	24 2 40 50
8784	2 27 8 49
8785	17 5 19 1
8786	45 34 47 27
8787	50 45 24 30
8788	33 31 6 14
8789	42 3 26 34
8790	20 27 50 49
8791	44 21 19 40
8792	19 39 11 47
8793	29 32 22 40
8794	15 26 46 23
8795	33 18 29 17
8796	42 48 12 14
8797	50 29 46 26
8798	31 16 10 32
8799	13 23 30 28
8800	30 45 47 42
8801	36 26 7 50
8802	48 25 22 7
8803	30 16 32 10
8804	40 1 6 10
8805	41 21 50 4
8806	7 38 16 1
8807	24 3 44 23
8808	23 32 49 17
8809	36 28 16 2
8810	9 42 1 20
8811	47 32 48 46
8812	17 5 40 39
8813	48 11 2 29
8814	20 16 5 2
8815	14 27 34 47
8816	48 1 27 26
8817	4 20 10 29
8818	50 27 5 32
8819	17 38 33 30
8820	16 14 43 50
8821	7 40 16 43
8822	26 38 41 42
8823	2 44 50 42
8824	18 44 33 21
8825	14 6 13 27
8826	17 43 31 44
8827	31 45 5 30
8828	21 7 14 25
8829	33 14 17 48
8830	6 34 10 13
8831	4 22 15 17
8832	25 21 46 13
8833	25 28 9 43
8834	23 42 27 40
8835	3 12 25 49
8836	19 5 46 2
8837	8 26 6 24
8838	23 3 32 30
8839	44 50 17 48
8840	6 5 22 10
8841	41 15 28 40
8842	1 25 11 28
8843	26 15 48 18
8844	6 34 32 8
8845	1 17 35 14
8846	38 36 22 30
8847	12 43 50 24
8848	47 18 13 2
8849	20 17 41 18
8850	43 38 5 6
8851	37 38 28 7
8852	39 15 6 4
8853	26 33 45 9
8854	37 7 4 15
8855	15 9 7 40
8856	38 2 10 14
8857	35 48 41 23
8858	31 16 21 6
8859	41 14 48 36
8860	36 16 25 44
8861	12 5 27 9
8862	15 48 40 8
8863	32 23 1 41
8864	21 25 22 20
8865	2 33 39 9
8866	11 48 49 7
8867	44 40 17 24
8868	44 39 36 20
8869	41 16 40 26
8870	13 45 47 6
8871	38 47 45 26
8872	29 41 44 38
8873	21 34 5 11
8874	44 38 9 36
8875	38 13 20 48
8876	42 50 17 4
8877	31 28 19 42
8878	5 14 50 28
8879	45 14 42 11
8880	26 17 10 22
8881	48 32 31 7
8882	33 7 28 45
8883	30 31 36 3
8884	50 18 39 47
8885	49 24 19 8
8886	43 37 9 23
8887	48 6 28 5
8888	34 42 30 50
8889	5 16 17 13
8890	9 32 48 3
8891	27 17 5 33
8892	30 11 26 3
8893	8 14 2 7
8894	10 41 17 18
8895	34 16 46 31
8896	27 11 14 39
8897	35 38 29 34
8898	36 1 47 49
8899	24 37 48 45
8900	7 33 38 20
8901	22 32 38 5
8902	44 24 2 4
8903	30 50 44 15
8904	20 43 36 15
8905	20 28 50 45
8906	29 28 27 7
8907	14 39 34 47
8908	36 4 13 47
8909	40 25 42 2
8910	13 5 30 17
8911	46 43 39 4
8912	16 8 5 49
8913	46 27 39 25
8914	45 5 48 38
8915	38 24 3 16
8916	41 46 45 5
8917	22 37 25 38
8918	1 37 46 16
8919	11 38 40 20
8920	43 38 19 31
8921	24 38 11 41
8922	26 16 9 20
8923	32 23 5 17
8924	48 7 31 1
8925	25 40 2 32
8926	48 47 39 35
8927	17 37 49 6
8928	15 40 9 6
8929	38 28 43 3
8930	49 23 8 32
8931	48 19 7 22
8932	2 30 50 18
8933	50 47 27 1
8934	36 44 46 37
8935	41 47 49 32
8936	7 32 25 22
8937	6 31 30 18
8938	27 30 19 25
8939	23 12 33 9
8940	30 33 22 35
8941	49 48 34 50
8942	44 29 43 17
8943	44 33 2 11
8944	15 12 31 24
8945	26 2 12 30
8946	39 16 15 45
8947	4 49 12 28
8948	14 22 24 34
8949	27 31 5 28
8950	22 13 5 45
8951	3 43 48 14
8952	33 32 7 47
8953	50 31 19 11
8954	46 27 12 7
8955	32 8 47 25
8956	3 5 12 37
8957	30 20 14 27
8958	23 6 48 38
8959	17 45 35 25
8960	7 31 45 44
8961	13 22 19 21
8962	46 50 13 17
8963	19 50 35 45
8964	2 44 19 8
8965	36 1 27 46
8966	8 27 41 46
8967	37 3 22 49
8968	14 22 4 27
8969	49 4 47 24
8970	46 5 20 40
8971	2 43 23 16
8972	1 11 30 15
8973	31 43 25 42
8974	33 36 29 48
8975	21 17 14 37
8976	35 21 10 27
8977	44 12 35 1
8978	30 8 27 4
8979	47 30 31 38
8980	26 47 45 23
8981	27 46 10 25
8982	44 14 2 32
8983	18 6 10 25
8984	2 23 34 24
8985	4 45 25 34
8986	17 27 48 45
8987	22 24 28 19
8988	27 19 3 10
8989	19 39 22 29
8990	35 37 50 34
8991	7 21 26 46
8992	28 17 29 37
8993	38 16 25 35
8994	24 1 15 33
8995	10 49 20 5
8996	23 5 13 44
8997	40 32 22 12
8998	26 34 11 4
8999	45 11 7 6
9000	13 44 23 15
9001	22 42 39 38
9002	43 48 38 31
9003	25 18 7 50
9004	49 16 41 36
9005	15 11 21 18
9006	25 43 28 45
9007	35 41 45 19
9008	23 50 25 7
9009	27 46 19 11
9010	46 37 13 32
9011	43 29 2 15
9012	38 30 43 11
9013	46 50 44 41
9014	21 40 39 17
9015	16 47 42 30
9016	43 46 26 23
9017	15 2 43 47
9018	22 1 9 32
9019	29 36 16 11
9020	44 23 19 27
9021	32 4 20 7
9022	33 19 41 47
9023	18 29 5 46
9024	40 19 8 49
9025	48 33 49 12
9026	28 12 29 37
9027	2 25 40 18
9028	45 49 25 10
9029	15 30 40 26
9030	32 29 7 18
9031	30 24 31 21
9032	28 50 30 9
9033	42 11 35 46
9034	39 25 30 31
9035	44 1 20 14
9036	4 26 40 6
9037	2 43 12 16
9038	47 13 50 22
9039	11 18 23 7
9040	42 44 45 12
9041	10 35 18 22
9042	4 9 32 6
9043	45 24 47 35
9044	9 44 31 32
9045	30 17 10 3
9046	17 20 30 7
9047	47 42 12 7
9048	38 6 8 45
9049	35 48 30 12
9050	37 11 41 17
9051	40 25 20 10
9052	27 6 15 48
9053	50 17 10 21
9054	9 11 18 26
9055	44 21 30 29
9056	43 22 48 21
9057	43 32 20 23
9058	45 4 35 42
9059	40 21 43 30
9060	48 7 29 26
9061	20 16 33 19
9062	50 10 24 17
9063	8 45 31 46
9064	12 23 7 9
9065	6 1 44 11
9066	28 2 43 17
9067	48 30 36 46
9068	38 48 13 17
9069	4 47 29 28
9070	1 30 3 38
9071	25 17 44 37
9072	16 14 26 24
9073	3 2 23 47
9074	31 26 29 19
9075	27 30 46 29
9076	49 36 43 24
9077	7 35 23 46
9078	29 17 25 11
9079	21 42 2 31
9080	3 11 29 39
9081	24 18 36 17
9082	18 6 20 29
9083	41 4 50 19
9084	28 50 49 33
9085	11 7 15 31
9086	42 49 38 28
9087	33 34 29 2
9088	11 23 13 26
9089	7 45 24 12
9090	28 33 45 10
9091	36 5 7 19
9092	14 50 41 18
9093	28 30 23 20
9094	36 6 28 8
9095	50 5 1 9
9096	48 33 39 37
9097	12 47 32 21
9098	2 47 32 30
9099	32 50 23 29
9100	33 38 3 15
9101	5 30 17 13
9102	41 11 5 23
9103	18 16 11 20
9104	33 22 5 43
9105	21 49 33 2
9106	39 26 33 6
9107	25 50 7 45
9108	2 47 38 39
9109	26 7 25 16
9110	10 31 19 29
9111	25 45 8 3
9112	22 13 8 4
9113	43 10 15 42
9114	48 6 49 2
9115	43 17 28 13
9116	46 32 7 23
9117	40 21 33 30
9118	34 27 36 29
9119	22 34 3 50
9120	1 33 20 44
9121	38 39 7 33
9122	43 50 3 10
9123	13 18 19 50
9124	10 36 11 6
9125	24 30 15 14
9126	26 10 48 36
9127	37 10 36 50
9128	6 42 13 40
9129	29 2 45 22
9130	50 37 22 26
9131	14 49 41 50
9132	9 41 33 3
9133	42 41 50 10
9134	6 3 19 42
9135	33 39 15 3
9136	20 12 48 2
9137	30 6 20 2
9138	22 24 25 45
9139	30 36 13 23
9140	2 32 45 36
9141	26 2 22 44
9142	19 3 23 18
9143	22 7 45 30
9144	13 35 36 31
9145	8 21 20 34
9146	45 32 19 16
9147	39 14 32 20
9148	48 1 49 3
9149	13 18 36 27
9150	47 15 37 50
9151	31 40 24 22
9152	15 38 1 45
9153	6 24 5 21
9154	22 9 7 17
9155	25 41 47 30
9156	42 18 1 45
9157	17 31 35 33
9158	39 16 14 15
9159	37 26 12 5
9160	34 50 4 2
9161	2 19 43 10
9162	38 15 39 4
9163	21 50 8 40
9164	6 12 16 3
9165	20 35 11 36
9166	31 25 6 36
9167	6 26 1 25
9168	6 45 21 16
9169	44 24 46 14
9170	37 39 29 16
9171	26 42 7 22
9172	23 43 26 25
9173	33 11 21 17
9174	7 17 2 43
9175	6 15 47 32
9176	50 3 40 46
9177	32 33 10 21
9178	15 22 38 43
9179	27 13 5 9
9180	1 50 42 43
9181	23 22 44 47
9182	47 17 27 16
9183	12 38 22 3
9184	47 14 46 2
9185	40 41 28 37
9186	11 35 36 22
9187	42 30 44 10
9188	28 25 11 38
9189	39 32 10 15
9190	41 33 4 6
9191	35 11 47 38
9192	42 46 26 6
9193	29 4 40 48
9194	48 31 36 2
9195	50 32 46 49
9196	38 43 45 39
9197	29 13 39 33
9198	32 26 2 46
9199	25 31 3 28
9200	26 40 41 4
9201	17 39 12 23
9202	28 1 16 36
9203	35 10 32 7
9204	14 38 11 24
9205	45 12 17 19
9206	36 1 15 24
9207	12 39 8 44
9208	25 10 35 17
9209	17 29 46 27
9210	13 44 29 6
9211	26 14 38 6
9212	19 28 38 21
9213	49 37 46 2
9214	25 10 43 38
9215	32 22 12 6
9216	27 14 17 11
9217	12 44 20 21
9218	19 8 11 13
9219	42 48 34 30
9220	42 23 33 29
9221	24 4 36 49
9222	10 6 37 39
9223	24 34 2 25
9224	6 31 36 19
9225	25 37 39 26
9226	11 49 47 13
9227	5 47 37 19
9228	39 26 50 2
9229	23 28 36 27
9230	45 47 31 23
9231	2 49 34 23
9232	23 4 33 47
9233	33 23 26 42
9234	4 8 30 26
9235	16 49 4 28
9236	2 31 37 33
9237	37 38 47 27
9238	29 39 19 23
9239	15 20 5 38
9240	34 18 8 48
9241	36 12 15 23
9242	9 4 18 33
9243	31 26 17 49
9244	34 12 21 41
9245	19 47 17 21
9246	20 16 8 6
9247	3 39 1 28
9248	26 36 19 27
9249	27 34 48 38
9250	26 50 19 47
9251	9 42 4 24
9252	12 15 11 27
9253	12 27 9 44
9254	34 22 45 14
9255	26 34 9 49
9256	47 36 34 11
9257	41 42 2 29
9258	6 34 29 9
9259	10 33 32 16
9260	27 20 9 24
9261	17 14 8 39
9262	32 22 39 50
9263	31 27 35 36
9264	10 37 7 16
9265	13 11 39 16
9266	23 26 13 12
9267	37 23 27 50
9268	7 24 35 40
9269	15 45 46 42
9270	11 22 6 32
9271	50 13 20 22
9272	36 50 30 18
9273	33 6 40 46
9274	23 40 19 21
9275	50 6 31 37
9276	30 10 39 28
9277	36 9 37 12
9278	21 19 18 46
9279	6 23 22 18
9280	27 26 44 9
9281	35 37 31 29
9282	16 38 46 28
9283	31 23 45 15
9284	17 30 10 5
9285	1 28 19 49
9286	32 9 24 25
9287	19 2 31 11
9288	49 32 41 15
9289	21 41 3 36
9290	34 2 15 16
9291	15 36 12 22
9292	40 44 35 9
9293	32 40 20 12
9294	31 45 5 47
9295	48 28 9 42
9296	38 12 9 28
9297	12 49 17 31
9298	34 20 15 49
9299	17 21 35 4
9300	27 35 15 4
9301	43 15 50 27
9302	36 42 6 7
9303	23 10 37 30
9304	37 35 19 45
9305	50 38 26 4
9306	3 12 28 23
9307	7 31 16 8
9308	24 42 48 8
9309	20 46 12 7
9310	7 31 19 25
9311	4 9 30 35
9312	17 28 11 6
9313	14 18 16 44
9314	31 18 16 29
9315	50 24 19 18
9316	31 15 10 4
9317	6 26 1 25
9318	6 35 21 5
9319	1 18 17 14
9320	10 40 1 36
9321	22 19 7 9
9322	9 13 42 38
9323	45 35 42 30
9324	48 38 7 29
9325	15 12 47 48
9326	15 2 26 36
9327	28 35 1 44
9328	14 18 16 20
9329	26 48 50 45
9330	41 14 34 3
9331	20 28 13 17
9332	40 3 20 38
9333	26 48 49 20
9334	13 43 10 19
9335	27 12 44 38
9336	33 45 14 41
9337	17 43 44 34
9338	42 27 36 6
9339	49 21 38 45
9340	33 36 21 25
9341	32 3 24 9
9342	29 16 32 22
9343	12 22 13 43
9344	10 23 32 29
9345	24 4 35 30
9346	33 8 6 38
9347	7 19 18 12
9348	16 5 8 44
9349	49 25 31 17
9350	42 21 49 30
9351	15 28 33 50
9352	50 42 38 39
9353	45 43 2 27
9354	24 19 18 32
9355	47 24 45 27
9356	20 8 13 22
9357	5 37 43 32
9358	37 24 22 41
9359	46 14 25 3
9360	7 40 9 24
9361	15 28 18 6
9362	48 43 16 20
9363	47 42 34 12
9364	46 45 31 36
9365	31 50 30 23
9366	34 1 12 49
9367	2 27 23 33
9368	45 28 12 8
9369	38 30 18 10
9370	45 6 37 35
9371	22 4 13 29
9372	6 32 18 37
9373	18 28 16 46
9374	36 13 7 43
9375	14 19 50 16
9376	42 9 46 7
9377	28 14 37 20
9378	42 12 23 6
9379	13 31 8 50
9380	2 11 33 38
9381	46 17 32 6
9382	35 45 49 37
9383	27 4 32 5
9384	26 9 47 32
9385	18 39 16 11
9386	32 4 33 2
9387	48 36 41 7
9388	24 20 29 6
9389	37 11 3 34
9390	18 29 13 11
9391	11 36 4 8
9392	16 7 19 1
9393	45 30 32 6
9394	47 48 31 1
9395	29 22 35 10
9396	43 7 24 30
9397	1 4 44 36
9398	8 15 25 39
9399	39 12 41 29
9400	49 3 41 34
9401	36 23 37 2
9402	28 19 23 13
9403	44 7 6 34
9404	9 36 8 17
9405	47 24 44 42
9406	8 37 43 33
9407	29 31 13 37
9408	29 7 31 3
9409	11 17 25 26
9410	5 15 44 23
9411	1 5 40 13
9412	41 24 23 33
9413	11 6 44 25
9414	37 28 41 9
9415	17 50 49 6
9416	37 10 6 31
9417	8 46 13 37
9418	44 30 27 8
9419	38 17 16 31
9420	46 16 38 4
9421	17 30 43 20
9422	36 14 19 46
9423	27 22 7 46
9424	12 7 8 24
9425	41 45 30 44
9426	30 48 32 7
9427	18 38 16 28
9428	23 27 41 4
9429	23 42 33 9
9430	6 21 7 44
9431	10 36 32 7
9432	44 7 18 12
9433	36 32 34 28
9434	32 46 9 28
9435	20 44 34 47
9436	8 49 32 17
9437	14 33 11 43
9438	26 33 27 8
9439	39 7 5 41
9440	26 32 9 16
9441	12 32 10 3
9442	23 21 29 33
9443	8 26 37 9
9444	13 11 7 8
9445	9 49 18 38
9446	41 3 29 42
9447	36 35 48 15
9448	43 28 27 13
9449	15 34 9 21
9450	8 39 4 18
9451	22 1 20 38
9452	13 12 10 43
9453	23 32 27 7
9454	44 20 15 29
9455	7 19 28 36
9456	30 37 8 39
9457	35 42 19 30
9458	46 10 6 24
9459	22 11 45 46
9460	25 16 13 27
9461	22 31 32 10
9462	34 1 39 22
9463	5 33 37 6
9464	43 38 42 28
9465	17 38 8 24
9466	45 43 7 6
9467	43 30 38 28
9468	44 23 49 19
9469	2 35 49 11
9470	13 7 6 1
9471	21 23 4 46
9472	20 4 37 10
9473	43 19 20 23
9474	5 23 45 49
9475	5 35 6 11
9476	33 34 50 24
9477	4 35 3 46
9478	4 32 26 50
9479	14 3 44 33
9480	6 8 2 18
9481	24 49 4 10
9482	1 45 22 15
9483	33 12 34 16
9484	22 29 13 26
9485	50 44 6 23
9486	4 5 15 2
9487	47 29 28 38
9488	1 33 22 8
9489	49 26 8 30
9490	8 20 27 46
9491	40 14 36 6
9492	46 45 17 36
9493	5 1 3 42
9494	44 15 4 31
9495	28 36 47 23
9496	10 32 46 50
9497	49 14 35 28
9498	28 36 13 22
9499	25 3 38 46
9500	28 21 35 25
9501	11 39 45 27
9502	50 24 20 32
9503	42 15 39 43
9504	44 31 49 50
9505	16 31 20 28
9506	4 33 43 11
9507	47 27 29 14
9508	44 1 27 47
9509	17 13 39 24
9510	12 10 11 38
9511	23 26 37 13
9512	19 29 42 38
9513	31 46 3 9
9514	29 4 17 45
9515	43 25 44 46
9516	1 48 9 40
9517	49 26 35 15
9518	43 37 28 26
9519	5 35 29 30
9520	13 41 10 34
9521	18 17 2 1
9522	3 37 9 32
9523	20 44 33 37
9524	34 9 5 21
9525	25 2 23 50
9526	6 23 34 27
9527	46 12 28 27
9528	6 13 29 5
9529	9 6 37 28
9530	38 39 18 10
9531	3 2 43 40
9532	39 30 50 26
9533	7 35 27 12
9534	40 8 47 1
9535	34 38 44 23
9536	36 30 23 33
9537	37 27 46 26
9538	14 39 36 1
9539	40 33 10 21
9540	33 49 20 44
9541	48 20 22 49
9542	25 45 28 7
9543	5 32 10 27
9544	2 48 47 11
9545	26 8 24 21
9546	1 33 14 40
9547	24 21 16 39
9548	32 40 45 50
9549	26 17 36 7
9550	29 36 35 17
9551	4 41 23 40
9552	14 4 44 25
9553	18 40 10 33
9554	34 47 19 18
9555	39 40 23 29
9556	32 47 16 31
9557	44 25 20 39
9558	42 16 22 9
9559	31 50 7 2
9560	27 16 42 28
9561	13 7 6 12
9562	48 12 24 37
9563	18 47 11 16
9564	38 7 29 1
9565	32 34 49 4
9566	17 28 32 40
9567	41 23 44 27
9568	41 44 39 32
9569	12 47 13 20
9570	48 28 10 11
9571	27 50 6 42
9572	14 45 8 49
9573	32 35 2 42
9574	49 28 41 26
9575	22 48 15 33
9576	8 11 47 32
9577	21 15 37 18
9578	40 50 7 45
9579	27 39 18 50
9580	45 13 40 42
9581	6 19 37 8
9582	18 26 37 3
9583	18 50 30 9
9584	10 17 45 40
9585	43 23 10 8
9586	15 13 35 8
9587	3 35 30 44
9588	26 30 35 45
9589	41 50 9 10
9590	40 1 4 8
9591	19 34 38 1
9592	35 22 17 29
9593	11 40 24 44
9594	24 43 29 48
9595	27 38 5 10
9596	35 22 3 17
9597	24 15 27 41
9598	5 4 8 29
9599	50 33 30 11
9600	46 36 49 5
9601	4 26 25 36
9602	31 22 11 6
9603	35 36 1 11
9604	5 23 44 18
9605	24 50 36 10
9606	30 9 23 20
9607	15 47 13 36
9608	17 22 39 40
9609	23 17 5 21
9610	2 49 38 5
9611	8 26 7 32
9612	43 37 31 19
9613	4 22 35 6
9614	43 30 25 9
9615	26 46 42 50
9616	50 45 1 7
9617	3 8 17 22
9618	41 19 37 32
9619	35 24 2 4
9620	20 32 24 11
9621	36 41 32 12
9622	28 32 16 4
9623	9 13 1 28
9624	12 33 3 23
9625	29 32 5 33
9626	16 38 25 9
9627	15 34 16 36
9628	4 3 12 40
9629	50 46 5 43
9630	47 42 49 27
9631	13 23 42 41
9632	50 6 26 48
9633	19 2 32 29
9634	6 14 39 42
9635	27 16 24 46
9636	46 2 9 31
9637	8 12 47 35
9638	25 24 44 49
9639	13 5 26 2
9640	17 31 43 34
9641	12 7 17 50
9642	38 30 48 43
9643	15 23 13 45
9644	9 25 31 35
9645	48 45 25 13
9646	40 8 50 21
9647	40 8 37 32
9648	18 22 9 44
9649	29 13 1 9
9650	2 20 21 32
9651	49 45 34 44
9652	27 48 3 16
9653	29 28 39 37
9654	31 9 5 10
9655	14 24 23 50
9656	15 37 43 29
9657	13 41 18 50
9658	19 6 25 42
9659	44 28 47 25
9660	34 24 32 11
9661	37 28 9 10
9662	26 33 24 46
9663	43 29 2 10
9664	18 26 47 3
9665	1 29 31 41
9666	17 37 3 19
9667	33 48 6 28
9668	7 32 39 4
9669	48 19 17 16
9670	50 28 16 7
9671	17 46 21 50
9672	39 8 28 11
9673	26 13 49 19
9674	42 40 43 10
9675	45 28 14 38
9676	28 11 38 31
9677	21 12 32 29
9678	28 19 33 39
9679	42 21 4 3
9680	22 30 46 40
9681	39 38 20 48
9682	33 42 22 30
9683	15 20 50 6
9684	38 5 10 44
9685	7 38 15 36
9686	10 2 43 48
9687	13 40 33 16
9688	12 6 47 18
9689	41 30 11 32
9690	4 15 11 38
9691	20 42 27 28
9692	18 13 43 8
9693	48 20 40 1
9694	28 50 30 18
9695	16 39 37 43
9696	31 9 13 1
9697	6 35 4 45
9698	30 16 20 45
9699	34 16 42 30
9700	2 31 8 9
9701	6 20 7 5
9702	7 43 10 9
9703	35 34 30 11
9704	6 28 46 43
9705	48 4 44 31
9706	7 8 40 4
9707	32 45 13 33
9708	11 50 34 5
9709	46 35 17 43
9710	40 27 47 35
9711	29 22 7 31
9712	40 12 27 1
9713	34 6 24 48
9714	10 40 45 3
9715	46 36 30 45
9716	2 35 49 19
9717	15 28 30 48
9718	21 28 11 6
9719	2 38 26 19
9720	32 15 20 45
9721	22 41 30 10
9722	1 47 15 41
9723	25 38 40 14
9724	30 9 2 27
9725	11 32 44 2
9726	23 15 29 39
9727	2 42 28 50
9728	15 40 37 49
9729	20 7 9 6
9730	40 4 22 25
9731	25 32 6 35
9732	6 33 4 10
9733	22 50 9 14
9734	25 36 5 43
9735	3 28 44 38
9736	12 44 15 33
9737	40 26 7 36
9738	12 6 20 19
9739	2 33 4 26
9740	45 42 9 34
9741	19 17 6 33
9742	42 43 26 18
9743	9 13 28 21
9744	12 40 14 44
9745	24 19 45 15
9746	12 19 48 13
9747	47 38 1 30
9748	29 32 8 48
9749	43 36 42 5
9750	10 47 1 9
9751	34 21 16 46
9752	15 27 46 18
9753	49 34 4 13
9754	14 24 1 15
9755	28 9 30 1
9756	39 1 12 25
9757	43 16 23 5
9758	20 38 16 36
9759	21 43 2 41
9760	9 33 25 36
9761	36 14 8 16
9762	16 26 40 15
9763	7 39 9 37
9764	5 40 25 13
9765	17 48 15 27
9766	29 21 31 47
9767	5 8 44 2
9768	15 13 16 8
9769	25 12 11 10
9770	11 16 46 7
9771	15 47 18 17
9772	18 14 6 28
9773	46 34 19 3
9774	4 33 44 31
9775	10 44 34 39
9776	1 12 19 24
9777	42 28 29 24
9778	39 27 49 17
9779	21 2 3 6
9780	31 12 18 16
9781	18 20 13 50
9782	14 41 10 12
9783	17 42 46 40
9784	37 30 20 28
9785	21 29 12 19
9786	31 34 22 8
9787	21 18 29 25
9788	38 12 30 11
9789	16 47 28 46
9790	48 32 8 35
9791	38 11 36 43
9792	23 48 12 42
9793	13 6 9 33
9794	17 25 46 42
9795	46 38 19 47
9796	22 18 45 42
9797	43 48 2 50
9798	4 5 18 30
9799	25 9 5 4
9800	11 47 41 45
9801	50 2 35 26
9802	21 7 23 46
9803	19 42 26 8
9804	15 42 6 39
9805	49 33 48 4
9806	30 14 42 38
9807	18 40 30 12
9808	1 12 46 49
9809	48 24 27 17
9810	38 10 19 18
9811	34 45 41 26
9812	22 33 35 30
9813	40 5 49 37
9814	14 49 2 21
9815	38 41 30 2
9816	8 27 5 50
9817	48 27 8 26
9818	30 23 45 15
9819	13 24 1 47
9820	13 12 40 46
9821	18 14 17 29
9822	24 2 23 21
9823	8 2 1 6
9824	29 41 31 12
9825	7 32 35 5
9826	46 11 44 43
9827	49 8 19 2
9828	43 2 4 23
9829	5 36 21 27
9830	4 39 5 50
9831	30 6 43 16
9832	3 16 42 1
9833	36 1 40 10
9834	48 18 47 44
9835	39 11 18 37
9836	24 4 43 27
9837	12 20 33 2
9838	14 35 45 3
9839	11 34 6 15
9840	27 34 2 28
9841	8 13 11 9
9842	8 22 48 39
9843	14 15 46 5
9844	35 41 22 50
9845	46 9 5 50
9846	19 1 2 27
9847	46 28 30 8
9848	11 44 6 21
9849	19 21 36 49
9850	7 33 41 13
9851	48 19 49 8
9852	46 14 12 31
9853	29 9 24 36
9854	41 22 11 13
9855	20 33 12 1
9856	15 32 12 47
9857	9 10 1 25
9858	7 28 49 24
9859	36 17 10 38
9860	8 50 6 30
9861	45 7 34 12
9862	6 26 28 12
9863	8 25 43 20
9864	9 48 15 34
9865	34 36 31 21
9866	45 46 10 4
9867	11 13 33 22
9868	41 34 5 50
9869	18 13 49 7
9870	45 44 28 4
9871	23 5 9 25
9872	31 5 34 17
9873	48 40 25 30
9874	8 35 45 30
9875	46 48 29 39
9876	20 18 42 48
9877	48 22 24 46
9878	5 27 40 42
9879	49 32 13 31
9880	21 10 46 22
9881	24 13 3 19
9882	20 19 45 23
9883	6 4 40 45
9884	19 26 34 43
9885	25 13 37 34
9886	18 23 7 26
9887	22 41 18 25
9888	13 22 5 37
9889	37 45 7 3
9890	9 29 45 28
9891	16 19 26 9
9892	8 33 40 16
9893	33 7 13 28
9894	14 32 21 23
9895	11 17 28 43
9896	40 27 4 25
9897	40 28 14 35
9898	21 20 40 38
9899	11 10 46 31
9900	29 37 50 44
9901	3 19 31 37
9902	22 1 17 38
9903	11 23 7 24
9904	22 18 3 15
9905	8 49 14 1
9906	21 2 15 10
9907	13 39 33 3
9908	29 39 42 27
9909	34 38 40 10
9910	28 19 8 37
9911	44 15 14 12
9912	28 4 26 23
9913	48 31 2 20
9914	44 34 47 7
9915	31 46 47 32
9916	11 38 2 21
9917	31 17 43 46
9918	31 3 18 2
9919	22 3 21 8
9920	13 21 32 18
9921	45 36 20 27
9922	30 18 49 32
9923	37 28 36 30
9924	11 47 50 25
9925	43 37 13 9
9926	28 10 16 45
9927	22 29 2 35
9928	21 7 13 30
9929	19 28 30 26
9930	15 29 19 13
9931	28 46 43 48
9932	42 44 45 34
9933	29 50 48 30
9934	22 19 26 4
9935	39 40 45 15
9936	25 43 48 45
9937	32 48 4 38
9938	33 11 14 9
9939	44 20 50 47
9940	15 9 37 28
9941	10 13 12 46
9942	20 16 2 10
9943	33 30 5 41
9944	11 49 44 8
9945	17 30 5 38
9946	33 5 3 6
9947	22 47 16 42
9948	11 9 20 22
9949	29 21 37 14
9950	35 9 49 2
9951	26 28 22 32
9952	31 18 37 39
9953	30 3 24 46
9954	1 17 23 8
9955	27 13 18 37
9956	17 12 14 19
9957	23 42 25 21
9958	40 10 30 29
9959	28 49 36 44
9960	50 17 38 47
9961	25 44 20 49
9962	49 31 34 28
9963	3 30 14 15
9964	6 29 1 32
9965	13 3 48 39
9966	39 46 17 12
9967	34 26 44 22
9968	22 23 27 24
9969	19 22 33 44
9970	45 49 26 50
9971	33 32 1 24
9972	22 27 7 21
9973	5 40 24 4
9974	31 46 11 45
9975	7 9 44 38
9976	13 20 12 7
9977	40 24 37 3
9978	25 38 32 14
9979	50 17 18 4
9980	45 33 29 10
9981	36 34 13 35
9982	17 20 13 21
9983	3 32 50 22
9984	23 33 25 5
9985	48 25 23 7
9986	17 20 21 35
9987	18 34 1 30
9988	5 36 24 28
9989	49 28 48 37
9990	42 12 41 2
9991	47 49 5 44
9992	24 21 20 26
9993	42 33 20 29
9994	15 36 33 7
9995	1 44 47 31
9996	22 2 49 16
9997	50 47 35 3
9998	12 36 35 46
9999	4 18 11 36
10000	40 18 35 17
Students	10000
1	42 33 12 1
2	48 10 41 31
3	47 45 7 37
4	17 30 10 49
5	10 38 32 12
6	24 2 19 10
7	33 48 12 7
8	28 43 32 18
9	38 14 31 47
10	42 1 3 24
11	43 33 24 8
12	23 47 48 41
13	17 5 19 36
14	36 37 22 8
15	28 42 33 50
16	6 45 3 7
17	9 47 22 43
18	21 10 19 46
19	31 30 33 50
20	34 7 44 19
21	18 1 8 5
22	19 26 2 14
23	26 42 44 24
24	32 26 17 13
25	2 32 49 41
26	37 50 41 42
27	3 26 35 24
28	44 49 3 45
29	25 3 9 47
30	41 28 9 11
31	2 3 17 1
32	2 24 18 20
33	21 15 36 6
34	14 33 15 29
35	18 16 31 42
36	3 28 10 24
37	38 15 31 8
38	11 20 22 23
39	24 49 18 16
40	50 9 30 38
41	22 43 33 15
42	18 24 1 11
43	46 30 45 18
44	38 8 16 49
45	34 1 7 29
46	41 18 13 44
47	4 43 11 49
48	24 14 30 49
49	6 13 26 22
50	24 47 15 38
51	1 16 38 35
52	43 46 41 15
53	35 36 46 44
54	8 23 10 49
55	43 34 48 27
56	26 17 8 40
57	37 11 13 49
58	15 49 23 50
59	41 22 50 48
60	19 15 13 9
61	28 16 32 34
62	7 20 6 9
63	32 42 7 19
64	1 37 31 28
65	30 45 33 40
66	3 39 12 1
67	16 4 34 37
68	5 44 46 47
69	48 34 8 10
70	45 47 23 16
71	19 34 12 8
72	34 35 48 16
73	41 35 23 27
74	36 49 23 11
75	12 1 25 18
76	14 41 7 13
77	42 27 19 45
78	4 29 3 44
79	39 7 26 22
80	33 22 23 7
81	42 4 48 3
82	13 32 41 42
83	17 46 19 28
84	15 10 16 47
85	11 21 20 47
86	16 6 46 11
87	50 21 42 23
88	49 45 6 30
89	3 41 30 16
90	12 5 7 19
91	24 41 32 47
92	37 3 27 24
93	19 48 38 2
94	49 35 6 38
95	44 25 39 24
96	19 10 45 8
97	9 41 25 1
98	6 29 31 5
99	13 44 50 24
100	32 48 2 36
101	33 24 23 6
102	3 27 45 30
103	15 19 2 31
104	9 11 37 40
105	25 6 47 23
106	25 24 33 13
107	31 29 20 47
108	8 43 27 34
109	1 33 34 48
110	11 20 32 2
111	48 27 6 20
112	46 36 50 18
113	21 19 28 6
114	49 10 29 3
115	47 34 38 32
116	37 42 41 36
117	34 19 50 12
118	11 23 32 19
119	22 20 44 25
120	50 38 23 33
121	24 33 34 7
122	12 38 14 2
123	48 40 47 41
124	46 1 2 20
125	1 50 42 16
126	30 25 39 28
127	28 15 39 10
128	4 40 17 39
129	5 11 36 40
130	27 14 17 21
131	35 41 17 3
132	25 2 40 35
133	28 7 26 29
134	17 12 19 28
135	8 35 10 32
136	13 28 34 49
137	12 37 33 27
138	35 39 17 34
139	47 3 27 12
140	27 9 12 11
141	6 23 44 33
142	49 44 27 45
143	24 21 30 19
144	19 28 1 20
145	15 41 30 42
146	29 38 45 39
147	37 14 4 34
148	29 43 6 10
149	20 27 12 43
150	13 50 39 5
151	33 29 14 45
152	2 30 8 29
153	21 24 35 9
154	45 20 16 48
155	33 11 13 37
156	35 42 19 30
157	48 32 6 34
158	32 29 5 40
159	49 10 1 3
160	27 34 49 41
161	42 30 5 25
162	14 12 8 38
163	12 42 46 43
164	20 31 30 47
165	10 47 15 25
166	32 43 22 17
167	42 15 19 44
168	13 25 39 48
169	33 48 47 43
170	17 22 50 24
171	47 35 28 22
172	32 28 46 9
173	18 24 33 7
174	41 20 4 12
175	1 45 3 39
176	23 25 41 44
177	48 43 28 27
178	42 40 15 16
179	45 42 20 8
180	22 50 11 4
181	44 21 35 19
182	43 48 9 12
183	40 3 6 10
184	40 49 13 24
185	12 17 25 22
186	26 35 37 36
187	32 38 15 48
188	44 42 33 12
189	21 44 9 14
190	20 25 1 12
191	46 1 22 34
192	23 6 4 30
193	1 27 30 4
194	20 10 23 25
195	33 2 45 30
196	43 5 50 38
197	5 22 43 44
198	50 14 8 2
199	49 21 48 35
200	9 48 39 11
201	29 28 42 5
202	1 39 30 44
203	24 29 7 6
204	49 11 1 10
205	15 26 47 6
206	35 48 16 25
207	48 35 46 30
208	23 29 34 17
209	16 33 25 50
210	38 37 1 6
211	13 50 32 10
212	44 16 1 46
213	4 28 10 42
214	28 25 29 21
215	49 15 10 22
216	42 3 29 7
217	43 20 46 33
218	17 38 42 11
219	46 16 35 21
220	25 31 22 32
221	10 13 18 46
222	13 20 4 18
223	39 23 12 14
224	43 13 17 44
225	46 13 35 40
226	22 50 15 7
227	40 30 49 27
228	40 35 26 29
229	44 41 24 22
230	49 36 2 38
231	42 20 4 34
232	14 7 35 29
233	49 19 42 4
234	31 14 1 41
235	28 44 41 38
236	37 47 39 10
237	44 40 23 22
238	38 12 42 3
239	24 34 36 50
240	1 6 37 8
241	14 50 17 33
242	9 3 27 20
243	37 28 16 42
244	29 21 28 49
245	36 10 15 30
246	26 2 20 38
247	23 25 32 50
248	11 48 47 33
249	3 43 6 32
250	32 2 19 12
251	28 13 23 32
252	7 8 25 21
253	13 50 5 43
254	34 45 40 33
255	50 2 49 38
256	3 30 37 22
257	3 49 18 38
258	24 27 42 50
259	13 42 41 35
260	31 38 26 6
261	2 16 14 40
262	29 49 9 10
263	33 24 49 15
264	29 41 40 48
265	23 22 9 27
266	18 47 22 12
267	33 22 11 21
268	4 42 27 33
269	21 30 49 23
270	42 34 12 14
271	41 27 46 36
272	6 9 8 39
273	11 42 27 26
274	20 2 22 3
275	24 34 33 18
276	43 44 6 8
277	36 27 16 32
278	32 25 33 38
279	32 37 5 24
280	23 48 26 4
281	29 36 48 20
282	21 12 30 16
283	26 48 42 38
284	24 30 37 12
285	16 21 29 19
286	31 30 46 16
287	28 43 32 48
288	26 50 30 16
289	21 22 4 30
290	33 47 5 39
291	47 18 28 37
292	29 32 36 34
293	50 8 17 19
294	7 17 4 20
295	37 7 22 30
296	25 21 15 41
297	31 28 24 42
298	5 26 18 48
299	48 17 13 1
300	39 45 35 14
301	29 17 50 22
302	46 24 11 10
303	37 50 45 13
304	45 37 49 21
305	28 38 15 14
306	49 30 42 32
307	42 38 46 26
308	49 40 38 28
309	10 5 7 1
310	24 41 12 14
311	45 2 5 12
312	35 24 2 44
313	49 36 20 9
314	41 25 7 16
315	31 26 3 29
316	32 41 25 17
317	48 22 21 17
318	4 38 29 41
319	14 1 26 16
320	6 44 22 49
321	5 15 1 48
322	31 43 11 13
323	48 23 35 8
324	27 33 24 22
325	46 21 13 8
326	43 9 14 31
327	11 16 15 40
328	24 27 29 19
329	9 44 24 27
330	18 50 48 17
331	44 5 39 45
332	40 23 6 31
333	21 19 11 14
334	22 4 43 45
335	45 43 5 33
336	50 20 39 44
337	23 3 14 45
338	18 40 45 5
339	13 48 22 24
340	34 23 27 44
341	26 43 19 1
342	23 43 35 29
343	19 45 33 14
344	34 39 4 1
345	22 21 7 13
346	24 17 21 20
347	19 41 47 3
348	42 28 2 34
349	3 39 41 50
350	12 24 39 41
351	27 22 50 14
352	45 4 6 34
353	38 48 33 42
354	13 40 46 2
355	9 3 21 28
356	3 28 35 13
357	13 4 37 36
358	44 26 30 29
359	27 50 12 49
360	50 33 42 32
361	16 1 4 49
362	14 11 16 18
363	16 4 32 10
364	12 46 36 2
365	36 21 50 38
366	6 31 46 33
367	19 23 7 31
368	27 3 17 43
369	19 34 3 14
370	48 27 16 39
371	45 44 2 16
372	4 2 18 49
373	45 22 47 41
374	9 31 30 50
375	48 21 16 4
376	39 31 37 30
377	24 42 26 45
378	44 20 30 14
379	40 37 11 12
380	9 35 12 36
381	23 21 22 31
382	13 11 5 24
383	15 22 23 2
384	5 2 42 48
385	48 24 3 33
386	17 24 36 5
387	49 44 10 26
388	24 37 32 28
389	28 20 17 37
390	42 36 22 50
391	21 38 22 25
392	21 15 1 47
393	4 20 46 32
394	39 43 28 8
395	26 29 27 14
396	32 24 8 20
397	8 42 22 34
398	30 10 37 43
399	40 38 6 39
400	41 19 12 23
401	37 12 7 38
402	49 23 26 6
403	32 44 39 16
404	50 3 48 10
405	42 9 34 23
406	30 26 25 1
407	38 48 23 1
408	26 18 35 17
409	6 48 36 24
410	26 27 46 34
411	23 17 48 12
412	19 49 3 36
413	40 7 46 48
414	12 9 18 25
415	34 41 5 11
416	2 26 25 3
417	30 1 27 12
418	15 33 36 43
419	33 36 18 2
420	5 6 3 37
421	40 1 48 3
422	6 16 46 1
423	37 14 7 36
424	24 32 36 9
425	47 9 21 39
426	9 12 45 27
427	40 29 39 49
428	26 32 19 4
429	39 29 11 45
430	23 7 9 42
431	34 43 16 47
432	48 40 37 8
433	26 4 34 14
434	37 21 8 33
435	32 26 11 29
436	43 31 8 19
437	12 10 41 16
438	8 14 18 30
439	6 22 30 23
440	17 13 21 12
441	26 32 46 19
442	47 24 46 3
443	25 5 26 11
444	15 3 42 14
445	10 20 12 31
446	8 31 18 2
447	5 16 30 15
448	32 12 4 30
449	14 35 23 11
450	31 24 44 1
451	33 42 2 18
452	37 40 39 24
453	45 49 4 28
454	7 29 39 15
455	45 19 48 40
456	47 4 22 42
457	14 45 12 2
458	22 32 19 26
459	22 35 30 6
460	33 14 42 36
461	7 41 43 33
462	19 3 6 11
463	18 8 1 22
464	3 46 2 14
465	1 5 23 27
466	1 14 27 50
467	32 10 14 6
468	17 4 18 10
469	23 15 41 38
470	1 8 12 23
471	31 41 18 8
472	37 36 45 4
473	10 14 23 29
474	28 39 26 44
475	18 26 27 14
476	19 41 39 5
477	23 45 40 36
478	32 16 36 47
479	38 13 17 28
480	33 39 38 8
481	4 8 2 47
482	3 13 26 49
483	46 3 14 37
484	3 41 8 6
485	26 4 44 15
486	25 48 46 14
487	2 10 28 27
488	33 21 37 3
489	39 50 36 37
490	25 41 21 26
491	37 9 22 44
492	11 12 22 13
493	12 19 1 36
494	25 34 9 35
495	3 30 26 2
496	7 3 43 21
497	40 22 37 18
498	43 28 24 25
499	42 40 45 27
500	15 33 6 24
501	21 36 35 31
502	49 25 5 35
503	10 49 21 2
504	5 42 32 23
505	49 17 47 37
506	50 2 42 9
507	15 5 8 7
508	36 12 45 40
509	33 5 48 20
510	12 41 16 42
511	12 8 38 1
512	47 5 4 1
513	45 22 29 25
514	17 45 37 16
515	15 31 3 10
516	11 19 48 29
517	13 37 30 45
518	44 39 18 10
519	30 9 41 37
520	30 42 18 29
521	19 13 14 40
522	4 47 49 15
523	5 4 10 24
524	48 10 34 28
525	41 9 6 35
526	39 30 3 37
527	24 34 35 29
528	39 26 16 29
529	14 6 18 29
530	1 25 31 29
531	12 26 4 25
532	5 33 18 19
533	18 37 43 4
534	7 25 26 23
535	27 30 23 47
536	25 42 11 18
537	45 10 38 19
538	2 6 8 46
539	16 20 40 24
540	50 24 9 13
541	49 35 21 38
542	39 46 22 14
543	47 18 36 24
544	33 20 28 32
545	19 48 15 37
546	15 20 25 1
547	38 15 19 44
548	30 31 33 50
549	1 28 43 8
550	20 25 31 44
551	12 28 25 9
552	14 35 18 28
553	43 45 32 6
554	27 1 38 10
555	24 44 35 10
556	48 24 37 38
557	22 9 5 45
558	4 21 33 23
559	16 22 15 44
560	14 18 43 3
561	19 5 15 38
562	34 47 30 36
563	13 24 23 47
564	17 20 14 3
565	19 37 36 11
566	26 27 43 4
567	22 30 9 10
568	30 25 32 47
569	13 46 5 20
570	45 40 50 34
571	38 29 22 44
572	16 44 49 24
573	42 27 16 41
574	45 12 6 49
575	7 4 3 35
576	19 26 21 6
577	23 29 14 34
578	33 31 19 2
579	20 40 48 13
580	5 43 39 41
581	39 30 48 40
582	23 41 19 31
583	25 23 45 6
584	19 37 3 13
585	49 14 24 33
586	19 43 8 22
587	6 33 16 2
588	34 24 31 26
589	10 42 50 6
590	48 40 28 33
591	41 6 18 22
592	30 38 18 49
593	14 4 38 26
594	42 19 29 1
595	28 20 22 31
596	17 18 23 33
597	45 22 47 49
598	36 27 18 33
599	49 46 33 40
600	42 28 9 15
601	9 48 41 4
602	17 46 47 42
603	3 48 30 37
604	9 20 12 3
605	14 42 33 20
606	35 40 30 1
607	41 37 46 49
608	33 19 49 15
609	23 16 45 2
610	4 17 42 45
611	36 46 22 35
612	12 37 20 26
613	33 29 20 26
614	47 36 35 12
615	39 40 5 3
616	12 15 4 19
617	28 36 2 30
618	23 6 2 41
619	48 25 16 38
620	16 46 32 6
621	49 1 3 28
622	28 11 36 1
623	15 20 22 44
624	46 22 8 14
625	9 3 48 47
626	29 16 20 10
627	32 8 12 44
628	42 19 11 46
629	49 38 29 12
630	31 48 24 22
631	29 30 16 45
632	6 18 3 1
633	25 12 23 32
634	3 43 26 12
635	34 3 21 23
636	32 34 36 35
637	26 18 42 43
638	38 21 46 1
639	44 21 50 35
640	15 30 37 28
641	46 25 7 20
642	30 22 11 19
643	43 8 1 45
644	24 30 26 27
645	10 7 6 13
646	18 4 45 43
647	17 28 15 24
648	33 26 43 12
649	16 11 42 32
650	25 27 5 50
651	37 28 44 7
652	3 1 43 47
653	26 8 15 45
654	27 7 32 30
655	44 50 45 21
656	22 30 31 35
657	12 24 45 23
658	4 38 44 11
659	32 23 42 48
660	39 33 21 26
661	34 19 31 12
662	50 23 21 33
663	50 23 20 2
664	47 9 32 20
665	42 25 28 11
666	26 5 38 15
667	18 35 20 14
668	22 26 47 43
669	26 34 15 11
670	9 13 24 44
671	50 35 40 1
672	7 32 10 24
673	20 22 48 28
674	49 38 45 11
675	40 27 10 47
676	20 49 4 47
677	43 34 15 33
678	50 16 7 35
679	24 10 45 20
680	28 4 42 21
681	23 50 21 6
682	25 17 48 30
683	44 6 19 35
684	33 31 10 23
685	3 6 37 13
686	34 20 9 5
687	41 30 16 50
688	2 9 46 35
689	35 1 25 37
690	31 13 33 43
691	30 21 5 4
692	13 37 19 45
693	47 18 20 44
694	44 9 13 29
695	26 19 37 12
696	41 9 27 3
697	38 46 50 47
698	47 44 22 31
699	46 20 3 6
700	21 31 24 12
701	17 7 43 23
702	1 50 28 5
703	10 22 45 24
704	35 11 28 36
705	12 14 1 41
706	29 4 49 42
707	44 23 37 24
708	9 36 4 28
709	40 44 50 26
710	42 19 4 34
711	37 40 44 32
712	1 46 42 24
713	4 18 46 27
714	24 11 34 42
715	2 20 14 1
716	17 21 30 32
717	7 18 36 15
718	38 27 18 10
719	36 29 26 41
720	14 39 37 41
721	22 5 18 32
722	20 47 9 42
723	4 29 23 17
724	3 45 27 29
725	10 48 19 14
726	20 44 50 47
727	15 42 50 22
728	41 49 29 36
729	18 15 19 12
730	20 32 14 13
731	24 6 13 28
732	38 10 3 34
733	16 34 30 36
734	13 9 44 32
735	48 29 30 49
736	8 50 2 4
737	23 15 16 29
738	21 23 6 49
739	32 5 24 4
740	13 9 38 8
741	13 33 18 38
742	11 13 50 6
743	8 26 40 14
744	46 38 39 23
745	29 20 37 18
746	16 37 30 7
747	21 18 9 1
748	4 12 35 38
749	7 26 31 42
750	23 50 26 43
751	36 28 18 27
752	6 9 38 24
753	14 19 37 35
754	23 30 36 41
755	39 38 7 40
756	13 42 2 36
757	37 35 21 34
758	41 48 44 45
759	37 39 3 12
760	8 15 16 24
761	15 14 35 32
762	11 2 12 16
763	50 35 14 47
764	43 19 46 32
765	1 25 40 12
766	47 3 17 44
767	46 45 2 16
768	13 24 30 48
769	46 23 16 35
770	49 34 19 47
771	14 44 10 12
772	19 28 43 33
773	36 22 27 30
774	20 50 44 15
775	13 31 15 21
776	37 11 1 20
777	21 18 4 8
778	35 32 19 29
779	39 3 13 15
780	50 12 16 47
781	49 26 2 12
782	26 43 29 20
783	25 3 43 30
784	47 7 39 12
785	26 32 46 34
786	50 29 43 6
787	7 35 17 44
788	37 28 7 41
789	22 23 19 11
790	6 32 5 8
791	46 32 27 25
792	9 10 45 18
793	1 13 3 20
794	4 28 39 32
795	37 4 5 24
796	20 46 40 23
797	13 24 34 48
798	47 15 12 40
799	20 36 35 41
800	46 35 18 21
801	15 16 7 49
802	42 31 4 11
803	27 38 33 40
804	44 24 18 13
805	16 48 49 31
806	26 49 2 45
807	14 33 21 39
808	34 23 28 24
809	30 31 15 10
810	31 42 11 34
811	43 3 16 1
812	5 13 12 20
813	49 33 3 10
814	36 43 32 17
815	28 33 40 27
816	16 46 9 28
817	9 24 13 17
818	28 38 17 25
819	11 18 33 3
820	42 25 41 16
821	20 26 7 11
822	14 1 2 34
823	20 17 25 32
824	43 38 24 46
825	39 36 24 47
826	49 25 28 21
827	38 42 8 37
828	1 14 42 30
829	20 6 25 11
830	12 18 2 37
831	46 47 7 45
832	31 29 30 1
833	30 50 18 41
834	34 15 49 10
835	32 5 15 23
836	11 8 47 29
837	25 10 19 35
838	38 36 48 34
839	12 14 19 36
840	42 25 46 21
841	19 22 28 42
842	16 48 36 17
843	45 22 25 13
844	40 17 15 18
845	7 36 48 21
846	38 8 36 50
847	32 43 16 35
848	19 36 49 4
849	21 3 28 34
850	43 5 39 2
851	30 13 12 2
852	27 50 8 46
853	34 19 14 10
854	37 47 30 15
855	19 47 12 17
856	1 33 28 11
857	40 32 43 36
858	47 32 49 40
859	7 1 37 40
860	20 23 25 16
861	23 40 4 25
862	1 32 21 28
863	12 49 36 31
864	23 13 18 50
865	45 1 10 9
866	19 13 28 37
867	41 3 23 37
868	8 9 36 32
869	2 20 41 16
870	4 17 28 49
871	32 21 42 38
872	32 34 37 18
873	18 38 14 13
874	29 33 31 37
875	40 13 26 6
876	7 39 33 44
877	2 8 17 44
878	49 20 9 27
879	16 49 38 9
880	16 19 6 26
881	29 13 15 42
882	35 40 27 33
883	40 13 36 3
884	12 5 6 40
885	41 12 22 13
886	46 30 39 34
887	16 10 47 11
888	29 4 14 19
889	7 18 41 5
890	5 25 2 32
891	23 34 20 28
892	1 38 13 43
893	5 35 43 13
894	19 13 32 25
895	11 32 15 40
896	19 33 12 40
897	31 47 39 16
898	8 40 33 45
899	19 4 38 49
900	17 34 39 2
901	32 39 22 3
902	43 49 17 9
903	37 47 21 46
904	25 40 50 13
905	14 45 25 29
906	18 15 39 20
907	11 36 29 44
908	49 39 37 14
909	3 23 50 4
910	35 14 40 28
911	25 6 47 35
912	19 11 41 10
913	16 41 4 42
914	45 28 33 47
915	11 2 14 24
916	4 9 44 47
917	47 33 41 20
918	16 34 28 17
919	31 48 8 39
920	14 27 40 38
921	39 28 40 31
922	6 16 43 29
923	44 39 41 46
924	4 28 2 43
925	7 17 41 31
926	7 47 16 30
927	42 2 3 44
928	45 14 43 40
929	15 43 42 12
930	15 47 4 39
931	4 31 47 21
932	25 50 47 11
933	1 47 36 16
934	15 13 35 31
935	35 1 8 39
936	15 32 34 23
937	9 18 16 1
938	5 12 29 41
939	45 26 32 16
940	46 4 19 33
941	44 34 49 31
942	6 13 10 9
943	37 4 22 44
944	2 35 49 3
945	21 14 8 31
946	32 34 33 31
947	29 50 27 43
948	20 38 1 35
949	36 45 49 40
950	35 39 40 38
951	45 35 7 26
952	45 27 6 13
953	3 2 22 20
954	20 37 10 33
955	34 17 31 4
956	8 13 22 28
957	30 34 5 2
958	40 7 34 1
959	32 6 23 46
960	27 7 17 42
961	40 39 14 8
962	49 9 17 42
963	44 38 5 42
964	21 38 32 10
965	32 35 11 22
966	30 28 41 50
967	7 13 44 10
968	35 26 47 37
969	39 41 45 19
970	45 17 32 5
971	47 15 29 50
972	23 1 4 8
973	26 40 3 29
974	24 27 48 31
975	40 4 42 46
976	20 14 49 4
977	27 13 44 49
978	23 46 17 30
979	13 16 28 47
980	13 9 49 17
981	50 4 22 32
982	21 41 37 47
983	46 12 49 30
984	35 2 49 21
985	28 30 13 33
986	34 11 44 7
987	25 48 36 43
988	12 19 20 29
989	36 47 7 22
990	48 6 10 24
991	50 6 38 40
992	21 46 47 30
993	12 35 22 38
994	8 45 3 27
995	36 46 14 1
996	42 43 31 20
997	22 43 2 35
998	23 27 15 1
999	5 23 15 39
1000	24 40 18 25
1001	14 13 47 24
1002	34 27 16 47
1003	7 17 31 18
1004	5 46 47 29
1005	8 35 2 12
1006	45 16 10 49
1007	39 29 37 23
1008	47 33 4 23
1009	1 17 9 50
1010	17 26 21 5
1011	32 35 46 21
1012	50 34 30 7
1013	38 31 21 47
1014	35 21 32 48
1015	4 36 7 12
1016	16 27 30 18
1017	42 6 47 33
1018	19 3 44 12
1019	19 23 6 34
1020	21 37 36 39
1021	33 11 5 31
1022	47 4 23 24
1023	47 34 7 49
1024	20 15 43 21
1025	24 25 43 40
1026	35 11 12 10
1027	21 33 10 16
1028	7 34 2 1
1029	34 26 14 12
1030	49 32 6 16
1031	20 38 19 42
1032	4 7 21 1
1033	31 20 4 47
1034	25 14 1 12
1035	2 41 40 19
1036	45 44 41 27
1037	45 41 25 44
1038	25 31 8 38
1039	6 21 9 29
1040	24 6 40 32
1041	24 28 16 11
1042	12 43 49 29
1043	47 2 49 12
1044	9 5 43 15
1045	37 48 41 19
1046	34 19 40 24
1047	10 25 6 29
1048	30 1 5 44
1049	38 49 34 22
1050	43 28 18 35
1051	42 19 29 26
1052	2 9 14 49
1053	39 7 3 41
1054	43 45 6 22
1055	18 29 20 48
1056	11 35 9 28
1057	36 6 45 40
1058	22 27 41 48
1059	23 41 19 34
1060	41 19 5 12
1061	18 25 44 21
1062	10 44 33 7
1063	23 25 28 17
1064	44 48 43 9
1065	34 21 18 27
1066	17 47 22 9
1067	9 7 14 37
1068	3 28 16 38
1069	12 38 42 7
1070	2 42 3 48
1071	25 30 39 23
1072	1 48 49 10
1073	8 4 6 38
1074	32 28 4 7
1075	2 10 17 19
1076	16 28 35 5
1077	20 40 4 24
1078	46 35 30 12
1079	6 37 13 45
1080	34 17 39 15
1081	11 5 14 25
1082	28 30 7 40
1083	25 22 44 30
1084	49 32 7 50
1085	38 21 39 5
1086	47 32 39 49
1087	15 41 2 47
1088	24 46 33 42
1089	28 40 18 14
1090	42 5 21 37
1091	10 27 41 6
1092	43 49 2 12
1093	6 28 9 5
1094	35 2 46 33
1095	10 14 36 30
1096	48 11 44 3
1097	4 21 30 45
1098	28 6 18 31
1099	31 26 35 7
1100	28 48 30 27
1101	33 13 5 12
1102	23 42 28 10
1103	16 9 21 24
1104	25 15 16 40
1105	8 10 29 4
1106	49 50 25 19
1107	36 43 21 17
1108	33 41 8 26
1109	33 15 21 47
1110	32 38 28 5
1111	40 17 18 31
1112	16 13 26 19
1113	48 42 36 11
1114	43 19 22 35
1115	23 14 13 50
1116	1 5 40 35
1117	44 22 25 10
1118	44 20 49 10
1119	7 45 5 26
1120	48 21 25 7
1121	40 37 35 1
1122	22 43 17 3
1123	7 46 13 48
1124	32 7 49 16
1125	22 23 11 42
1126	30 18 50 21
1127	16 40 30 10
1128	7 48 14 34
1129	23 3 33 7
1130	33 25 15 18
1131	14 42 26 31
1132	43 49 6 47
1133	1 6 49 46
1134	30 7 48 21
1135	23 42 43 9
1136	31 43 29 9
1137	45 12 14 16
1138	41 25 8 43
1139	41 30 22 46
1140	5 50 30 36
1141	23 33 16 50
1142	25 10 39 29
1143	22 50 7 45
1144	11 2 1 49
1145	23 7 49 27
1146	24 31 28 3
1147	45 33 50 28
1148	33 35 39 13
1149	44 47 2 25
1150	19 47 40 49
1151	16 45 19 18
1152	37 6 14 4
1153	15 18 6 31
1154	22 27 47 14
1155	33 11 1 9
1156	29 33 35 21
1157	26 9 39 34
1158	20 19 4 30
1159	3 24 17 37
1160	9 46 17 25
1161	34 13 38 40
1162	30 45 33 5
1163	12 50 17 48
1164	32 30 17 23
1165	15 16 22 7
1166	25 12 48 22
1167	1 46 41 49
1168	5 27 19 34
1169	26 24 25 43
1170	46 42 15 33
1171	37 18 1 14
1172	40 10 2 12
1173	2 45 6 26
1174	48 41 1 7
1175	13 11 31 40
1176	35 31 25 4
1177	46 18 42 3
1178	23 41 4 6
1179	13 10 27 26
1180	49 9 12 29
1181	35 21 20 48
1182	11 45 20 17
1183	9 2 11 19
1184	17 24 46 19
1185	38 43 40 7
1186	17 14 9 45
1187	42 30 27 3
1188	23 26 21 1
1189	7 6 39 26
1190	5 15 13 46
1191	24 36 38 10
1192	34 26 47 38
1193	44 22 47 12
1194	43 3 11 23
1195	9 36 7 21
1196	26 1 17 43
1197	11 12 1 2
1198	23 32 1 36
1199	10 49 21 22
1200	20 31 33 17
1201	27 23 17 18
1202	30 21 17 38
1203	27 28 42 41
1204	43 32 36 29
1205	42 49 5 39
1206	43 39 1 35
1207	44 37 38 33
1208	40 4 32 25
1209	33 24 3 8
1210	34 31 14 11
1211	31 45 5 47
1212	6 24 22 14
1213	1 29 18 15
1214	32 9 47 41
1215	46 2 12 44
1216	2 14 27 47
1217	12 50 27 21
1218	39 26 11 49
1219	12 33 21 48
1220	39 15 32 24
1221	17 5 15 29
1222	34 33 40 45
1223	9 27 37 34
1224	11 48 50 47
1225	18 22 42 15
1226	29 23 33 22
1227	16 49 48 39
1228	23 30 38 7
1229	24 5 27 37
1230	28 4 41 31
1231	16 48 43 15
1232	10 11 27 24
1233	44 36 34 15
1234	1 49 17 50
1235	13 2 3 21
1236	11 25 16 4
1237	45 8 15 30
1238	50 42 28 21
1239	6 25 14 19
1240	29 18 14 21
1241	11 1 47 10
1242	24 35 21 45
1243	43 35 45 10
1244	46 49 10 32
1245	4 41 50 37
1246	38 42 50 2
1247	29 30 5 35
1248	4 40 46 24
1249	8 7 20 3
1250	33 40 50 31
1251	28 1 25 13
1252	34 31 6 40
1253	48 12 39 4
1254	18 25 32 43
1255	49 21 24 23
1256	19 13 40 16
1257	35 2 38 7
1258	22 5 20 15
1259	32 15 42 47
1260	8 23 38 20
1261	13 24 31 40
1262	9 30 36 34
1263	44 14 21 12
1264	25 18 17 30
1265	7 49 31 32
1266	2 4 44 16
1267	14 44 2 33
1268	2 3 20 9
1269	7 31 43 45
1270	10 25 37 47
1271	22 8 19 32
1272	16 1 41 15
1273	12 36 41 43
1274	1 7 13 35
1275	25 31 44 27
1276	48 28 1 9
1277	33 26 23 31
1278	49 5 38 29
1279	47 9 2 12
1280	15 31 50 48
1281	23 41 28 15
1282	27 2 42 47
1283	44 46 31 34
1284	6 22 32 42
1285	37 29 35 12
1286	3 26 44 41
1287	29 44 24 32
1288	30 12 45 29
1289	42 14 18 36
1290	9 36 2 46
1291	28 26 4 29
1292	4 43 39 42
1293	45 5 40 8
1294	20 37 17 6
1295	20 47 39 34
1296	32 11 19 43
1297	46 19 50 22
1298	19 9 1 28
1299	4 20 33 38
1300	47 17 40 10
1301	35 16 28 12
1302	42 49 40 33
1303	28 16 19 37
1304	8 15 10 22
1305	19 30 38 20
1306	40 32 43 11
1307	45 14 21 23
1308	34 9 15 21
1309	33 2 7 38
1310	24 6 46 30
1311	2 47 11 19
1312	38 15 25 14
1313	50 17 32 4
1314	3 48 12 15
1315	34 47 25 17
1316	22 38 21 19
1317	50 30 21 31
1318	31 36 22 35
1319	23 25 12 4
1320	17 30 42 38
1321	16 28 13 24
1322	29 17 21 37
1323	33 5 47 50
1324	2 40 20 41
1325	22 47 43 8
1326	27 38 20 13
1327	4 22 31 5
1328	49 30 18 29
1329	15 26 5 49
1330	35 6 21 24
1331	11 40 2 16
1332	4 16 5 24
1333	33 24 6 41
1334	48 31 40 21
1335	37 40 8 9
1336	10 15 40 45
1337	31 49 6 17
1338	12 28 39 24
1339	30 19 12 27
1340	8 27 14 5
1341	6 40 13 45
1342	35 44 39 8
1343	16 40 8 26
1344	40 22 25 1
1345	3 49 38 21
1346	47 5 26 41
1347	47 31 20 6
1348	37 50 49 8
1349	4 19 9 24
1350	17 5 1 26
1351	20 47 14 8
1352	42 20 38 45
1353	1 38 2 17
1354	21 1 46 36
1355	7 45 47 36
1356	47 41 37 38
1357	36 8 13 27
1358	13 28 44 40
1359	41 39 36 47
1360	25 39 7 44
1361	19 28 24 21
1362	20 48 26 22
1363	50 35 23 12
1364	43 37 6 32
1365	5 36 27 22
1366	41 46 21 32
1367	19 31 26 6
1368	36 16 28 17
1369	29 15 7 48
1370	9 44 8 39
1371	35 44 21 45
1372	6 13 8 39
1373	4 11 7 27
1374	13 34 12 49
1375	43 40 23 9
1376	24 13 25 45
1377	39 5 45 27
1378	3 22 7 28
1379	45 2 17 6
1380	14 45 22 42
1381	44 47 17 5
1382	25 19 18 30
1383	11 47 7 1
1384	22 36 48 35
1385	34 50 24 31
1386	15 22 44 36
1387	8 11 24 9
1388	36 4 18 17
1389	15 43 29 16
1390	17 16 33 22
1391	35 16 12 27
1392	24 1 28 25
1393	1 27 4 44
1394	10 13 22 48
1395	29 22 5 8
1396	43 47 22 11
1397	18 23 28 49
1398	42 10 28 46
1399	30 5 25 49
1400	18 32 10 1
1401	22 19 27 6
1402	6 21 30 29
1403	6 7 17 41
1404	46 44 27 49
1405	13 22 1 49
1406	28 1 24 16
1407	45 13 40 48
1408	38 3 25 39
1409	24 36 6 7
1410	16 4 19 44
1411	50 3 40 44
1412	22 24 43 42
1413	48 8 38 44
1414	7 31 42 30
1415	11 31 19 48
1416	43 26 21 5
1417	5 30 4 47
1418	12 41 18 7
1419	33 10 6 23
1420	9 39 10 50
1421	43 4 19 35
1422	38 34 50 23
1423	32 38 48 30
1424	4 19 14 50
1425	49 31 7 46
1426	17 13 39 37
1427	5 4 36 34
1428	10 23 42 28
1429	50 44 48 9
1430	35 17 47 32
1431	26 8 50 7
1432	30 5 15 16
1433	45 9 46 44
1434	6 27 41 44
1435	19 46 42 18
1436	2 18 32 46
1437	23 37 48 30
1438	20 15 4 42
1439	43 19 49 32
1440	45 19 28 40
1441	13 34 47 35
1442	3 10 27 22
1443	34 32 50 8
1444	39 32 19 41
1445	40 2 12 20
1446	7 49 44 43
1447	13 7 44 26
1448	24 48 14 27
1449	38 3 34 42
1450	14 5 34 8
1451	26 3 49 31
1452	16 39 3 22
1453	37 46 42 35
1454	19 14 47 16
1455	3 12 26 32
1456	3 11 18 32
1457	33 14 28 21
1458	6 43 31 33
1459	14 20 11 49
1460	6 40 46 16
1461	43 47 38 32
1462	43 22 16 21
1463	42 9 19 35
1464	33 20 8 41
1465	43 5 38 20
1466	10 7 39 24
1467	4 25 19 21
1468	2 44 19 6
1469	18 21 10 9
1470	22 48 28 38
1471	41 21 20 25
1472	33 19 28 34
1473	13 17 35 9
1474	30 4 18 50
1475	25 9 23 21
1476	35 47 14 26
1477	32 49 18 8
1478	10 37 42 43
1479	11 31 8 5
1480	30 39 5 36
1481	17 19 5 40
1482	33 49 30 29
1483	50 41 5 16
1484	25 33 22 39
1485	3 20 32 19
1486	3 50 24 18
1487	8 13 43 12
1488	21 29 26 16
1489	32 37 1 18
1490	11 49 2 47
1491	26 28 7 30
1492	32 20 6 27
1493	39 20 3 40
1494	26 15 37 35
1495	11 6 28 25
1496	10 28 31 14
1497	48 10 8 12
1498	47 36 16 15
1499	2 10 47 26
1500	48 37 21 7
1501	25 38 1 21
1502	14 26 20 32
1503	20 46 44 43
1504	1 24 37 23
1505	16 14 26 9
1506	21 39 37 14
1507	41 6 30 11
1508	16 32 24 7
1509	9 24 11 48
1510	50 32 23 38
1511	49 15 3 14
1512	35 43 40 9
1513	40 46 24 37
1514	10 50 38 36
1515	48 9 24 37
1516	36 33 11 9
1517	43 1 31 45
1518	20 36 30 45
1519	36 27 3 18
1520	50 3 35 48
1521	4 36 49 33
1522	40 7 16 48
1523	29 39 11 18
1524	5 39 22 20
1525	41 13 39 14
1526	8 33 40 44
1527	2 16 1 7
1528	48 27 12 14
1529	42 19 18 28
1530	16 4 46 32
1531	26 39 33 15
1532	17 21 11 18
1533	32 45 11 23
1534	5 10 19 15
1535	4 34 26 25
1536	27 1 43 5
1537	35 8 44 7
1538	20 50 43 11
1539	43 23 8 15
1540	15 49 3 25
1541	50 43 49 44
1542	31 23 8 47
1543	2 24 5 40
1544	42 13 10 19
1545	46 18 33 26
1546	28 6 32 40
1547	44 23 33 21
1548	38 32 24 8
1549	40 35 48 47
1550	36 27 22 43
1551	48 3 14 46
1552	20 44 25 6
1553	35 32 16 20
1554	9 5 1 47
1555	17 13 42 33
1556	8 30 38 2
1557	43 31 40 13
1558	41 21 25 45
1559	46 24 31 49
1560	6 8 38 28
1561	32 43 17 20
1562	3 18 2 25
1563	7 6 44 2
1564	9 21 7 30
1565	7 1 12 39
1566	13 36 42 38
1567	44 12 16 2
1568	39 22 24 33
1569	33 47 18 44
1570	23 39 10 20
1571	6 15 40 30
1572	42 34 30 35
1573	49 48 14 28
1574	30 49 15 34
1575	24 41 1 20
1576	50 15 7 11
1577	11 27 44 32
1578	38 4 29 6
1579	34 31 7 4
1580	12 49 22 2
1581	18 8 36 33
1582	8 10 23 17
1583	18 46 45 49
1584	19 31 23 45
1585	44 4 3 24
1586	45 48 36 9
1587	38 23 43 14
1588	45 35 36 17
1589	33 1 47 24
1590	28 7 13 41
1591	28 15 2 49
1592	20 18 25 19
1593	45 27 42 22
1594	18 9 46 45
1595	19 39 34 4
1596	17 30 26 14
1597	15 42 16 24
1598	1 5 28 23
1599	17 1 16 24
1600	12 46 43 4
1601	39 23 15 48
1602	21 16 34 10
1603	7 14 33 20
1604	16 35 43 48
1605	48 2 8 49
1606	27 30 3 39
1607	23 8 11 39
1608	35 19 25 39
1609	28 14 16 50
1610	27 2 18 37
1611	30 47 50 23
1612	33 46 26 15
1613	11 49 27 14
1614	18 7 25 39
1615	24 12 25 27
1616	17 31 23 42
1617	13 47 1 36
1618	7 29 41 19
1619	13 40 26 14
1620	17 6 44 18
1621	15 38 14 1
1622	21 33 15 44
1623	29 50 43 30
1624	47 5 31 33
1625	47 25 36 39
1626	27 29 10 3
1627	38 30 40 44
1628	28 48 3 36
1629	15 4 40 19
1630	28 9 31 13
1631	43 38 36 22
1632	33 2 17 44
1633	41 37 50 3
1634	4 8 35 22
1635	14 5 32 38
1636	39 1 40 10
1637	7 8 25 10
1638	22 24 16 30
1639	26 10 47 50
1640	41 15 34 24
1641	33 45 40 39
1642	1 19 29 11
1643	22 49 39 16
1644	48 42 40 46
1645	36 39 28 4
1646	31 27 23 47
1647	18 2 37 39
1648	27 37 36 26
1649	4 17 46 39
1650	19 11 7 10
1651	12 42 33 6
1652	22 21 31 32
1653	48 39 23 9
1654	17 23 49 21
1655	24 25 50 22
1656	33 21 2 30
1657	29 1 30 27
1658	19 17 36 27
1659	7 36 42 13
1660	39 48 1 27
1661	31 33 21 36
1662	49 24 3 4
1663	42 15 50 2
1664	14 32 18 21
1665	10 7 2 34
1666	35 18 3 12
1667	36 21 29 33
1668	6 23 28 10
1669	27 34 10 17
1670	42 7 21 4
1671	5 37 46 20
1672	17 30 16 3
1673	6 38 1 2
1674	49 50 4 20
1675	23 19 3 33
1676	25 46 3 12
1677	35 19 3 17
1678	23 22 15 46
1679	47 11 6 9
1680	30 18 47 4
1681	26 21 18 20
1682	34 5 32 15
1683	25 37 46 38
1684	43 12 24 18
1685	50 12 28 11
1686	21 25 34 35
1687	2 8 25 28
1688	22 35 29 30
1689	15 44 18 10
1690	34 10 29 2
1691	11 26 12 50
1692	16 21 46 20
1693	34 24 43 10
1694	23 35 21 27
1695	45 28 35 48
1696	6 13 20 39
1697	18 4 31 49
1698	6 18 41 46
1699	21 10 45 34
1700	13 40 24 26
1701	34 50 41 43
1702	42 5 23 22
1703	14 37 42 6
1704	19 32 7 36
1705	37 1 30 3
1706	34 19 14 12
1707	28 46 11 34
1708	15 17 39 19
1709	41 8 30 50
1710	3 26 12 14
1711	30 43 15 26
1712	9 4 32 45
1713	47 16 10 23
1714	45 16 17 11
1715	30 46 10 8
1716	32 42 30 36
1717	21 5 27 37
1718	14 48 8 43
1719	34 25 43 47
1720	38 3 17 31
1721	30 31 7 9
1722	49 50 45 33
1723	44 50 24 22
1724	41 24 47 48
1725	31 5 38 29
1726	20 3 42 46
1727	33 17 21 34
1728	10 49 33 25
1729	34 24 33 8
1730	10 23 28 13
1731	3 11 12 42
1732	31 11 26 34
1733	19 48 41 18
1734	45 24 15 13
1735	15 23 44 1
1736	4 15 44 47
1737	18 40 28 4
1738	35 40 22 18
1739	2 26 46 18
1740	29 41 5 37
1741	12 48 43 36
1742	36 41 11 39
1743	15 22 37 9
1744	28 13 2 6
1745	36 48 40 47
1746	46 49 47 14
1747	40 49 19 8
1748	26 35 12 44
1749	22 3 37 16
1750	50 28 43 45
1751	3 1 2 24
1752	3 8 16 13
1753	4 27 33 36
1754	16 19 18 36
1755	39 40 31 7
1756	17 10 8 33
1757	18 16 28 34
1758	26 15 30 17
1759	11 18 10 49
1760	20 26 3 46
1761	2 39 41 48
1762	22 41 1 10
1763	9 25 8 12
1764	3 45 4 27
1765	31 36 33 42
1766	33 43 39 13
1767	27 49 39 13
1768	12 23 5 19
1769	4 13 7 38
1770	23 22 37 20
1771	36 13 21 33
1772	50 12 27 30
1773	36 9 2 50
1774	3 6 16 5
1775	12 39 45 29
1776	21 25 47 48
1777	19 24 38 31
1778	6 47 4 25
1779	47 39 14 40
1780	3 28 46 33
1781	21 15 24 34
1782	31 7 41 47
1783	29 11 32 9
1784	36 14 4 2
1785	7 24 36 19
1786	47 9 27 50
1787	24 41 19 47
1788	42 35 6 40
1789	7 29 4 26
1790	35 13 4 12
1791	34 13 44 28
1792	1 40 36 21
1793	20 9 18 4
1794	33 34 1 40
1795	48 37 8 40
1796	29 6 15 17
1797	24 39 11 44
1798	17 18 14 35
1799	32 36 44 34
1800	18 1 25 7
1801	28 24 47 35
1802	40 39 15 45
1803	3 4 21 44
1804	35 5 10 9
1805	4 49 9 20
1806	22 4 33 26
1807	21 23 40 25
1808	14 40 50 38
1809	4 37 44 12
1810	6 18 50 19
1811	22 31 34 2
1812	14 8 5 16
1813	17 12 31 35
1814	9 21 17 22
1815	16 34 33 8
1816	36 40 39 22
1817	25 35 38 7
1818	50 5 31 38
1819	13 48 6 10
1820	8 3 38 13
1821	20 6 4 25
1822	6 24 2 27
1823	42 21 29 16
1824	46 3 37 25
1825	49 34 29 9
1826	38 29 15 19
1827	22 15 14 38
1828	49 41 16 15
1829	10 3 19 40
1830	38 12 7 49
1831	13 24 8 42
1832	3 14 41 40
1833	33 39 11 29
1834	41 28 23 44
1835	27 46 29 13
1836	29 38 25 20
1837	8 47 25 40
1838	37 9 27 12
1839	17 34 3 20
1840	22 7 34 18
1841	40 27 30 36
1842	26 48 8 13
1843	25 15 32 13
1844	28 49 15 12
1845	20 30 48 21
1846	47 5 26 12
1847	33 17 48 27
1848	26 33 8 48
1849	9 24 18 21
1850	26 2 16 31
1851	9 40 11 34
1852	35 15 7 49
1853	41 44 38 10
1854	26 24 38 44
1855	40 42 12 38
1856	3 28 11 13
1857	11 28 19 31
1858	47 17 38 4
1859	6 22 40 43
1860	5 13 18 48
1861	29 47 1 24
1862	19 43 49 16
1863	36 14 1 44
1864	32 14 1 9
1865	1 39 4 14
1866	36 39 44 30
1867	31 21 32 50
1868	11 48 32 5
1869	44 12 5 30
1870	30 10 13 21
1871	26 16 40 49
1872	18 16 17 49
1873	49 28 50 20
1874	20 49 25 38
1875	50 14 43 3
1876	10 39 6 46
1877	15 23 7 32
1878	48 9 22 5
1879	49 42 34 23
1880	4 38 39 40
1881	16 41 19 46
1882	8 32 33 45
1883	20 33 12 43
1884	20 42 22 4
1885	36 34 24 37
1886	45 34 47 20
1887	8 18 49 39
1888	30 50 31 13
1889	14 20 23 28
1890	40 33 3 39
1891	25 45 5 43
1892	30 46 41 43
1893	42 38 4 10
1894	50 11 34 6
1895	26 11 46 12
1896	43 16 9 15
1897	9 26 21 33
1898	8 21 1 3
1899	4 32 2 16
1900	44 4 25 38
1901	47 26 17 24
1902	42 2 28 12
1903	21 27 29 35
1904	3 5 16 43
1905	45 44 35 29
1906	10 39 27 49
1907	39 25 16 37
1908	30 1 23 49
1909	40 14 33 1
1910	23 20 26 9
1911	17 25 4 8
1912	49 15 4 39
1913	11 43 30 47
1914	9 35 43 8
1915	48 27 24 4
1916	22 46 11 41
1917	35 10 48 1
1918	14 18 50 47
1919	4 31 10 43
1920	26 32 44 15
1921	7 27 44 17
1922	39 48 35 20
1923	19 4 1 32
1924	43 50 32 9
1925	49 27 29 19
1926	41 40 30 25
1927	3 37 34 44
1928	3 11 34 30
1929	33 26 15 6
1930	20 1 40 10
1931	9 1 7 5
1932	24 47 15 10
1933	5 3 2 32
1934	32 49 13 24
1935	34 30 24 35
1936	47 33 10 32
1937	50 20 11 29
1938	39 48 24 31
1939	24 7 38 35
1940	43 31 3 7
1941	27 18 15 14
1942	44 43 31 29
1943	27 45 13 30
1944	25 19 18 4
1945	23 25 36 20
1946	42 21 15 26
1947	31 10 48 9
1948	37 40 13 27
1949	21 40 14 13
1950	12 8 5 43
1951	9 5 49 39
1952	30 1 24 44
1953	2 29 15 30
1954	18 23 45 6
1955	23 7 9 25
1956	7 44 50 27
1957	30 20 48 16
1958	37 26 13 30
1959	4 22 34 18
1960	40 1 31 36
1961	3 34 10 42
1962	40 44 38 26
1963	19 15 21 7
1964	15 41 8 14
1965	28 46 41 49
1966	26 31 36 2
1967	21 28 47 41
1968	4 45 18 43
1969	16 29 21 24
1970	18 19 34 23
1971	1 47 8 45
1972	4 22 47 44
1973	5 37 42 18
1974	21 20 12 15
1975	43 27 41 9
1976	11 28 15 16
1977	13 32 5 4
1978	9 38 40 4
1979	49 31 30 22
1980	44 43 10 5
1981	5 9 48 42
1982	18 35 32 17
1983	22 6 25 27
1984	18 31 26 33
1985	17 26 39 47
1986	37 35 38 1
1987	35 33 21 47
1988	47 12 46 30
1989	44 34 38 7
1990	40 10 28 4
1991	11 42 21 9
1992	37 39 42 10
1993	48 14 1 6
1994	38 14 44 4
1995	36 15 33 28
1996	25 28 16 2
1997	23 3 45 2
1998	7 12 14 38
1999	27 20 8 34
2000	40 49 48 9
2001	19 40 8 38
2002	36 8 28 44
2003	45 29 33 10
2004	1 7 26 11
2005	20 15 25 29
2006	19 47 11 32
2007	40 22 31 3
2008	26 25 9 40
2009	4 24 37 23
2010	15 40 49 33
2011	30 18 46 28
2012	47 5 9 3
2013	35 48 43 46
2014	23 12 36 33
2015	1 27 10 40
2016	35 7 42 11
2017	40 35 30 39
2018	38 39 4 41
2019	24 11 26 36
2020	19 32 48 9
2021	43 39 24 18
2022	13 30 16 31
2023	10 48 50 26
2024	36 24 23 34
2025	35 9 12 11
2026	36 10 34 43
2027	38 29 34 36
2028	45 37 4 6
2029	30 14 25 2
2030	50 44 24 42
2031	31 41 13 50
2032	12 40 9 3
2033	10 24 50 43
2034	47 33 27 1
2035	13 34 38 16
2036	35 4 36 41
2037	23 48 43 37
2038	28 13 32 9
2039	45 50 49 22
2040	35 17 12 16
2041	23 22 8 42
2042	22 39 44 29
2043	42 13 31 48
2044	19 41 6 10
2045	31 10 38 33
2046	3 1 47 9
2047	17 14 4 18
2048	19 34 8 29
2049	48 21 32 34
2050	7 39 10 42
2051	18 36 20 24
2052	39 3 46 35
2053	36 31 8 2
2054	45 15 35 24
2055	1 46 19 16
2056	6 18 47 41
2057	37 44 26 15
2058	24 6 18 36
2059	33 36 13 37
2060	17 14 15 35
2061	10 35 3 43
2062	36 1 17 13
2063	4 9 35 19
2064	27 1 43 16
2065	6 42 7 37
2066	27 43 5 20
2067	3 50 45 17
2068	2 49 16 44
2069	36 15 13 41
2070	18 8 29 19
2071	24 36 42 8
2072	30 6 42 32
2073	8 22 28 26
2074	47 15 3 45
2075	25 46 30 48
2076	49 45 25 7
2077	6 8 2 32
2078	22 38 37 27
2079	32 11 26 40
2080	49 21 15 42
2081	22 50 49 47
2082	25 43 42 19
2083	39 33 36 49
2084	10 4 16 26
2085	12 17 23 44
2086	36 4 44 25
2087	13 25 5 9
2088	32 37 21 28
2089	2 25 5 36
2090	29 33 36 43
2091	42 16 1 19
2092	8 47 50 24
2093	3 9 19 30
2094	31 6 18 4
2095	35 17 46 1
2096	32 22 23 8
2097	29 31 38 43
2098	42 31 8 25
2099	43 28 41 19
2100	22 18 37 40
2101	27 18 50 48
2102	42 37 2 29
2103	20 14 39 45
2104	22 47 35 36
2105	13 3 7 42
2106	24 31 5 7
2107	22 11 21 17
2108	28 18 17 31
2109	47 25 15 18
2110	26 9 15 44
2111	26 46 29 25
2112	44 39 34 35
2113	14 17 32 10
2114	35 1 3 7
2115	31 42 13 41
2116	37 41 17 12
2117	8 26 46 43
2118	47 34 4 45
2119	37 3 7 46
2120	40 49 34 19
2121	43 32 30 14
2122	34 35 30 36
2123	24 29 46 20
2124	40 45 9 46
2125	24 48 32 2
2126	4 2 3 15
2127	12 44 16 31
2128	32 31 38 34
2129	20 7 31 10
2130	22 42 14 17
2131	3 45 2 33
2132	10 16 18 44
2133	11 8 17 24
2134	40 12 8 30
2135	11 23 45 48
2136	46 2 21 16
2137	45 14 32 15
2138	45 21 10 48
2139	15 9 24 10
2140	1 47 10 16
2141	8 28 26 3
2142	4 12 23 16
2143	37 44 45 29
2144	38 5 42 21
2145	37 16 10 4
2146	10 46 25 16
2147	35 46 24 19
2148	5 11 7 37
2149	23 44 10 36
2150	35 46 50 21
2151	34 22 21 47
2152	26 50 5 37
2153	22 6 23 21
2154	3 35 22 40
2155	40 2 13 20
2156	22 8 44 3
2157	14 17 31 44
2158	19 39 5 13
2159	43 29 21 45
2160	6 11 14 37
2161	1 9 24 37
2162	2 26 3 15
2163	37 46 38 24
2164	38 39 2 46
2165	36 42 26 11
2166	35 43 11 16
2167	44 18 49 30
2168	28 49 13 19
2169	32 19 44 38
2170	10 39 50 4
2171	30 28 40 19
2172	7 41 8 29
2173	20 24 22 39
2174	45 21 17 12
2175	13 21 24 10
2176	29 38 43 49
2177	41 13 18 32
2178	33 46 30 1
2179	10 9 27 21
2180	7 15 5 32
2181	40 43 38 21
2182	43 41 28 30
2183	35 48 11 40
2184	5 40 12 25
2185	3 23 2 43
2186	18 14 15 3
2187	34 35 49 8
2188	20 12 6 41
2189	44 42 47 5
2190	4 31 43 3
2191	29 20 44 21
2192	19 15 10 7
2193	36 41 38 46
2194	50 43 37 12
2195	6 27 11 33
2196	49 34 11 3
2197	30 27 19 45
2198	16 4 2 17
2199	37 25 12 9
2200	18 26 43 5
2201	36 3 40 19
2202	40 29 35 2
2203	32 7 50 10
2204	6 13 37 10
2205	36 4 39 1
2206	11 8 27 48
2207	31 24 49 10
2208	37 28 35 27
2209	6 38 50 39
2210	34 2 37 44
2211	5 4 32 37
2212	9 24 45 10
2213	41 20 46 15
2214	14 12 8 26
2215	39 5 12 26
2216	37 49 20 7
2217	15 37 9 10
2218	25 3 30 5
2219	49 31 5 21
2220	33 8 48 23
2221	12 36 25 37
2222	47 38 31 18
2223	47 31 22 21
2224	17 20 25 3
2225	50 6 41 26
2226	36 30 34 23
2227	40 21 29 5
2228	48 2 37 13
2229	39 50 10 34
2230	2 10 16 15
2231	7 43 26 37
2232	48 12 1 45
2233	33 4 49 46
2234	5 50 26 11
2235	25 40 46 13
2236	36 14 7 22
2237	34 17 19 15
2238	4 7 29 16
2239	9 21 26 39
2240	42 24 10 1
2241	43 10 31 50
2242	46 34 21 50
2243	12 49 20 9
2244	47 10 39 4
2245	23 24 25 50
2246	50 21 28 32
2247	40 39 10 44
2248	36 19 18 47
2249	47 6 7 1
2250	25 35 15 8
2251	15 37 13 1
2252	21 12 8 42
2253	2 12 18 1
2254	7 22 47 35
2255	37 46 27 28
2256	26 7 2 27
2257	27 12 41 47
2258	19 35 39 24
2259	20 42 45 14
2260	16 8 11 3
2261	28 19 38 27
2262	21 15 47 42
2263	18 16 49 31
2264	37 49 40 39
2265	32 6 31 49
2266	30 8 19 17
2267	37 22 7 5
2268	38 26 21 8
2269	45 18 50 17
2270	16 18 38 25
2271	21 32 44 17
2272	32 25 47 28
2273	5 38 2 9
2274	17 48 14 47
2275	39 24 42 20
2276	14 46 32 4
2277	6 38 2 24
2278	7 37 18 23
2279	11 30 48 41
2280	11 1 37 20
2281	3 31 13 41
2282	26 30 17 3
2283	40 12 41 3
2284	49 13 45 38
2285	2 38 14 36
2286	17 5 48 21
2287	2 43 42 48
2288	27 12 38 17
2289	43 5 2 15
2290	36 38 11 40
2291	40 3 13 49
2292	7 12 36 48
2293	15 14 30 18
2294	30 7 2 34
2295	32 38 6 48
2296	27 7 18 46
2297	27 23 4 6
2298	41 32 19 42
2299	37 23 43 29
2300	22 44 47 48
2301	18 21 10 30
2302	17 22 47 36
2303	42 15 18 11
2304	19 37 4 42
2305	25 41 3 19
2306	34 20 3 21
2307	46 17 48 26
2308	12 35 25 19
2309	23 32 44 12
2310	33 37 44 32
2311	16 23 28 20
2312	12 16 45 3
2313	6 8 29 37
2314	10 21 19 45
2315	26 32 14 19
2316	27 40 10 3
2317	9 11 47 27
2318	20 9 18 23
2319	15 2 19 28
2320	15 21 39 33
2321	17 39 45 9
2322	15 5 19 45
2323	46 48 35 47
2324	35 2 44 11
2325	17 13 25 38
2326	11 39 44 23
2327	22 31 13 38
2328	12 4 7 17
2329	38 33 44 49
2330	18 17 11 24
2331	50 40 15 13
2332	31 2 43 33
2333	15 46 28 17
2334	47 50 40 39
2335	39 2 28 31
2336	33 25 10 28
2337	9 5 21 17
2338	49 12 9 45
2339	47 9 19 46
2340	28 8 34 30
2341	47 24 28 41
2342	11 12 22 5
2343	6 39 10 30
2344	27 20 4 50
2345	6 39 14 29
2346	11 34 16 45
2347	4 3 5 31
2348	39 44 46 2
2349	31 19 47 34
2350	24 31 45 6
2351	27 38 16 20
2352	7 47 1 6
2353	39 33 25 29
2354	7 16 4 23
2355	26 27 21 3
2356	38 34 30 35
2357	35 15 46 40
2358	49 23 45 36
2359	44 35 43 36
2360	6 32 9 49
2361	16 13 34 31
2362	21 23 6 49
2363	16 41 7 25
2364	4 22 19 25
2365	25 41 9 18
2366	19 6 4 17
2367	15 23 6 31
2368	9 29 45 23
2369	10 6 18 17
2370	29 50 42 30
2371	15 4 8 42
2372	28 34 15 44
2373	2 31 37 42
2374	14 12 33 25
2375	24 16 3 46
2376	8 5 10 20
2377	21 43 27 49
2378	22 12 19 46
2379	24 28 5 47
2380	33 5 50 20
2381	47 24 49 26
2382	27 41 2 17
2383	16 6 29 14
2384	27 40 10 44
2385	26 46 31 18
2386	9 44 39 25
2387	15 42 34 19
2388	31 19 12 21
2389	2 26 5 22
2390	20 46 43 1
2391	46 44 48 29
2392	26 21 1 33
2393	31 42 21 45
2394	26 32 7 11
2395	34 22 28 11
2396	13 41 21 1
2397	46 25 32 17
2398	3 5 34 41
2399	2 13 36 20
2400	8 19 27 32
2401	37 44 50 32
2402	10 42 5 21
2403	1 47 23 3
2404	42 27 44 24
2405	42 10 8 12
2406	17 28 22 41
2407	2 43 30 46
2408	12 14 35 39
2409	35 18 46 1
2410	15 33 7 35
2411	23 10 24 27
2412	22 15 50 23
2413	2 25 6 40
2414	19 27 49 32
2415	48 47 8 46
2416	38 42 31 14
2417	40 34 19 9
2418	26 41 24 13
2419	27 46 31 40
2420	50 4 37 39
2421	23 24 10 46
2422	46 35 30 22
2423	16 40 45 47
2424	21 28 42 2
2425	15 26 42 47
2426	34 29 48 23
2427	19 34 47 36
2428	30 5 43 12
2429	8 20 40 49
2430	13 22 19 6
2431	49 34 1 10
2432	4 8 42 28
2433	23 18 22 26
2434	14 13 10 35
2435	3 11 28 7
2436	29 26 33 45
2437	42 37 47 46
2438	28 4 10 29
2439	14 24 30 18
2440	8 34 6 47
2441	38 3 13 17
2442	27 31 36 39
2443	37 28 16 4
2444	5 27 26 22
2445	47 29 12 39
2446	16 36 6 35
2447	4 3 47 6
2448	12 47 25 15
2449	15 24 40 50
2450	47 25 24 8
2451	38 37 44 45
2452	29 32 38 42
2453	26 12 7 45
2454	34 44 39 37
2455	12 9 4 42
2456	4 36 32 7
2457	28 26 43 3
2458	39 45 22 8
2459	9 10 13 41
2460	1 2 40 48
2461	1 2 14 11
2462	23 3 10 28
2463	18 20 44 8
2464	43 23 10 3
2465	8 31 10 25
2466	17 19 31 15
2467	18 17 20 30
2468	30 23 2 7
2469	37 1 31 15
2470	15 7 36 32
2471	1 49 25 35
2472	44 35 31 37
2473	17 43 27 22
2474	19 27 4 44
2475	20 5 38 45
2476	25 16 15 21
2477	24 35 25 47
2478	16 36 27 44
2479	20 24 1 5
2480	2 27 21 5
2481	38 15 19 23
2482	29 34 19 45
2483	6 23 20 50
2484	7 2 48 49
2485	9 41 4 8
2486	3 41 11 22
2487	10 26 12 30
2488	8 15 14 3
2489	41 38 32 22
2490	39 17 24 28
2491	33 2 41 22
2492	26 16 33 14
2493	29 33 32 12
2494	41 27 34 40
2495	18 23 8 3
2496	10 12 40 20
2497	45 42 5 22
2498	48 44 16 30
2499	48 35 7 2
2500	18 30 36 14
2501	5 7 20 28
2502	12 48 13 2
2503	6 37 7 45
2504	31 28 38 34
2505	20 31 22 35
2506	24 40 36 23
2507	29 20 9 6
2508	36 24 3 21
2509	43 35 36 39
2510	41 16 47 26
2511	5 17 37 40
2512	42 22 24 37
2513	5 24 22 8
2514	26 10 19 9
2515	35 11 17 21
2516	8 19 41 1
2517	36 26 9 4
2518	36 8 49 32
2519	44 8 42 20
2520	35 2 47 8
2521	1 29 6 43
2522	41 10 27 28
2523	31 33 15 11
2524	42 34 5 43
2525	17 1 8 26
2526	47 14 22 50
2527	9 49 20 40
2528	37 13 4 40
2529	6 20 23 21
2530	46 29 11 25
2531	3 18 50 30
2532	6 37 42 25
2533	29 13 24 47
2534	20 47 5 11
2535	5 49 45 14
2536	37 10 38 14
2537	31 50 37 33
2538	3 39 41 48
2539	28 5 21 42
2540	41 18 46 9
2541	23 5 7 43
2542	17 18 42 12
2543	26 13 27 42
2544	45 32 50 11
2545	48 10 46 21
2546	31 12 7 9
2547	31 34 36 8
2548	34 36 28 38
2549	39 3 15 32
2550	38 42 17 36
2551	1 24 32 7
2552	44 36 25 33
2553	23 41 30 3
2554	3 47 26 38
2555	6 7 8 9
2556	38 30 19 42
2557	12 4 33 13
2558	4 13 18 46
2559	40 43 38 11
2560	48 19 31 42
2561	50 17 22 20
2562	41 30 17 20
2563	24 42 6 46
2564	48 23 39 18
2565	9 21 17 8
2566	33 26 28 14
2567	21 40 24 41
2568	16 8 2 27
2569	31 36 26 11
2570	12 44 50 23
2571	46 45 30 15
2572	35 2 36 48
2573	39 6 21 9
2574	23 6 40 31
2575	44 13 4 27
2576	48 49 36 32
2577	39 49 46 9
2578	6 39 49 36
2579	16 7 8 34
2580	12 19 42 45
2581	11 2 45 33
2582	17 12 9 29
2583	44 41 10 39
2584	6 27 36 21
2585	49 35 1 23
2586	6 29 10 49
2587	20 48 38 7
2588	24 45 44 16
2589	1 45 29 5
2590	33 31 13 29
2591	48 29 36 2
2592	22 46 50 1
2593	9 24 22 16
2594	37 5 6 48
2595	29 18 45 17
2596	31 18 33 34
2597	40 11 3 48
2598	25 42 10 21
2599	26 15 32 47
2600	43 41 45 10
2601	49 21 8 46
2602	8 46 41 25
2603	50 29 19 47
2604	24 47 18 36
2605	45 19 2 44
2606	13 19 23 9
2607	17 38 25 50
2608	19 41 31 15
2609	21 28 12 8
2610	6 19 50 14
2611	47 36 35 49
2612	8 4 43 38
2613	18 35 4 20
2614	4 1 25 47
2615	9 39 50 36
2616	21 23 18 27
2617	11 46 14 38
2618	27 29 16 28
2619	22 26 30 6
2620	33 50 43 10
2621	5 30 27 26
2622	7 5 35 12
2623	12 43 48 29
2624	5 8 34 6
2625	6 46 27 49
2626	40 42 7 49
2627	43 28 15 40
2628	20 44 35 1
2629	4 39 16 36
2630	4 3 15 26
2631	13 45 20 30
2632	25 22 36 1
2633	4 14 40 21
2634	7 36 14 19
2635	6 35 40 41
2636	31 45 3 29
2637	32 11 9 24
2638	13 12 6 3
2639	38 1 12 46
2640	4 36 11 23
2641	16 26 28 46
2642	43 11 5 20
2643	9 21 48 17
2644	20 2 13 10
2645	38 45 8 30
2646	34 23 26 37
2647	40 33 27 30
2648	29 12 13 31
2649	38 26 25 19
2650	39 15 5 9
2651	3 32 28 30
2652	20 36 24 33
2653	28 37 31 11
2654	16 9 15 20
2655	26 16 7 35
2656	16 22 3 35
2657	31 36 45 34
2658	8 10 31 7
2659	18 34 38 39
2660	42 11 17 27
2661	16 5 49 45
2662	32 47 12 11
2663	25 44 43 28
2664	43 25 30 29
2665	33 29 28 17
2666	4 39 17 31
2667	38 27 45 50
2668	44 21 11 18
2669	14 31 19 24
2670	37 4 38 3
2671	30 36 45 19
2672	19 36 34 29
2673	1 17 43 29
2674	21 37 8 9
2675	50 3 5 26
2676	50 11 14 38
2677	1 20 29 42
2678	29 18 31 8
2679	44 1 3 18
2680	37 50 21 16
2681	36 16 2 15
2682	14 9 17 31
2683	10 44 31 24
2684	22 17 1 16
2685	11 41 3 28
2686	23 25 11 19
2687	49 17 37 36
2688	4 36 32 50
2689	22 26 41 9
2690	31 36 37 47
2691	14 1 11 40
2692	35 11 50 38
2693	27 31 46 39
2694	1 34 29 21
2695	21 13 7 4
2696	45 11 42 41
2697	1 37 13 24
2698	3 24 12 19
2699	6 7 5 45
2700	11 23 12 26
2701	9 49 38 12
2702	32 8 28 16
2703	18 35 50 16
2704	26 39 40 2
2705	10 14 50 37
2706	32 40 47 19
2707	38 32 25 29
2708	11 20 47 22
2709	4 50 46 42
2710	42 43 28 35
2711	29 9 14 23
2712	15 32 9 39
2713	1 50 2 44
2714	3 41 39 10
2715	31 25 37 6
2716	5 17 27 43
2717	33 14 43 2
2718	6 37 22 30
2719	3 42 22 24
2720	46 2 12 20
2721	11 12 13 20
2722	48 37 27 24
2723	37 11 42 13
2724	25 33 11 14
2725	41 4 48 40
2726	11 41 32 29
2727	7 48 26 24
2728	45 39 47 4
2729	3 4 15 27
2730	44 31 37 27
2731	26 46 13 27
2732	18 47 7 36
2733	16 29 10 50
2734	16 10 45 34
2735	46 9 6 27
2736	19 6 8 48
2737	2 6 20 39
2738	34 8 17 42
2739	28 11 43 21
2740	31 17 14 50
2741	42 8 43 39
2742	44 4 5 27
2743	25 47 8 10
2744	47 50 23 45
2745	21 13 11 43
2746	26 9 23 40
2747	11 23 39 9
2748	17 23 13 16
2749	20 7 44 35
2750	42 12 49 40
2751	50 45 12 38
2752	48 1 37 5
2753	15 4 46 7
2754	25 42 18 10
2755	4 32 37 1
2756	1 30 33 27
2757	39 49 29 37
2758	45 10 34 50
2759	7 30 23 3
2760	46 24 27 5
2761	50 22 25 13
2762	3 49 18 7
2763	49 24 28 30
2764	32 40 46 13
2765	46 33 29 32
2766	19 42 37 18
2767	44 10 15 40
2768	45 2 39 9
2769	30 36 42 37
2770	23 37 31 30
2771	49 33 48 3
2772	47 13 32 35
2773	47 43 48 6
2774	16 40 35 47
2775	19 28 49 50
2776	31 34 13 46
2777	5 44 40 30
2778	48 46 34 49
2779	45 4 18 9
2780	25 45 1 18
2781	45 20 48 41
2782	27 41 4 24
2783	21 19 41 14
2784	13 5 19 45
2785	50 37 34 7
2786	13 25 21 41
2787	8 39 1 21
2788	28 46 22 12
2789	43 6 2 22
2790	16 36 35 24
2791	39 19 16 46
2792	30 39 22 37
2793	17 45 18 8
2794	7 38 30 21
2795	42 9 3 14
2796	49 7 3 2
2797	37 13 9 30
2798	23 4 17 48
2799	39 42 24 6
2800	36 20 37 41
2801	9 49 43 31
2802	28 25 17 34
2803	50 3 47 19
2804	18 36 11 45
2805	39 34 17 29
2806	12 1 6 23
2807	29 43 25 5
2808	44 30 16 5
2809	20 40 36 4
2810	25 7 9 19
2811	1 41 19 42
2812	50 16 39 41
2813	18 9 28 35
2814	22 29 34 17
2815	25 46 22 10
2816	1 35 23 20
2817	44 25 3 36
2818	37 29 39 9
2819	44 21 4 3
2820	48 8 31 7
2821	48 37 30 1
2822	4 27 21 47
2823	16 42 20 46
2824	23 6 35 13
2825	41 26 11 13
2826	41 10 7 36
2827	34 28 17 45
2828	32 39 37 47
2829	3 26 4 16
2830	5 44 2 48
2831	24 6 23 3
2832	11 49 18 35
2833	5 22 28 27
2834	15 48 50 16
2835	1 8 17 11
2836	28 34 19 49
2837	10 45 29 25
2838	31 10 11 48
2839	6 30 45 8
2840	39 22 31 44
2841	36 33 10 2
2842	24 28 16 50
2843	33 10 6 16
2844	33 18 12 23
2845	40 17 45 29
2846	17 32 46 19
2847	11 20 15 39
2848	47 21 14 36
2849	1 48 8 6
2850	49 20 19 29
2851	39 30 35 41
2852	31 9 16 28
2853	17 25 2 45
2854	10 24 42 15
2855	40 17 19 3
2856	6 14 41 39
2857	9 18 32 20
2858	20 24 21 29
2859	49 25 19 1
2860	19 39 8 27
2861	4 6 26 24
2862	34 11 24 49
2863	9 44 43 2
2864	30 15 24 2
2865	3 18 2 32
2866	45 19 11 48
2867	32 17 36 39
2868	10 2 37 50
2869	17 10 48 3
2870	33 13 43 19
2871	46 30 41 14
2872	42 10 36 43
2873	32 28 50 2
2874	7 23 16 21
2875	33 1 12 42
2876	29 49 40 19
2877	7 5 25 13
2878	19 31 5 39
2879	20 14 7 42
2880	24 38 27 19
2881	1 17 29 24
2882	38 33 44 45
2883	35 8 36 38
2884	6 47 14 9
2885	33 45 38 7
2886	21 43 17 20
2887	5 38 43 44
2888	5 42 28 48
2889	35 17 33 13
2890	28 21 40 10
2891	46 40 3 28
2892	48 47 31 33
2893	23 48 30 50
2894	25 40 9 23
2895	37 2 34 33
2896	16 33 45 6
2897	6 43 17 7
2898	29 9 38 20
2899	32 7 31 48
2900	22 25 36 8
2901	6 36 11 19
2902	28 49 6 32
2903	15 49 4 7
2904	46 9 33 12
2905	26 38 7 14
2906	29 8 41 6
2907	31 43 30 38
2908	49 24 8 4
2909	28 38 20 9
2910	43 33 46 28
2911	2 19 39 17
2912	29 38 4 28
2913	23 11 6 35
2914	42 40 43 49
2915	17 18 19 3
2916	33 15 27 38
2917	14 21 12 49
2918	2 48 25 24
2919	31 50 10 6
2920	46 7 11 42
2921	11 2 13 25
2922	13 24 14 1
2923	33 8 32 21
2924	30 29 13 43
2925	27 13 1 3
2926	11 17 46 2
2927	16 42 21 49
2928	43 9 7 13
2929	13 7 43 22
2930	27 36 50 48
2931	8 37 32 50
2932	2 24 35 22
2933	6 37 21 41
2934	7 24 39 26
2935	6 18 47 25
2936	41 14 29 9
2937	23 11 25 27
2938	1 39 27 11
2939	11 4 30 14
2940	35 1 25 2
2941	20 7 48 9
2942	46 20 12 40
2943	7 30 33 15
2944	21 49 26 24
2945	47 2 9 36
2946	29 2 8 19
2947	40 29 50 39
2948	41 26 7 42
2949	22 29 45 33
2950	7 26 28 21
2951	16 27 37 33
2952	47 2 16 10
2953	11 37 15 38
2954	39 4 38 9
2955	1 3 4 26
2956	25 10 32 19
2957	2 21 25 36
2958	27 43 10 22
2959	34 11 13 26
2960	25 41 48 38
2961	21 13 45 9
2962	39 43 23 17
2963	13 22 37 35
2964	36 21 31 27
2965	37 10 49 20
2966	45 29 24 32
2967	29 42 1 22
2968	18 22 8 45
2969	4 15 30 24
2970	14 2 31 29
2971	31 11 48 34
2972	49 20 39 41
2973	33 27 10 5
2974	50 44 39 5
2975	27 41 22 13
2976	16 9 35 4
2977	33 10 49 35
2978	39 12 4 24
2979	47 30 21 23
2980	4 31 9 14
2981	49 48 47 29
2982	11 8 16 49
2983	2 40 7 36
2984	29 50 30 44
2985	12 46 39 43
2986	4 20 17 44
2987	47 22 30 25
2988	4 35 24 20
2989	17 42 23 4
2990	12 33 17 2
2991	33 15 27 50
2992	40 6 33 36
2993	32 33 12 13
2994	19 34 4 1
2995	46 39 33 49
2996	8 24 45 43
2997	34 28 17 23
2998	2 12 32 26
2999	34 40 17 35
3000	42 5 12 1
3001	45 18 47 8
3002	9 45 14 22
3003	29 22 35 48
3004	39 1 45 50
3005	35 18 20 44
3006	25 32 15 17
3007	6 34 41 14
3008	37 38 36 25
3009	20 39 41 42
3010	38 30 22 21
3011	8 49 28 14
3012	28 44 7 42
3013	26 3 9 44
3014	46 2 1 36
3015	41 19 49 1
3016	34 46 35 22
3017	18 14 9 11
3018	32 2 23 30
3019	50 18 36 17
3020	16 41 36 50
3021	17 27 33 44
3022	22 10 43 19
3023	42 37 11 14
3024	32 5 12 25
3025	2 45 27 39
3026	47 19 12 37
3027	16 18 28 17
3028	3 1 22 28
3029	37 9 30 25
3030	32 40 24 28
3031	30 6 13 2
3032	16 30 50 43
3033	39 3 47 37
3034	34 16 2 42
3035	27 47 30 18
3036	22 34 41 16
3037	35 25 19 1
3038	28 24 43 7
3039	25 10 12 1
3040	8 21 32 38
3041	13 14 44 4
3042	48 13 45 32
3043	3 4 37 27
3044	49 12 5 18
3045	34 25 35 24
3046	17 26 34 21
3047	14 4 7 49
3048	8 26 47 36
3049	19 45 41 5
3050	22 29 16 4
3051	20 11 33 28
3052	23 6 2 8
3053	19 42 46 50
3054	17 35 31 15
3055	36 48 41 7
3056	8 12 38 36
3057	2 5 30 40
3058	39 5 40 1
3059	24 26 30 18
3060	47 34 5 23
3061	43 25 18 21
3062	5 37 1 44
3063	48 40 23 39
3064	16 26 41 42
3065	48 12 13 11
3066	33 10 5 23
3067	26 2 31 20
3068	30 50 45 26
3069	49 26 15 10
3070	1 13 18 26
3071	39 30 31 10
3072	38 8 43 24
3073	40 37 13 6
3074	39 14 50 17
3075	39 25 27 40
3076	5 4 8 15
3077	14 34 37 45
3078	43 22 16 1
3079	18 6 33 42
3080	40 13 21 49
3081	3 50 42 14
3082	35 7 21 1
3083	20 36 26 9
3084	8 36 40 43
3085	30 2 3 45
3086	17 40 14 6
3087	10 12 44 47
3088	11 50 19 43
3089	44 39 32 47
3090	22 43 17 24
3091	16 9 6 27
3092	4 5 15 46
3093	41 43 5 38
3094	29 24 11 45
3095	48 8 45 37
3096	47 24 39 7
3097	28 25 48 7
3098	47 12 4 43
3099	5 15 18 32
3100	45 41 1 16
3101	32 1 14 19
3102	18 8 30 3
3103	44 50 34 9
3104	21 27 42 43
3105	37 31 10 17
3106	48 29 49 14
3107	3 28 6 45
3108	26 24 25 8
3109	19 14 17 11
3110	16 25 50 13
3111	32 33 7 38
3112	20 17 49 25
3113	42 27 10 25
3114	38 10 9 37
3115	25 22 39 49
3116	3 22 1 41
3117	13 49 30 27
3118	4 15 43 2
3119	9 44 32 29
3120	1 21 8 26
3121	28 11 29 23
3122	49 42 3 34
3123	11 8 13 17
3124	27 36 13 34
3125	48 36 17 21
3126	18 40 34 6
3127	49 27 9 50
3128	28 38 25 43
3129	7 10 36 38
3130	36 18 34 40
3131	10 16 9 38
3132	24 40 3 30
3133	30 16 1 9
3134	46 14 47 13
3135	47 36 26 12
3136	41 36 21 43
3137	22 36 24 40
3138	5 32 3 41
3139	20 37 47 15
3140	47 28 25 48
3141	4 18 11 20
3142	7 2 28 46
3143	7 35 37 9
3144	20 23 28 11
3145	34 15 37 47
3146	1 45 41 20
3147	49 39 42 6
3148	8 27 11 10
3149	20 28 23 6
3150	23 12 22 46
3151	29 3 8 18
3152	27 10 33 41
3153	41 11 12 50
3154	44 32 38 40
3155	24 11 42 49
3156	32 26 13 10
3157	41 43 14 45
3158	36 6 25 19
3159	22 41 32 10
3160	22 20 27 48
3161	32 13 2 26
3162	33 47 15 10
3163	11 2 28 10
3164	29 48 23 39
3165	35 18 15 11
3166	33 46 26 7
3167	4 43 27 24
3168	6 16 50 2
3169	19 31 16 24
3170	35 36 17 22
3171	41 3 17 50
3172	3 36 19 26
3173	3 49 44 28
3174	24 29 7 13
3175	7 48 35 27
3176	45 26 36 28
3177	3 28 48 30
3178	24 9 1 8
3179	9 48 18 21
3180	4 43 29 24
3181	14 35 22 20
3182	30 15 22 18
3183	30 8 39 11
3184	9 5 31 46
3185	48 15 17 38
3186	16 35 3 43
3187	10 31 46 45
3188	37 22 19 45
3189	49 43 32 11
3190	31 10 5 20
3191	30 37 22 43
3192	44 22 36 11
3193	30 25 2 35
3194	6 40 43 42
3195	36 2 31 13
3196	24 46 39 47
3197	18 28 1 8
3198	21 4 16 1
3199	30 15 28 11
3200	46 5 13 25
3201	48 34 13 40
3202	29 10 33 45
3203	22 46 4 41
3204	23 43 21 39
3205	48 26 18 40
3206	13 22 32 41
3207	6 43 35 12
3208	46 33 9 42
3209	31 28 49 4
3210	46 38 29 24
3211	18 26 50 47
3212	8 27 7 11
3213	30 15 11 23
3214	47 15 45 11
3215	21 26 12 20
3216	19 9 21 20
3217	2 12 47 44
3218	18 6 16 8
3219	7 44 16 36
3220	40 33 11 1
3221	15 24 27 7
3222	23 46 24 18
3223	49 24 16 47
3224	26 28 35 1
3225	16 12 10 21
3226	31 34 42 10
3227	46 7 44 37
3228	32 40 37 22
3229	12 6 17 3
3230	35 22 9 47
3231	33 16 40 3
3232	25 12 13 14
3233	34 7 39 19
3234	35 23 49 15
3235	17 45 19 37
3236	12 39 44 18
3237	11 45 1 14
3238	32 36 6 39
3239	39 11 2 32
3240	2 42 48 16
3241	46 40 9 37
3242	20 25 10 45
3243	6 21 44 29
3244	7 28 29 50
3245	41 15 22 23
3246	2 31 22 39
3247	17 14 1 50
3248	5 29 39 3
3249	16 17 24 10
3250	42 30 20 19
3251	37 25 38 47
3252	48 5 20 50
3253	44 23 48 31
3254	37 40 48 20
3255	37 27 34 25
3256	38 39 44 17
3257	42 32 4 14
3258	17 28 11 36
3259	4 21 16 1
3260	39 45 44 32
3261	14 9 13 22
3262	39 38 46 1
3263	15 44 1 13
3264	15 3 30 38
3265	11 34 29 38
3266	18 36 4 30
3267	24 2 42 43
3268	35 23 50 21
3269	22 39 38 48
3270	8 24 37 13
3271	26 39 43 6
3272	45 49 30 17
3273	39 31 8 23
3274	38 47 46 17
3275	43 25 46 36
3276	46 11 22 6
3277	49 23 44 25
3278	6 47 46 24
3279	47 3 41 23
3280	3 20 21 28
3281	16 37 19 47
3282	39 45 26 18
3283	37 8 1 2
3284	36 9 11 12
3285	3 37 41 46
3286	11 47 26 5
3287	31 13 40 24
3288	24 17 14 46
3289	1 9 32 31
3290	21 32 27 10
3291	36 30 19 38
3292	37 23 30 20
3293	3 43 15 27
3294	33 22 17 3
3295	19 47 15 44
3296	12 2 29 35
3297	21 5 26 13
3298	16 17 18 29
3299	41 46 40 17
3300	31 17 45 50
3301	34 32 4 24
3302	23 43 30 20
3303	24 18 42 37
3304	3 1 7 43
3305	13 40 31 24
3306	29 8 7 36
3307	40 34 12 37
3308	21 38 8 28
3309	10 45 30 41
3310	16 17 21 23
3311	45 48 47 50
3312	28 15 36 14
3313	34 41 37 16
3314	40 22 5 25
3315	40 1 33 20
3316	5 3 36 43
3317	11 31 13 43
3318	33 27 7 5
3319	15 26 13 17
3320	7 17 23 9
3321	17 32 4 38
3322	44 17 9 4
3323	27 4 16 25
3324	16 27 22 11
3325	38 48 44 9
3326	2 49 33 29
3327	21 29 28 38
3328	26 3 7 40
3329	8 18 28 34
3330	40 1 29 8
3331	23 7 46 27
3332	32 41 46 10
3333	19 29 42 5
3334	26 11 43 9
3335	16 8 14 24
3336	7 32 29 3
3337	36 18 23 1
3338	50 28 35 3
3339	48 23 41 49
3340	18 43 6 2
3341	2 10 18 31
3342	20 7 40 41
3343	8 50 2 41
3344	2 28 46 36
3345	4 50 40 25
3346	13 16 1 40
3347	32 47 25 37
3348	16 21 49 41
3349	8 14 36 10
3350	1 4 14 46
3351	44 34 45 9
3352	4 26 49 22
3353	22 48 24 6
3354	43 11 2 25
3355	13 35 27 33
3356	16 27 48 45
3357	46 5 26 43
3358	38 33 21 16
3359	35 29 47 15
3360	24 1 8 35
3361	43 5 48 15
3362	12 37 42 4
3363	12 48 41 10
3364	22 32 10 7
3365	2 28 5 21
3366	46 48 33 16
3367	7 18 24 1
3368	3 11 33 44
3369	13 21 40 46
3370	34 24 11 17
3371	12 3 23 11
3372	50 17 41 25
3373	32 19 20 37
3374	37 17 48 21
3375	41 40 50 16
3376	34 41 20 40
3377	22 25 28 16
3378	48 36 22 28
3379	49 36 2 7
3380	20 28 35 31
3381	36 6 33 4
3382	27 8 21 11
3383	1 30 34 35
3384	26 19 39 41
3385	12 24 4 25
3386	36 5 7 50
3387	5 13 37 24
3388	18 48 29 16
3389	48 34 46 2
3390	1 9 23 31
3391	48 23 31 37
3392	39 40 20 32
3393	49 22 39 19
3394	23 1 24 11
3395	34 22 6 18
3396	41 47 39 45
3397	41 24 16 3
3398	37 39 19 41
3399	39 4 37 17
3400	1 2 45 20
3401	24 15 39 35
3402	35 33 45 26
3403	34 7 21 40
3404	4 16 31 23
3405	45 50 28 7
3406	6 45 50 32
3407	28 24 48 43
3408	37 23 8 31
3409	9 11 34 19
3410	19 7 27 41
3411	15 4 43 44
3412	5 50 46 17
3413	30 40 36 3
3414	7 48 9 3
3415	45 48 35 1
3416	42 13 24 30
3417	2 23 41 6
3418	29 1 20 50
3419	9 4 5 30
3420	50 17 25 4
3421	21 39 7 32
3422	1 4 8 47
3423	40 2 31 21
3424	46 22 36 19
3425	13 2 40 50
3426	20 30 35 25
3427	39 46 21 27
3428	25 10 12 38
3429	30 14 47 12
3430	24 33 3 12
3431	24 35 7 2
3432	35 17 37 3
3433	25 43 42 31
3434	11 33 36 37
3435	47 44 31 35
3436	24 10 14 17
3437	27 41 46 48
3438	3 44 24 18
3439	48 28 36 13
3440	6 45 35 9
3441	18 47 8 6
3442	35 27 12 28
3443	13 36 40 45
3444	5 42 44 47
3445	1 50 7 43
3446	26 35 19 31
3447	1 22 11 4
3448	38 37 25 46
3449	35 37 38 13
3450	11 26 29 17
3451	28 49 13 23
3452	26 37 4 8
3453	14 27 19 10
3454	6 35 15 41
3455	40 39 26 29
3456	22 35 16 13
3457	39 31 17 41
3458	31 38 45 39
3459	46 7 14 47
3460	19 50 44 43
3461	44 1 10 16
3462	9 5 7 19
3463	46 40 30 34
3464	35 21 8 3
3465	21 26 41 38
3466	11 9 5 33
3467	36 42 47 6
3468	43 1 21 47
3469	9 2 6 1
3470	27 14 5 21
3471	39 35 46 1
3472	10 39 2 15
3473	36 12 43 31
3474	16 18 34 7
3475	50 16 31 14
3476	34 19 4 14
3477	46 27 33 34
3478	7 4 5 16
3479	23 32 25 15
3480	19 39 22 21
3481	28 48 19 3
3482	48 40 49 31
3483	46 12 36 24
3484	1 29 10 5
3485	16 22 42 45
3486	22 50 29 19
3487	45 22 1 31
3488	8 21 30 28
3489	35 31 6 15
3490	23 38 49 20
3491	45 33 9 15
3492	2 28 27 40
3493	17 39 35 41
3494	47 3 22 24
3495	42 27 13 32
3496	29 16 2 25
3497	19 14 15 2
3498	44 5 15 26
3499	50 2 10 1
3500	35 9 40 21
3501	46 5 31 27
3502	28 26 46 21
3503	3 37 6 34
3504	36 43 3 45
3505	24 34 3 20
3506	1 32 47 36
3507	48 12 36 17
3508	16 30 17 23
3509	15 1 11 19
3510	23 30 21 44
3511	23 44 29 2
3512	36 18 37 32
3513	22 37 43 7
3514	40 35 38 9
3515	34 1 49 43
3516	43 39 21 24
3517	26 23 5 40
3518	43 18 29 46
3519	50 4 8 33
3520	25 6 4 11
3521	28 44 17 19
3522	16 42 8 47
3523	36 37 32 25
3524	35 29 36 39
3525	47 33 13 26
3526	41 24 36 40
3527	6 19 30 10
3528	10 3 25 32
3529	48 10 46 42
3530	44 46 11 7
3531	39 44 13 8
3532	32 1 36 34
3533	12 32 16 26
3534	28 49 50 42
3535	1 27 12 23
3536	50 42 48 21
3537	14 31 46 2
3538	49 37 8 34
3539	22 23 39 17
3540	3 50 41 45
3541	21 43 16 38
3542	9 16 41 19
3543	8 22 28 46
3544	4 21 41 13
3545	16 44 29 40
3546	44 23 5 35
3547	40 31 10 50
3548	29 2 35 43
3549	50 46 20 39
3550	31 35 27 37
3551	26 25 49 48
3552	30 17 29 16
3553	21 47 15 35
3554	30 28 34 31
3555	24 44 40 27
3556	24 41 10 8
3557	41 48 22 15
3558	18 26 44 40
3559	47 15 34 27
3560	22 21 38 44
3561	42 22 13 6
3562	32 33 20 36
3563	42 50 7 3
3564	34 7 31 15
3565	46 11 28 22
3566	42 3 17 4
3567	26 34 12 29
3568	48 15 14 33
3569	17 11 36 32
3570	47 38 25 42
3571	47 30 38 9
3572	16 11 14 46
3573	14 39 33 19
3574	4 39 9 27
3575	44 17 7 48
3576	6 27 42 45
3577	20 15 28 8
3578	30 4 46 41
3579	15 22 34 7
3580	25 1 10 4
3581	40 7 3 11
3582	18 19 12 27
3583	22 26 8 12
3584	48 37 14 26
3585	8 12 25 10
3586	49 38 32 5
3587	25 23 38 49
3588	23 44 17 10
3589	46 30 40 34
3590	23 46 48 49
3591	49 23 50 13
3592	3 31 4 14
3593	15 5 13 38
3594	45 29 37 4
3595	21 41 22 3
3596	36 41 43 2
3597	7 29 20 17
3598	3 30 43 46
3599	39 15 7 3
3600	23 7 12 34
3601	25 8 12 16
3602	36 9 17 20
3603	46 3 1 12
3604	8 43 42 50
3605	25 37 32 12
3606	1 38 32 40
3607	22 42 37 38
3608	29 46 7 13
3609	46 4 23 41
3610	29 18 32 19
3611	22 28 3 35
3612	48 13 20 35
3613	40 15 22 24
3614	6 30 8 34
3615	28 30 18 33
3616	30 16 28 10
3617	10 25 27 35
3618	15 2 4 20
3619	6 40 8 13
3620	17 3 29 39
3621	12 38 30 34
3622	26 5 32 9
3623	35 6 8 48
3624	32 8 39 21
3625	22 26 48 44
3626	17 40 28 5
3627	17 45 26 4
3628	23 33 6 19
3629	23 38 35 34
3630	14 31 16 9
3631	2 13 7 8
3632	34 13 43 35
3633	27 49 28 47
3634	37 25 10 22
3635	35 30 19 8
3636	43 29 32 6
3637	40 21 35 25
3638	29 24 10 35
3639	26 49 3 36
3640	29 43 38 28
3641	27 4 48 15
3642	24 47 21 10
3643	47 32 36 26
3644	39 4 46 18
3645	2 40 11 27
3646	37 26 40 5
3647	42 30 1 10
3648	29 49 43 32
3649	24 39 9 42
3650	27 17 50 42
3651	19 44 20 25
3652	6 33 20 28
3653	3 9 48 22
3654	50 39 13 43
3655	42 29 47 20
3656	44 17 15 25
3657	46 23 28 19
3658	17 39 4 46
3659	10 5 47 4
3660	45 17 37 9
3661	50 17 32 29
3662	44 39 41 5
3663	19 2 37 7
3664	29 4 37 47
3665	22 34 19 15
3666	30 20 40 4
3667	45 25 50 6
3668	42 44 3 32
3669	17 5 42 28
3670	38 23 48 9
3671	13 37 25 32
3672	5 13 42 29
3673	39 6 49 11
3674	1 32 14 12
3675	7 45 35 43
3676	33 5 12 4
3677	15 22 16 23
3678	13 35 32 34
3679	20 6 10 21
3680	23 17 36 6
3681	8 14 4 3
3682	26 35 27 29
3683	42 11 36 27
3684	42 21 34 4
3685	36 40 45 7
3686	12 26 36 43
3687	18 11 3 27
3688	35 39 6 24
3689	3 26 23 4
3690	34 18 24 40
3691	21 47 30 3
3692	13 30 36 43
3693	19 37 10 36
3694	1 25 45 44
3695	46 50 25 35
3696	47 43 35 30
3697	44 18 28 15
3698	48 22 35 2
3699	9 30 27 41
3700	45 18 8 41
3701	21 19 45 40
3702	15 30 42 29
3703	5 40 23 36
3704	29 2 35 33
3705	34 1 21 35
3706	30 36 8 37
3707	33 13 44 25
3708	22 33 38 34
3709	40 9 2 43
3710	16 43 26 13
3711	9 11 28 25
3712	13 46 48 31
3713	45 15 40 32
3714	43 40 28 18
3715	30 40 46 18
3716	36 46 40 8
3717	28 48 4 49
3718	31 10 14 20
3719	44 42 46 12
3720	24 7 30 44
3721	4 36 17 49
3722	2 28 48 35
3723	19 25 16 21
3724	34 50 31 38
3725	34 24 27 15
3726	49 21 7 11
3727	41 36 19 44
3728	15 50 14 17
3729	26 47 14 13
3730	49 41 21 48
3731	6 4 1 2
3732	11 25 19 36
3733	1 42 14 50
3734	21 39 10 38
3735	49 4 5 37
3736	15 26 17 34
3737	17 40 9 35
3738	4 39 27 24
3739	43 36 16 22
3740	8 43 25 49
3741	44 49 23 45
3742	50 8 2 24
3743	20 2 33 23
3744	44 17 24 34
3745	22 16 17 35
3746	37 12 42 27
3747	39 19 4 9
3748	31 6 45 38
3749	14 46 2 35
3750	35 45 3 25
3751	28 1 11 8
3752	24 15 19 9
3753	19 44 46 2
3754	36 30 31 7
3755	18 9 35 12
3756	33 9 12 5
3757	40 29 8 31
3758	33 18 13 11
3759	16 15 36 11
3760	38 21 45 10
3761	4 15 18 3
3762	7 5 24 46
3763	35 48 37 4
3764	3 5 31 27
3765	50 49 30 38
3766	19 45 1 26
3767	19 43 34 45
3768	28 31 40 46
3769	47 31 39 21
3770	42 35 31 24
3771	28 13 47 31
3772	2 24 20 17
3773	27 32 44 46
3774	23 25 5 37
3775	12 21 7 15
3776	32 44 13 6
3777	9 41 42 28
3778	3 5 19 4
3779	8 48 23 17
3780	15 16 20 12
3781	27 33 38 49
3782	29 20 36 28
3783	3 36 6 16
3784	33 24 27 19
3785	44 41 25 28
3786	28 49 46 11
3787	8 18 24 40
3788	13 4 31 10
3789	39 10 8 42
3790	3 36 27 39
3791	7 34 2 25
3792	11 18 43 41
3793	13 23 34 12
3794	7 24 44 40
3795	7 40 42 13
3796	1 5 8 6
3797	50 27 39 28
3798	21 2 45 13
3799	7 41 34 21
3800	46 32 48 49
3801	28 40 17 42
3802	32 36 41 30
3803	15 48 50 17
3804	40 6 21 13
3805	35 6 22 40
3806	36 2 8 11
3807	12 10 16 32
3808	42 8 25 15
3809	27 50 18 46
3810	32 14 30 19
3811	8 20 33 13
3812	24 3 8 37
3813	24 22 2 23
3814	6 33 8 34
3815	35 50 32 1
3816	9 1 17 10
3817	33 36 12 20
3818	39 1 19 41
3819	30 29 20 32
3820	7 26 5 10
3821	8 30 25 11
3822	45 46 30 4
3823	31 40 2 13
3824	47 50 41 27
3825	22 7 3 28
3826	41 49 34 3
3827	15 6 1 21
3828	24 42 11 25
3829	28 20 27 32
3830	46 36 7 28
3831	20 31 26 35
3832	47 21 39 1
3833	21 14 13 26
3834	38 22 46 16
3835	2 25 20 37
3836	5 44 31 48
3837	18 41 16 15
3838	31 45 42 15
3839	25 8 16 50
3840	26 4 6 23
3841	47 30 48 14
3842	40 9 25 34
3843	28 15 39 10
3844	13 47 15 29
3845	28 31 22 26
3846	22 35 31 33
3847	7 8 25 34
3848	29 50 43 45
3849	12 15 8 21
3850	36 43 38 29
3851	27 47 12 35
3852	3 22 24 14
3853	20 30 40 47
3854	15 31 28 48
3855	37 8 41 26
3856	10 39 47 34
3857	35 41 24 9
3858	47 5 48 28
3859	1 20 42 19
3860	17 32 24 49
3861	8 36 34 37
3862	23 25 33 34
3863	4 21 38 1
3864	33 23 26 6
3865	46 14 28 11
3866	41 45 26 3
3867	31 21 4 25
3868	23 30 34 17
3869	50 34 10 39
3870	8 44 31 2
3871	7 8 3 9
3872	10 5 47 19
3873	49 11 7 21
3874	36 42 24 4
3875	29 38 10 11
3876	44 49 38 40
3877	3 47 31 23
3878	22 13 7 36
3879	27 41 6 42
3880	31 21 27 48
3881	2 46 38 22
3882	49 6 24 2
3883	1 2 42 36
3884	27 47 49 10
3885	19 8 46 5
3886	23 18 7 4
3887	35 7 28 46
3888	44 31 29 19
3889	17 2 32 11
3890	4 42 13 25
3891	11 16 39 46
3892	3 31 5 49
3893	16 5 34 24
3894	44 16 5 22
3895	33 37 10 1
3896	22 31 43 5
3897	41 38 35 13
3898	34 29 26 19
3899	46 38 6 28
3900	50 24 2 1
3901	15 44 20 2
3902	47 6 16 50
3903	30 24 11 17
3904	8 33 23 16
3905	41 26 5 13
3906	33 12 35 18
3907	3 29 27 40
3908	5 20 16 50
3909	13 35 14 41
3910	4 23 42 14
3911	16 41 45 2
3912	41 28 31 25
3913	3 30 20 44
3914	40 47 15 14
3915	16 8 11 17
3916	4 21 8 23
3917	43 9 35 14
3918	12 13 41 22
3919	19 3 23 11
3920	11 20 16 35
3921	42 13 33 17
3922	30 48 4 9
3923	9 5 32 43
3924	25 29 8 36
3925	11 3 6 5
3926	25 31 38 19
3927	32 15 3 16
3928	9 38 12 31
3929	5 9 30 34
3930	7 10 13 8
3931	43 46 32 44
3932	10 25 18 43
3933	3 39 48 8
3934	6 20 46 36
3935	32 50 13 12
3936	44 47 9 4
3937	37 34 14 24
3938	20 4 42 25
3939	25 10 29 41
3940	26 4 2 30
3941	14 44 5 32
3942	26 36 11 4
3943	4 9 2 46
3944	22 16 40 45
3945	41 5 12 33
3946	20 17 5 48
3947	19 26 16 1
3948	6 18 20 46
3949	24 34 49 26
3950	31 49 12 16
3951	44 10 19 27
3952	32 23 3 6
3953	42 46 27 13
3954	22 31 28 24
3955	3 26 20 37
3956	49 40 31 7
3957	10 45 7 30
3958	21 43 8 6
3959	7 36 5 42
3960	39 27 12 29
3961	10 46 17 48
3962	12 14 19 13
3963	39 48 43 23
3964	28 33 17 12
3965	18 25 5 48
3966	19 31 10 2
3967	33 7 27 30
3968	36 27 37 48
3969	11 13 1 4
3970	12 41 42 21
3971	31 26 34 16
3972	25 24 7 1
3973	11 16 24 38
3974	47 39 40 27
3975	45 29 14 5
3976	45 7 38 26
3977	38 42 4 21
3978	23 34 20 22
3979	18 1 45 26
3980	9 35 16 5
3981	25 28 20 40
3982	16 27 50 14
3983	15 26 44 21
3984	47 17 42 35
3985	15 22 43 30
3986	1 38 26 45
3987	24 21 6 39
3988	38 44 32 23
3989	6 10 20 18
3990	6 34 9 47
3991	35 23 22 30
3992	21 10 44 34
3993	22 6 13 35
3994	49 2 6 8
3995	13 41 14 23
3996	50 8 29 38
3997	25 46 47 10
3998	7 25 30 27
3999	43 15 20 28
4000	35 6 12 22
4001	21 29 14 32
4002	23 41 26 44
4003	15 33 41 21
4004	25 17 45 43
4005	8 9 15 18
4006	38 5 23 31
4007	19 23 26 36
4008	50 4 19 31
4009	23 15 19 9
4010	1 46 20 45
4011	16 9 26 28
4012	49 1 46 29
4013	29 6 26 39
4014	29 39 1 22
4015	40 11 16 8
4016	2 12 19 46
4017	31 29 22 12
4018	26 35 10 32
4019	7 3 6 9
4020	36 16 24 22
4021	29 16 9 18
4022	40 44 45 32
4023	47 38 33 6
4024	12 48 36 16
4025	43 11 46 16
4026	44 23 32 34
4027	5 46 34 12
4028	11 5 32 4
4029	17 20 3 2
4030	38 30 40 21
4031	2 13 39 11
4032	45 2 48 36
4033	40 50 19 20
4034	1 39 22 41
4035	27 26 4 40
4036	40 2 20 27
4037	24 27 14 49
4038	7 1 3 47
4039	12 13 47 6
4040	11 1 25 47
4041	45 35 40 18
4042	12 48 28 11
4043	50 31 13 37
4044	12 38 42 10
4045	11 10 49 43
4046	32 20 18 31
4047	46 38 19 29
4048	33 4 42 36
4049	15 12 27 47
4050	34 38 45 41
4051	50 30 15 2
4052	39 21 30 12
4053	44 34 42 49
4054	16 43 23 19
4055	29 19 11 41
4056	19 14 40 27
4057	32 34 19 46
4058	47 8 30 34
4059	6 15 19 48
4060	17 22 45 14
4061	27 47 21 35
4062	19 36 5 6
4063	19 26 32 4
4064	41 26 46 42
4065	29 35 4 2
4066	11 43 30 17
4067	42 1 9 38
4068	22 6 41 24
4069	40 8 44 15
4070	47 7 28 15
4071	31 38 32 8
4072	20 4 49 12
4073	36 20 9 19
4074	14 10 6 44
4075	24 16 46 20
4076	11 48 20 29
4077	30 48 46 16
4078	13 24 39 15
4079	27 11 31 44
4080	42 9 29 21
4081	49 22 30 41
4082	8 26 12 11
4083	34 22 47 46
4084	33 30 34 29
4085	30 27 8 35
4086	37 27 33 16
4087	9 10 2 3
4088	18 10 38 9
4089	47 13 39 16
4090	34 15 40 45
4091	44 2 38 48
4092	5 43 42 46
4093	11 45 5 17
4094	41 47 46 36
4095	42 38 34 1
4096	50 45 23 15
4097	14 44 47 26
4098	23 13 43 4
4099	6 41 29 50
4100	50 8 26 27
4101	40 47 29 42
4102	38 45 24 36
4103	50 2 43 20
4104	1 42 17 24
4105	11 48 1 19
4106	32 2 43 27
4107	37 20 14 45
4108	50 16 27 32
4109	5 33 47 29
4110	42 24 50 10
4111	6 4 10 38
4112	23 47 2 19
4113	15 25 30 50
4114	8 28 38 10
4115	4 50 12 30
4116	50 49 45 27
4117	15 1 44 16
4118	46 26 34 32
4119	26 4 19 45
4120	4 41 35 36
4121	29 32 31 18
4122	2 40 36 31
4123	16 48 27 21
4124	44 37 15 5
4125	7 3 9 44
4126	18 14 47 36
4127	47 29 28 12
4128	14 28 31 43
4129	15 34 6 26
4130	39 36 34 43
4131	35 30 6 11
4132	25 24 35 9
4133	35 12 38 10
4134	7 19 15 23
4135	26 39 30 10
4136	37 31 42 45
4137	16 45 37 17
4138	7 26 47 23
4139	34 20 38 47
4140	22 31 44 48
4141	20 42 12 28
4142	33 6 41 25
4143	45 35 21 5
4144	46 48 32 18
4145	30 43 6 50
4146	45 19 16 12
4147	40 38 31 34
4148	19 17 34 41
4149	3 40 4 24
4150	21 2 36 16
4151	26 2 9 28
4152	40 19 18 27
4153	3 40 25 42
4154	17 1 18 34
4155	14 11 13 20
4156	3 20 38 14
4157	15 2 18 34
4158	5 19 9 46
4159	48 13 12 31
4160	30 9 7 43
4161	45 26 9 13
4162	13 27 11 2
4163	14 4 32 11
4164	2 14 30 12
4165	2 39 42 43
4166	24 23 16 35
4167	45 17 29 40
4168	6 5 33 22
4169	40 42 19 28
4170	10 7 9 3
4171	46 16 4 43
4172	18 3 38 43
4173	1 15 19 46
4174	11 22 2 48
4175	17 30 31 46
4176	49 47 43 26
4177	43 17 48 15
4178	13 7 31 26
4179	12 46 4 22
4180	17 9 32 43
4181	42 13 47 45
4182	10 23 33 14
4183	23 25 12 46
4184	50 40 14 42
4185	41 32 17 11
4186	31 23 19 39
4187	11 7 34 29
4188	15 14 46 29
4189	20 30 45 44
4190	12 28 38 43
4191	9 43 26 4
4192	36 33 2 31
4193	28 6 37 23
4194	24 33 22 27
4195	11 48 29 32
4196	48 13 20 19
4197	35 5 6 36
4198	28 43 18 36
4199	17 37 44 30
4200	29 37 30 23
4201	39 10 21 42
4202	35 42 16 14
4203	13 35 16 31
4204	4 18 45 14
4205	46 7 13 38
4206	10 40 7 47
4207	5 49 16 1
4208	48 15 42 47
4209	47 16 32 25
4210	7 45 1 13
4211	1 14 10 27
4212	47 7 15 13
4213	29 19 38 27
4214	42 34 14 1
4215	23 41 27 1
4216	3 6 40 18
4217	33 5 30 27
4218	16 48 46 17
4219	22 37 45 43
4220	25 29 18 22
4221	46 49 37 9
4222	14 40 11 31
4223	6 3 14 50
4224	1 25 41 36
4225	15 43 3 38
4226	50 48 46 43
4227	21 18 14 22
4228	27 42 38 17
4229	34 12 3 16
4230	47 21 33 34
4231	44 47 45 32
4232	13 7 17 49
4233	36 12 24 38
4234	34 42 35 40
4235	27 21 2 14
4236	33 2 25 42
4237	42 34 15 2
4238	44 9 27 5
4239	2 1 31 38
4240	13 24 26 29
4241	23 45 38 4
4242	30 14 7 49
4243	34 23 9 33
4244	19 35 36 45
4245	25 43 45 15
4246	2 18 50 6
4247	47 11 42 2
4248	42 12 32 4
4249	31 25 5 7
4250	15 14 16 46
4251	17 32 38 15
4252	18 14 34 9
4253	23 7 36 34
4254	17 40 49 6
4255	6 46 44 33
4256	24 47 44 21
4257	8 20 45 24
4258	39 49 50 6
4259	13 45 21 3
4260	26 25 34 11
4261	33 18 7 32
4262	32 35 44 11
4263	1 28 38 48
4264	23 6 44 30
4265	21 49 2 30
4266	50 19 23 41
4267	39 9 32 14
4268	3 24 28 22
4269	43 38 13 20
4270	21 26 14 49
4271	12 49 31 41
4272	40 19 31 46
4273	31 21 35 12
4274	43 8 5 4
4275	13 39 3 24
4276	28 49 11 31
4277	1 33 2 38
4278	16 13 31 5
4279	22 11 38 7
4280	39 47 32 48
4281	10 27 16 44
4282	47 24 37 19
4283	20 19 37 21
4284	35 15 4 13
4285	37 17 20 33
4286	40 23 20 38
4287	28 38 10 50
4288	4 48 2 6
4289	12 34 38 47
4290	16 2 46 33
4291	31 11 26 14
4292	38 8 9 31
4293	40 37 23 12
4294	17 37 45 21
4295	18 2 27 33
4296	5 29 44 21
4297	18 41 50 21
4298	32 33 36 44
4299	39 15 48 10
4300	8 13 12 34
4301	14 25 44 15
4302	38 24 19 5
4303	20 15 27 24
4304	5 25 1 31
4305	46 13 8 43
4306	25 18 37 15
4307	10 37 39 2
4308	7 21 50 31
4309	48 41 9 10
4310	40 1 46 48
4311	48 35 49 45
4312	26 41 47 27
4313	20 42 1 9
4314	48 41 34 22
4315	48 29 26 18
4316	15 5 45 6
4317	44 14 36 5
4318	13 15 12 43
4319	19 8 23 42
4320	4 42 21 44
4321	47 45 33 49
4322	6 17 12 14
4323	12 36 6 14
4324	9 22 10 38
4325	40 30 29 15
4326	44 12 17 8
4327	15 12 30 19
4328	20 26 9 11
4329	14 21 20 22
4330	9 21 11 38
4331	33 48 15 27
4332	49 47 4 11
4333	37 9 17 30
4334	27 9 36 10
4335	47 39 14 41
4336	28 31 9 12
4337	9 16 18 21
4338	2 7 39 5
4339	7 50 45 47
4340	20 30 45 7
4341	8 20 45 50
4342	28 40 8 2
4343	28 22 5 46
4344	6 41 22 8
4345	27 48 37 11
4346	36 27 19 25
4347	22 39 35 13
4348	33 43 11 10
4349	28 42 45 41
4350	43 18 38 46
4351	29 7 12 9
4352	24 23 11 14
4353	15 21 34 39
4354	19 46 42 3
4355	4 1 20 27
4356	26 14 9 50
4357	32 16 19 24
4358	44 31 33 20
4359	35 38 29 8
4360	31 30 34 3
4361	47 20 1 8
4362	49 28 46 9
4363	7 4 39 23
4364	49 19 32 13
4365	42 14 11 32
4366	37 13 25 38
4367	39 26 7 33
4368	18 34 38 43
4369	15 35 9 8
4370	33 14 21 22
4371	44 2 17 1
4372	40 34 21 2
4373	2 39 22 44
4374	38 32 29 33
4375	41 11 48 22
4376	19 12 17 20
4377	23 46 10 34
4378	1 3 40 8
4379	42 37 39 20
4380	13 17 40 8
4381	18 5 7 10
4382	19 32 35 45
4383	7 46 10 41
4384	10 37 24 45
4385	31 45 20 34
4386	43 27 10 17
4387	49 45 40 43
4388	47 48 24 21
4389	9 23 30 5
4390	39 22 26 20
4391	16 39 22 12
4392	18 34 27 50
4393	38 41 49 44
4394	21 7 40 34
4395	49 2 43 10
4396	8 18 24 37
4397	10 29 8 18
4398	27 19 45 31
4399	27 14 8 26
4400	7 39 19 13
4401	12 6 48 34
4402	28 42 22 31
4403	32 10 42 19
4404	30 17 2 29
4405	34 11 37 42
4406	39 14 8 10
4407	25 17 27 10
4408	34 50 15 29
4409	2 12 42 25
4410	36 48 39 42
4411	38 41 2 30
4412	16 8 39 22
4413	42 45 4 29
4414	6 14 3 32
4415	18 30 36 21
4416	43 2 25 40
4417	14 17 23 18
4418	50 25 27 24
4419	17 4 41 42
4420	30 21 12 50
4421	21 49 15 16
4422	7 48 26 45
4423	10 35 39 23
4424	4 10 49 32
4425	29 27 15 25
4426	13 26 11 37
4427	9 41 19 2
4428	38 29 44 42
4429	48 6 2 29
4430	7 17 35 20
4431	12 23 34 45
4432	40 24 25 26
4433	11 9 47 21
4434	5 10 39 34
4435	47 24 27 37
4436	25 2 24 27
4437	49 15 38 21
4438	19 10 21 26
4439	40 17 6 45
4440	21 4 13 39
4441	29 15 7 3
4442	3 7 43 2
4443	3 23 21 43
4444	3 4 8 35
4445	25 39 37 33
4446	23 24 46 11
4447	10 30 18 28
4448	38 49 31 17
4449	25 2 11 18
4450	34 30 42 38
4451	27 17 29 10
4452	6 34 38 23
4453	48 39 27 32
4454	42 48 5 46
4455	33 7 9 28
4456	6 14 49 48
4457	44 1 45 40
4458	4 31 36 19
4459	3 44 29 26
4460	2 34 32 9
4461	6 22 23 35
4462	22 33 35 39
4463	8 11 42 46
4464	34 15 11 37
4465	39 16 43 42
4466	19 37 48 1
4467	34 24 13 30
4468	1 22 49 11
4469	41 46 32 49
4470	25 36 27 16
4471	4 41 10 7
4472	4 34 19 23
4473	27 45 42 21
4474	6 15 23 25
4475	31 5 43 11
4476	40 27 26 31
4477	22 4 25 41
4478	48 44 3 30
4479	35 3 32 4
4480	12 15 23 40
4481	19 13 2 25
4482	10 16 5 38
4483	3 27 11 23
4484	27 16 17 9
4485	7 47 16 28
4486	5 3 45 28
4487	34 21 5 2
4488	45 44 25 32
4489	46 32 49 23
4490	47 8 5 2
4491	45 10 47 8
4492	8 46 48 6
4493	10 45 41 38
4494	22 13 42 6
4495	1 45 24 6
4496	36 9 8 15
4497	11 20 50 33
4498	27 43 12 29
4499	24 11 9 44
4500	24 3 27 5
4501	22 38 36 5
4502	11 44 16 40
4503	50 39 45 15
4504	2 23 34 19
4505	37 28 21 49
4506	8 32 33 41
4507	37 40 15 29
4508	15 43 20 1
4509	38 4 17 48
4510	25 44 5 24
4511	37 30 48 32
4512	24 48 7 45
4513	12 21 29 15
4514	37 41 15 34
4515	45 9 27 14
4516	4 49 31 14
4517	12 13 49 50
4518	41 34 13 19
4519	23 7 2 11
4520	2 22 9 20
4521	9 41 13 29
4522	30 43 17 8
4523	32 43 22 2
4524	39 45 14 37
4525	41 7 43 46
4526	26 32 48 40
4527	34 48 43 30
4528	35 14 25 45
4529	15 36 26 44
4530	29 17 33 46
4531	17 22 33 1
4532	31 38 28 25
4533	24 43 37 8
4534	3 7 36 1
4535	15 28 37 34
4536	2 33 10 22
4537	32 23 30 47
4538	19 42 37 34
4539	24 45 18 19
4540	19 42 3 37
4541	43 12 48 50
4542	36 5 16 40
4543	22 32 34 3
4544	19 28 23 10
4545	2 46 32 49
4546	42 23 9 49
4547	33 17 46 10
4548	49 1 18 33
4549	6 28 38 20
4550	21 9 34 8
4551	9 26 15 37
4552	49 28 21 41
4553	49 3 42 18
4554	40 31 49 41
4555	45 27 1 47
4556	10 11 38 18
4557	19 41 23 39
4558	42 45 46 1
4559	37 28 17 15
4560	33 17 37 32
4561	29 21 9 36
4562	2 30 8 27
4563	13 8 43 5
4564	49 38 27 8
4565	7 49 15 19
4566	36 47 6 31
4567	37 13 39 33
4568	16 42 19 5
4569	41 9 36 11
4570	4 47 13 30
4571	39 25 45 27
4572	41 5 10 38
4573	1 33 21 38
4574	8 20 39 7
4575	46 2 39 44
4576	33 39 20 45
4577	10 48 13 16
4578	31 43 12 35
4579	6 1 5 33
4580	26 4 21 34
4581	14 25 48 13
4582	7 36 35 47
4583	34 42 8 17
4584	44 43 25 27
4585	38 3 1 33
4586	41 48 49 18
4587	38 27 19 4
4588	37 36 19 21
4589	34 38 26 17
4590	32 41 5 27
4591	48 6 50 40
4592	42 35 48 9
4593	30 3 45 49
4594	7 10 32 6
4595	24 19 36 13
4596	17 30 47 5
4597	43 33 4 30
4598	49 18 17 11
4599	1 40 27 2
4600	24 18 1 5
4601	30 31 12 7
4602	38 42 23 16
4603	37 23 4 19
4604	25 5 39 15
4605	19 40 3 31
4606	13 7 21 15
4607	34 29 43 37
4608	27 33 46 12
4609	40 22 9 39
4610	30 3 40 7
4611	3 44 45 18
4612	40 48 12 11
4613	28 43 38 32
4614	41 22 34 14
4615	49 34 46 45
4616	44 37 22 4
4617	7 6 20 34
4618	8 13 19 36
4619	6 7 5 36
4620	25 34 38 46
4621	46 43 11 38
4622	46 4 40 41
4623	4 13 33 36
4624	19 42 1 50
4625	27 39 25 15
4626	15 9 35 26
4627	39 11 16 33
4628	19 42 7 50
4629	30 45 44 27
4630	31 22 23 2
4631	46 13 12 35
4632	50 18 19 23
4633	2 33 47 35
4634	24 2 17 26
4635	26 13 5 3
4636	24 26 48 32
4637	44 4 50 29
4638	24 3 44 13
4639	30 41 9 39
4640	30 3 29 38
4641	23 21 12 2
4642	24 15 5 12
4643	21 16 11 34
4644	4 3 26 48
4645	36 5 27 32
4646	24 9 16 23
4647	41 50 34 25
4648	28 42 10 27
4649	4 9 3 43
4650	30 42 43 15
4651	21 3 6 12
4652	18 42 3 25
4653	19 4 14 28
4654	18 22 25 28
4655	48 46 24 35
4656	14 45 18 11
4657	35 1 20 42
4658	18 35 36 3
4659	22 33 26 35
4660	36 39 21 18
4661	44 47 25 16
4662	3 7 38 45
4663	25 44 6 16
4664	13 8 14 50
4665	31 35 43 28
4666	44 14 12 19
4667	50 39 29 19
4668	23 39 8 27
4669	12 8 45 3
4670	27 18 21 49
4671	29 2 4 23
4672	40 18 26 44
4673	49 27 41 22
4674	39 46 14 3
4675	50 13 21 47
4676	42 46 12 45
4677	12 10 33 4
4678	32 13 49 33
4679	10 14 27 41
4680	37 17 33 32
4681	25 28 26 45
4682	33 18 50 29
4683	13 29 45 34
4684	20 36 43 24
4685	44 35 12 17
4686	26 42 41 21
4687	31 48 43 39
4688	8 31 45 23
4689	3 26 50 30
4690	45 50 37 5
4691	26 41 6 2
4692	25 20 24 31
4693	23 5 14 45
4694	36 49 14 46
4695	28 48 8 3
4696	46 35 29 17
4697	50 12 34 1
4698	17 19 47 11
4699	15 2 39 25
4700	33 3 25 30
4701	49 4 6 18
4702	21 15 10 9
4703	9 36 2 22
4704	19 28 34 25
4705	38 32 24 5
4706	40 44 18 39
4707	13 46 4 37
4708	11 46 35 34
4709	22 3 31 45
4710	28 5 36 45
4711	50 17 46 38
4712	32 13 12 6
4713	12 33 2 40
4714	34 40 41 23
4715	38 46 21 15
4716	14 38 10 29
4717	3 23 46 21
4718	27 20 42 50
4719	16 48 47 43
4720	39 22 19 6
4721	16 23 44 3
4722	4 30 32 35
4723	4 44 43 18
4724	45 4 16 21
4725	48 44 23 36
4726	42 13 44 32
4727	34 6 33 2
4728	17 6 40 49
4729	47 22 6 7
4730	30 15 16 34
4731	32 13 48 10
4732	45 47 48 15
4733	6 16 23 26
4734	10 7 49 17
4735	25 14 47 31
4736	41 43 25 50
4737	25 47 6 15
4738	21 30 37 48
4739	43 31 34 6
4740	27 15 2 13
4741	19 50 27 42
4742	10 30 27 40
4743	14 44 36 26
4744	46 43 19 17
4745	49 50 40 31
4746	41 18 32 17
4747	14 38 42 24
4748	50 21 36 3
4749	50 27 1 48
4750	27 1 35 10
4751	17 21 18 9
4752	38 10 5 12
4753	37 9 8 33
4754	18 25 13 11
4755	43 3 17 37
4756	3 11 47 49
4757	41 8 32 17
4758	36 8 45 39
4759	39 46 15 31
4760	38 4 45 33
4761	50 44 25 3
4762	29 14 4 43
4763	13 41 4 24
4764	43 40 31 26
4765	26 50 23 18
4766	30 5 28 14
4767	37 34 21 28
4768	15 36 27 25
4769	49 21 25 46
4770	27 3 6 1
4771	10 41 14 8
4772	42 32 47 22
4773	33 25 22 45
4774	10 50 26 33
4775	42 3 25 38
4776	44 12 11 4
4777	11 21 35 48
4778	50 2 5 28
4779	12 2 10 40
4780	31 49 47 44
4781	27 48 14 50
4782	23 8 2 39
4783	50 35 15 19
4784	20 47 44 7
4785	43 26 45 12
4786	18 43 39 41
4787	12 40 18 8
4788	3 23 1 47
4789	9 42 47 20
4790	39 23 10 35
4791	31 8 3 26
4792	42 1 31 9
4793	7 21 18 20
4794	39 36 37 25
4795	23 2 6 12
4796	28 23 3 32
4797	22 4 23 37
4798	1 32 34 9
4799	38 42 43 27
4800	17 4 12 15
4801	37 20 36 24
4802	21 42 49 35
4803	32 12 43 40
4804	11 23 38 20
4805	37 31 36 49
4806	45 30 48 2
4807	41 8 25 18
4808	27 36 26 29
4809	17 26 5 21
4810	26 19 27 4
4811	41 7 8 17
4812	50 15 16 19
4813	30 6 20 28
4814	41 30 39 16
4815	7 32 16 44
4816	12 48 29 46
4817	33 16 7 6
4818	6 37 27 41
4819	8 1 6 33
4820	9 36 21 41
4821	17 4 26 33
4822	17 36 30 21
4823	8 3 13 17
4824	17 29 13 39
4825	7 4 5 12
4826	13 24 9 32
4827	1 38 17 11
4828	46 9 7 48
4829	1 25 33 41
4830	21 32 9 46
4831	25 29 47 16
4832	36 14 16 12
4833	50 40 18 43
4834	47 20 3 1
4835	32 2 43 16
4836	13 23 47 14
4837	38 16 12 27
4838	45 28 47 12
4839	25 17 18 40
4840	3 19 46 9
4841	19 34 8 14
4842	30 36 32 44
4843	34 38 15 22
4844	18 24 33 29
4845	6 21 32 8
4846	22 40 9 47
4847	41 3 47 12
4848	32 22 19 29
4849	12 21 27 22
4850	26 11 40 16
4851	19 32 5 29
4852	2 39 11 48
4853	25 5 35 20
4854	6 14 1 5
4855	40 19 48 13
4856	43 35 25 15
4857	14 11 1 49
4858	32 38 41 10
4859	23 13 34 33
4860	24 15 40 3
4861	42 15 24 13
4862	13 41 50 47
4863	21 16 12 48
4864	26 46 27 43
4865	16 24 43 30
4866	30 41 44 13
4867	16 31 20 27
4868	6 48 40 16
4869	36 3 48 39
4870	11 32 42 28
4871	15 3 12 27
4872	2 15 38 11
4873	39 32 20 37
4874	37 21 50 3
4875	27 29 36 41
4876	43 44 20 9
4877	35 50 32 28
4878	4 9 24 19
4879	15 46 25 41
4880	35 41 48 17
4881	3 36 23 32
4882	16 46 25 9
4883	30 24 16 31
4884	47 12 25 11
4885	47 5 12 14
4886	16 15 1 48
4887	45 9 12 25
4888	13 12 34 24
4889	29 39 6 42
4890	39 44 20 17
4891	7 34 16 38
4892	3 24 45 1
4893	31 24 21 49
4894	28 30 37 32
4895	29 50 5 12
4896	18 22 43 2
4897	31 14 7 6
4898	4 43 33 17
4899	18 24 22 32
4900	16 2 19 37
4901	49 36 47 18
4902	27 47 5 4
4903	10 36 41 12
4904	9 1 33 21
4905	37 47 10 24
4906	24 35 38 17
4907	3 28 13 34
4908	45 30 28 35
4909	32 27 42 14
4910	26 37 22 47
4911	1 9 17 14
4912	9 28 42 6
4913	15 20 50 13
4914	36 35 18 46
4915	4 45 36 32
4916	23 2 40 20
4917	1 33 35 23
4918	9 15 45 34
4919	4 8 36 27
4920	9 30 26 24
4921	14 2 33 28
4922	18 46 20 40
4923	8 34 6 49
4924	43 40 4 36
4925	34 30 4 39
4926	14 46 4 28
4927	42 11 17 6
4928	36 16 22 8
4929	46 44 8 21
4930	47 36 26 12
4931	12 32 18 36
4932	16 4 5 2
4933	32 25 5 19
4934	17 41 13 16
4935	31 4 35 21
4936	34 31 29 28
4937	46 5 2 39
4938	2 38 48 45
4939	20 29 30 38
4940	3 11 6 39
4941	17 19 13 20
4942	17 18 2 13
4943	28 33 11 23
4944	6 42 25 11
4945	46 3 38 44
4946	24 23 25 18
4947	40 36 30 6
4948	48 33 45 40
4949	7 48 9 30
4950	15 24 28 35
4951	48 25 28 16
4952	35 8 24 42
4953	30 10 44 47
4954	50 46 45 4
4955	9 15 2 11
4956	9 2 37 31
4957	33 45 46 41
4958	32 4 34 19
4959	25 40 37 31
4960	22 49 32 3
4961	6 19 15 38
4962	34 40 15 18
4963	36 43 3 42
4964	47 1 41 31
4965	32 9 25 37
4966	22 40 9 45
4967	6 21 44 2
4968	34 40 27 41
4969	12 18 29 16
4970	26 28 30 49
4971	32 38 8 13
4972	6 25 32 21
4973	25 29 47 27
4974	21 19 17 40
4975	45 23 12 20
4976	49 5 23 16
4977	5 36 33 15
4978	8 36 49 39
4979	41 27 50 12
4980	2 43 50 4
4981	5 8 25 42
4982	38 16 45 19
4983	24 27 8 9
4984	42 8 23 28
4985	42 37 5 28
4986	40 20 18 36
4987	8 36 14 31
4988	46 40 49 20
4989	43 29 17 1
4990	15 21 2 23
4991	8 17 19 46
4992	7 16 41 25
4993	16 8 5 43
4994	46 37 39 1
4995	9 42 31 43
4996	33 42 32 43
4997	43 38 19 33
4998	21 34 24 17
4999	33 8 20 43
5000	17 2 31 11
5001	5 31 15 27
5002	5 2 15 20
5003	22 46 9 37
5004	19 41 14 38
5005	44 37 43 31
5006	10 35 1 15
5007	16 36 22 19
5008	47 9 29 24
5009	11 4 2 17
5010	36 49 38 41
5011	36 12 35 20
5012	15 18 9 21
5013	38 45 9 11
5014	31 3 38 23
5015	46 14 41 47
5016	12 29 31 26
5017	36 15 33 47
5018	45 16 11 50
5019	9 17 45 43
5020	34 32 22 8
5021	28 12 43 31
5022	22 16 48 19
5023	1 31 19 22
5024	18 16 50 40
5025	15 7 46 28
5026	33 37 24 48
5027	43 39 33 7
5028	50 1 14 6
5029	23 44 34 15
5030	41 45 1 44
5031	47 35 39 34
5032	37 16 35 14
5033	3 20 44 9
5034	16 31 37 40
5035	13 38 2 39
5036	44 16 6 41
5037	33 39 11 4
5038	17 16 29 49
5039	44 50 1 30
5040	37 27 33 2
5041	6 24 31 45
5042	1 42 34 17
5043	4 6 1 15
5044	32 47 35 41
5045	24 25 44 36
5046	45 26 6 17
5047	27 30 10 1
5048	45 30 1 23
5049	9 21 40 27
5050	7 10 6 40
5051	48 25 4 30
5052	29 32 22 13
5053	9 37 44 20
5054	27 19 34 44
5055	9 32 44 4
5056	36 29 9 30
5057	22 30 10 45
5058	48 17 26 43
5059	11 39 31 50
5060	13 19 22 41
5061	45 18 32 14
5062	49 42 14 19
5063	20 38 48 1
5064	31 5 46 3
5065	2 24 22 5
5066	35 15 5 46
5067	40 1 49 35
5068	33 41 50 15
5069	10 20 49 23
5070	42 21 11 17
5071	37 4 21 44
5072	15 4 17 35
5073	39 19 34 49
5074	29 4 43 11
5075	12 29 5 4
5076	36 9 49 34
5077	29 10 3 38
5078	46 4 34 42
5079	47 15 2 42
5080	15 24 11 9
5081	22 26 49 38
5082	47 23 11 6
5083	39 28 22 1
5084	1 24 34 2
5085	5 39 28 19
5086	6 36 9 5
5087	10 7 22 4
5088	42 28 41 40
5089	14 40 43 42
5090	49 13 48 33
5091	5 18 6 37
5092	43 21 29 7
5093	12 9 44 49
5094	20 33 46 27
5095	46 18 19 20
5096	1 40 26 12
5097	18 47 15 45
5098	36 25 24 46
5099	1 12 28 37
5100	13 15 35 45
5101	22 32 48 15
5102	22 17 36 29
5103	20 50 21 30
5104	3 45 33 24
5105	21 27 39 24
5106	46 32 31 37
5107	4 44 24 50
5108	6 19 41 7
5109	34 37 35 22
5110	2 6 25 27
5111	46 39 19 18
5112	20 11 50 18
5113	16 21 45 36
5114	27 26 31 43
5115	5 35 20 43
5116	26 31 30 2
5117	23 45 15 14
5118	38 26 19 40
5119	24 4 38 43
5120	35 24 32 6
5121	35 7 14 13
5122	3 30 18 50
5123	3 23 49 15
5124	9 38 11 32
5125	26 34 2 38
5126	45 42 14 23
5127	42 24 8 5
5128	4 14 26 8
5129	39 22 32 1
5130	37 26 46 42
5131	29 40 33 49
5132	14 15 16 4
5133	36 42 19 37
5134	40 20 14 3
5135	38 47 36 11
5136	43 35 48 49
5137	7 47 8 12
5138	38 15 12 33
5139	47 42 24 1
5140	18 29 38 15
5141	41 36 32 20
5142	50 37 16 48
5143	31 47 37 28
5144	33 49 19 12
5145	24 11 36 1
5146	34 39 8 31
5147	45 5 4 8
5148	18 7 16 50
5149	29 4 41 31
5150	46 45 42 22
5151	5 50 17 30
5152	30 9 29 4
5153	27 41 22 24
5154	11 48 8 9
5155	21 44 2 16
5156	27 26 4 29
5157	15 29 24 33
5158	9 33 5 41
5159	24 9 49 27
5160	33 50 37 43
5161	32 43 22 7
5162	9 32 11 20
5163	35 8 25 29
5164	14 31 30 16
5165	50 33 41 29
5166	7 47 15 16
5167	6 48 10 25
5168	30 28 26 11
5169	41 31 12 20
5170	22 34 50 2
5171	39 47 48 20
5172	1 10 15 27
5173	15 50 48 39
5174	44 20 2 28
5175	1 18 36 47
5176	8 43 46 34
5177	26 15 32 42
5178	43 2 23 6
5179	47 49 31 10
5180	7 38 9 50
5181	11 40 15 46
5182	33 27 21 17
5183	34 32 14 20
5184	17 30 34 44
5185	8 46 36 10
5186	46 25 19 44
5187	45 1 3 20
5188	3 27 8 41
5189	10 28 19 15
5190	27 6 28 30
5191	47 48 13 6
5192	29 9 23 33
5193	9 38 5 43
5194	7 35 43 23
5195	6 7 1 27
5196	19 20 36 28
5197	41 40 1 7
5198	9 7 24 5
5199	11 10 25 3
5200	47 18 41 29
5201	12 16 27 2
5202	48 20 15 46
5203	18 44 43 21
5204	31 14 23 43
5205	17 28 10 18
5206	35 15 39 23
5207	25 19 24 30
5208	6 29 24 2
5209	41 6 34 16
5210	3 48 38 39
5211	10 18 49 4
5212	38 2 19 45
5213	9 22 3 40
5214	28 35 40 1
5215	6 40 34 48
5216	22 6 11 31
5217	46 45 18 40
5218	50 36 26 37
5219	47 49 13 12
5220	48 29 24 28
5221	31 44 35 37
5222	4 26 35 33
5223	31 30 7 43
5224	20 5 45 35
5225	23 47 33 24
5226	27 48 24 7
5227	33 25 28 11
5228	7 27 4 8
5229	37 48 43 29
5230	6 40 1 15
5231	16 42 41 21
5232	43 27 6 21
5233	2 49 27 12
5234	23 31 5 25
5235	11 6 10 45
5236	27 28 36 25
5237	11 19 37 46
5238	37 44 8 30
5239	2 16 36 46
5240	44 15 9 41
5241	4 34 23 48
5242	41 29 50 11
5243	44 23 17 34
5244	18 30 39 11
5245	5 8 21 9
5246	15 6 23 32
5247	24 35 26 3
5248	1 34 44 11
5249	4 34 43 9
5250	2 38 28 25
5251	47 9 17 20
5252	10 24 38 41
5253	10 4 6 22
5254	45 29 14 40
5255	8 38 7 9
5256	50 32 26 13
5257	43 2 19 47
5258	17 29 35 20
5259	39 31 15 38
5260	40 46 9 22
5261	50 43 12 10
5262	31 49 7 47
5263	22 15 26 8
5264	34 32 42 40
5265	9 20 5 39
5266	29 22 21 43
5267	1 43 47 6
5268	50 33 45 30
5269	23 26 18 11
5270	27 17 38 24
5271	19 5 34 24
5272	35 30 3 31
5273	1 20 22 34
5274	13 41 36 50
5275	25 30 33 8
5276	6 43 18 10
5277	41 47 37 27
5278	14 29 22 24
5279	33 49 34 24
5280	12 17 44 16
5281	5 20 31 4
5282	45 15 4 9
5283	43 26 2 29
5284	3 16 5 39
5285	1 5 31 40
5286	45 1 40 33
5287	24 36 5 11
5288	48 47 46 12
5289	12 40 35 3
5290	33 50 8 21
5291	5 32 49 21
5292	16 9 34 35
5293	30 50 13 19
5294	22 19 42 49
5295	13 30 1 38
5296	50 4 32 41
5297	17 23 38 7
5298	3 6 28 22
5299	7 37 13 8
5300	42 33 5 27
5301	42 15 28 5
5302	10 35 27 24
5303	21 46 34 48
5304	40 5 33 24
5305	29 7 19 43
5306	35 26 8 30
5307	45 5 25 8
5308	25 12 33 1
5309	10 27 6 25
5310	31 16 2 6
5311	20 40 13 28
5312	47 3 41 16
5313	28 43 1 39
5314	2 47 15 22
5315	41 3 12 33
5316	31 21 17 36
5317	42 48 27 28
5318	10 13 46 6
5319	41 44 16 50
5320	17 11 49 25
5321	19 47 24 39
5322	11 47 49 45
5323	36 44 4 35
5324	8 9 24 17
5325	46 48 40 42
5326	13 8 14 5
5327	23 28 18 11
5328	28 13 9 30
5329	18 48 23 9
5330	18 46 4 28
5331	10 20 6 32
5332	32 49 10 43
5333	31 15 2 45
5334	17 25 23 16
5335	20 41 42 35
5336	4 35 21 6
5337	23 36 24 29
5338	37 39 14 5
5339	6 20 27 16
5340	44 17 43 9
5341	8 34 15 10
5342	8 46 41 11
5343	33 10 1 42
5344	7 12 1 39
5345	21 47 12 39
5346	31 9 39 5
5347	48 13 32 18
5348	18 10 30 21
5349	26 13 40 45
5350	2 21 13 35
5351	25 11 47 16
5352	2 42 16 41
5353	27 35 24 15
5354	18 17 3 29
5355	23 11 13 5
5356	35 28 42 20
5357	45 11 6 30
5358	35 18 6 28
5359	40 27 19 3
5360	19 34 13 24
5361	18 38 3 27
5362	7 17 25 44
5363	6 34 11 48
5364	23 24 34 6
5365	9 13 48 1
5366	46 21 39 9
5367	11 32 10 15
5368	32 28 2 41
5369	12 16 14 50
5370	41 4 5 27
5371	4 28 13 6
5372	46 27 17 42
5373	41 25 45 27
5374	36 44 6 9
5375	31 47 19 26
5376	14 6 15 28
5377	46 4 28 12
5378	29 16 40 15
5379	30 39 9 20
5380	33 3 37 22
5381	34 1 31 42
5382	12 44 9 36
5383	44 12 24 33
5384	5 20 34 46
5385	20 5 37 8
5386	28 43 21 15
5387	20 19 26 16
5388	9 36 5 30
5389	7 31 49 39
5390	25 42 20 48
5391	31 50 43 4
5392	13 28 40 2
5393	38 25 2 18
5394	27 8 24 28
5395	21 42 22 49
5396	8 43 37 41
5397	4 43 20 37
5398	22 20 35 27
5399	40 36 31 6
5400	22 14 43 8
5401	18 24 30 12
5402	35 3 11 23
5403	14 10 3 30
5404	18 47 11 13
5405	44 34 19 15
5406	47 25 5 23
5407	26 38 23 25
5408	32 43 23 9
5409	23 40 1 32
5410	41 22 48 20
5411	2 40 41 23
5412	4 21 14 32
5413	3 24 7 28
5414	19 2 16 34
5415	15 49 36 23
5416	33 6 34 26
5417	21 40 46 10
5418	31 22 11 40
5419	13 33 35 46
5420	49 10 15 45
5421	9 25 35 24
5422	40 24 39 47
5423	32 43 37 20
5424	12 23 6 10
5425	16 37 50 9
5426	23 5 48 47
5427	12 11 8 27
5428	6 40 18 36
5429	42 4 1 41
5430	22 27 18 33
5431	5 29 6 32
5432	29 32 49 3
5433	36 7 20 25
5434	26 24 25 1
5435	21 23 14 15
5436	37 4 45 15
5437	22 16 35 41
5438	15 25 30 26
5439	4 46 25 17
5440	38 43 46 3
5441	10 17 46 26
5442	15 30 18 36
5443	35 33 17 4
5444	37 47 19 6
5445	8 4 41 40
5446	16 49 17 15
5447	30 11 50 18
5448	34 8 43 41
5449	25 12 3 4
5450	14 10 47 50
5451	26 32 11 9
5452	40 9 33 48
5453	4 11 38 24
5454	16 32 7 20
5455	33 7 26 21
5456	41 10 43 17
5457	9 42 30 18
5458	49 19 38 42
5459	7 31 49 48
5460	27 13 15 2
5461	1 31 4 41
5462	20 5 48 23
5463	29 15 46 35
5464	36 18 13 45
5465	18 35 44 14
5466	48 3 8 18
5467	20 15 31 10
5468	33 41 10 18
5469	32 2 39 37
5470	16 38 2 7
5471	6 1 37 39
5472	37 44 49 13
5473	7 47 31 23
5474	47 39 7 16
5475	41 4 39 19
5476	13 3 16 21
5477	4 46 9 43
5478	48 49 16 31
5479	8 35 44 47
5480	7 9 5 35
5481	26 36 37 14
5482	49 15 18 31
5483	2 6 18 31
5484	39 12 21 35
5485	50 10 23 31
5486	27 13 32 39
5487	40 36 14 30
5488	13 24 17 35
5489	50 24 22 7
5490	1 49 17 40
5491	46 5 42 25
5492	37 45 7 19
5493	27 2 35 49
5494	46 48 6 34
5495	31 11 32 13
5496	4 9 10 38
5497	27 23 16 7
5498	4 1 9 14
5499	19 32 34 23
5500	4 23 40 28
5501	12 34 18 50
5502	37 27 26 47
5503	35 48 2 20
5504	22 34 39 20
5505	50 45 41 22
5506	13 43 15 11
5507	1 22 12 10
5508	29 34 32 47
5509	4 28 5 44
5510	4 37 2 21
5511	34 20 1 3
5512	42 11 24 3
5513	16 24 9 2
5514	29 10 32 6
5515	44 37 20 15
5516	40 36 43 37
5517	2 25 16 38
5518	30 7 18 24
5519	32 23 29 26
5520	6 3 45 18
5521	35 34 45 16
5522	24 41 27 33
5523	7 40 8 3
5524	22 33 44 29
5525	24 11 12 35
5526	10 39 11 30
5527	39 31 27 21
5528	45 28 12 16
5529	42 31 8 22
5530	13 43 8 36
5531	3 50 43 33
5532	42 30 10 13
5533	5 24 18 3
5534	49 13 15 19
5535	39 43 15 47
5536	42 31 28 10
5537	11 49 15 21
5538	10 21 41 32
5539	34 5 36 18
5540	32 21 25 3
5541	18 26 40 5
5542	19 23 49 27
5543	5 25 32 7
5544	9 47 31 38
5545	36 20 30 9
5546	26 15 28 46
5547	49 14 36 6
5548	22 25 37 14
5549	22 44 49 3
5550	11 16 35 20
5551	36 41 6 28
5552	31 3 7 18
5553	16 39 31 25
5554	25 22 48 4
5555	24 28 27 4
5556	42 45 29 43
5557	42 27 36 3
5558	16 30 19 44
5559	33 12 27 15
5560	14 44 7 32
5561	20 50 41 24
5562	49 5 11 17
5563	44 19 21 5
5564	23 18 34 44
5565	49 28 12 15
5566	34 50 16 45
5567	17 38 8 30
5568	20 11 49 2
5569	24 6 16 9
5570	6 38 48 7
5571	19 15 7 25
5572	48 43 19 41
5573	26 48 29 14
5574	21 28 46 27
5575	34 41 33 2
5576	15 1 13 3
5577	26 22 38 2
5578	36 31 14 22
5579	31 50 23 4
5580	12 25 33 36
5581	20 5 26 15
5582	1 9 42 26
5583	27 42 29 2
5584	37 46 35 17
5585	23 7 43 42
5586	48 47 3 36
5587	21 37 18 10
5588	50 5 14 39
5589	22 34 29 49
5590	39 1 21 18
5591	24 25 29 3
5592	14 27 2 38
5593	43 35 14 34
5594	18 12 6 19
5595	37 49 43 31
5596	21 23 20 50
5597	20 32 43 10
5598	2 32 19 8
5599	47 30 32 25
5600	3 12 11 25
5601	17 42 25 1
5602	38 37 2 7
5603	37 17 42 41
5604	16 4 21 37
5605	18 27 31 19
5606	42 24 17 3
5607	27 21 36 47
5608	49 44 9 50
5609	6 22 12 31
5610	14 28 48 5
5611	12 39 25 26
5612	34 9 49 14
5613	11 12 13 18
5614	47 28 15 2
5615	5 8 19 15
5616	2 25 19 28
5617	6 37 10 42
5618	29 35 40 30
5619	38 20 48 40
5620	25 48 38 21
5621	28 41 25 50
5622	9 38 44 40
5623	5 34 43 3
5624	22 11 33 8
5625	29 15 3 20
5626	36 41 43 5
5627	49 5 10 15
5628	42 41 34 1
5629	38 5 36 31
5630	31 21 8 2
5631	19 26 6 25
5632	3 28 43 33
5633	23 15 21 29
5634	16 33 13 2
5635	10 23 21 32
5636	30 3 19 15
5637	25 1 20 49
5638	8 32 9 2
5639	30 20 22 25
5640	41 49 10 13
5641	49 10 32 7
5642	3 19 22 28
5643	15 12 34 50
5644	48 18 30 40
5645	24 18 2 3
5646	3 13 4 14
5647	28 41 48 49
5648	20 22 32 37
5649	39 21 36 32
5650	35 32 4 18
5651	1 47 49 33
5652	30 38 4 36
5653	39 34 31 42
5654	48 29 42 20
5655	27 15 2 39
5656	49 30 32 14
5657	36 41 25 14
5658	50 33 48 26
5659	18 8 3 16
5660	7 12 16 45
5661	48 10 6 35
5662	7 3 34 22
5663	28 5 21 18
5664	20 22 1 13
5665	19 21 24 38
5666	14 22 7 17
5667	9 14 25 19
5668	29 5 17 6
5669	13 12 37 21
5670	40 8 48 43
5671	23 41 19 39
5672	39 31 50 48
5673	7 40 27 35
5674	19 25 4 37
5675	48 5 2 32
5676	7 40 31 47
5677	22 33 36 24
5678	49 12 17 43
5679	35 29 49 48
5680	24 43 16 8
5681	8 45 32 30
5682	31 42 24 7
5683	50 34 5 12
5684	32 34 42 21
5685	36 4 5 19
5686	42 41 37 45
5687	19 38 23 2
5688	33 6 5 30
5689	40 4 22 15
5690	26 31 11 19
5691	49 4 21 18
5692	17 19 15 42
5693	2 7 11 37
5694	27 42 15 16
5695	36 4 12 23
5696	4 14 40 12
5697	50 17 38 28
5698	42 48 1 5
5699	24 11 22 46
5700	3 11 21 16
5701	34 33 29 1
5702	29 4 50 20
5703	46 11 25 4
5704	4 33 7 13
5705	5 34 9 10
5706	13 26 33 46
5707	1 24 8 5
5708	32 36 4 45
5709	3 6 40 4
5710	24 37 50 4
5711	43 18 14 11
5712	40 16 8 41
5713	42 29 48 34
5714	16 24 37 44
5715	47 21 9 20
5716	46 47 36 40
5717	24 46 30 22
5718	15 44 26 32
5719	15 1 4 10
5720	43 9 34 32
5721	46 40 1 9
5722	30 27 47 19
5723	3 20 35 48
5724	8 23 14 38
5725	40 35 25 31
5726	16 39 8 47
5727	39 47 42 16
5728	39 18 42 7
5729	41 36 35 17
5730	35 5 23 30
5731	15 13 22 2
5732	20 14 31 22
5733	21 39 29 18
5734	21 39 44 6
5735	50 33 35 25
5736	25 18 7 34
5737	16 34 21 19
5738	1 22 14 21
5739	5 22 28 49
5740	30 27 6 25
5741	34 30 8 38
5742	24 37 33 7
5743	19 1 34 6
5744	13 29 2 8
5745	12 46 49 19
5746	9 10 31 26
5747	4 50 26 49
5748	21 39 24 41
5749	27 40 44 12
5750	45 43 31 9
5751	11 50 22 13
5752	47 31 17 40
5753	16 34 43 23
5754	25 12 5 34
5755	16 47 9 25
5756	47 16 39 40
5757	19 37 25 35
5758	36 47 21 35
5759	21 10 14 40
5760	24 37 35 15
5761	39 33 34 44
5762	45 41 16 9
5763	18 16 23 36
5764	24 4 1 42
5765	23 31 45 30
5766	36 39 15 16
5767	22 27 38 37
5768	43 23 30 1
5769	1 30 46 3
5770	1 30 40 7
5771	16 23 24 47
5772	43 17 50 38
5773	24 29 47 26
5774	48 20 3 44
5775	4 13 47 17
5776	29 42 49 34
5777	12 7 24 15
5778	20 47 13 28
5779	32 7 4 27
5780	4 41 29 3
5781	44 19 3 23
5782	13 50 4 11
5783	33 48 4 2
5784	48 30 24 7
5785	45 48 13 38
5786	32 12 33 41
5787	22 10 47 20
5788	30 34 36 45
5789	27 44 7 16
5790	7 48 10 29
5791	34 26 3 18
5792	35 5 31 7
5793	6 10 22 46
5794	30 35 2 16
5795	43 23 13 46
5796	2 19 9 42
5797	30 10 18 28
5798	50 33 7 31
5799	47 13 20 10
5800	34 14 4 21
5801	25 38 2 11
5802	21 13 47 6
5803	29 33 30 27
5804	7 10 31 50
5805	18 13 15 4
5806	19 49 27 35
5807	29 32 11 37
5808	32 14 8 4
5809	10 35 20 3
5810	40 43 6 10
5811	28 17 6 48
5812	38 32 49 35
5813	32 48 24 39
5814	29 2 34 18
5815	24 33 45 11
5816	41 30 39 17
5817	45 40 1 38
5818	6 47 25 50
5819	8 9 19 38
5820	46 21 2 47
5821	7 34 41 27
5822	6 21 8 40
5823	28 34 25 15
5824	48 30 44 39
5825	50 22 18 24
5826	6 14 16 43
5827	50 30 42 9
5828	8 27 3 32
5829	14 44 43 15
5830	7 22 19 38
5831	17 7 43 33
5832	22 16 12 1
5833	45 2 22 41
5834	14 8 33 20
5835	40 47 17 8
5836	44 6 47 32
5837	14 34 12 45
5838	5 45 27 36
5839	39 28 49 43
5840	43 30 24 31
5841	17 47 31 36
5842	32 21 46 25
5843	44 41 47 15
5844	20 12 21 32
5845	26 21 2 12
5846	26 48 46 21
5847	41 32 39 9
5848	13 21 49 20
5849	41 8 49 7
5850	14 8 3 20
5851	5 11 45 44
5852	18 15 16 30
5853	25 31 19 35
5854	4 35 32 22
5855	41 24 32 2
5856	48 18 40 8
5857	26 13 50 49
5858	19 20 17 26
5859	48 20 3 34
5860	34 29 31 18
5861	22 40 44 15
5862	16 47 38 7
5863	8 14 12 7
5864	43 22 46 38
5865	16 6 21 29
5866	46 40 37 3
5867	2 16 3 9
5868	30 47 10 17
5869	19 23 22 27
5870	40 47 34 19
5871	12 22 10 14
5872	16 49 25 30
5873	6 2 46 31
5874	48 12 15 14
5875	49 6 44 43
5876	38 10 31 49
5877	12 14 2 50
5878	40 18 17 44
5879	28 14 23 7
5880	45 46 5 20
5881	30 32 10 11
5882	41 27 48 12
5883	37 13 5 22
5884	27 5 2 7
5885	37 42 14 19
5886	3 10 46 32
5887	10 49 35 22
5888	39 22 20 14
5889	19 44 2 41
5890	13 1 2 16
5891	25 19 40 11
5892	40 35 45 50
5893	40 35 9 45
5894	19 24 25 11
5895	2 43 32 4
5896	41 13 2 50
5897	24 50 7 14
5898	1 32 50 11
5899	37 22 30 45
5900	6 3 29 33
5901	46 45 41 37
5902	27 39 31 11
5903	21 45 19 44
5904	2 28 18 15
5905	9 38 12 22
5906	43 24 39 37
5907	49 4 23 22
5908	40 6 10 33
5909	6 18 30 32
5910	12 44 6 19
5911	19 25 50 37
5912	43 37 16 14
5913	2 33 23 12
5914	15 34 26 48
5915	27 34 33 2
5916	14 38 17 33
5917	18 40 45 42
5918	42 4 9 39
5919	1 28 43 20
5920	38 34 48 31
5921	9 48 41 29
5922	44 24 1 10
5923	31 46 33 26
5924	9 47 33 36
5925	37 24 14 27
5926	40 17 31 45
5927	2 43 26 6
5928	3 16 6 23
5929	41 9 36 3
5930	13 6 43 16
5931	29 27 17 31
5932	31 20 18 6
5933	24 20 18 3
5934	36 29 43 20
5935	31 22 48 14
5936	16 30 43 2
5937	10 9 48 16
5938	42 39 46 38
5939	37 21 34 48
5940	47 26 36 7
5941	49 6 3 47
5942	31 15 28 2
5943	10 38 32 7
5944	8 47 40 11
5945	24 48 22 34
5946	30 26 49 36
5947	21 25 44 12
5948	42 21 45 16
5949	9 14 36 12
5950	37 29 26 34
5951	30 10 25 23
5952	29 27 34 48
5953	26 20 41 47
5954	31 22 1 30
5955	30 22 37 3
5956	14 20 11 36
5957	38 12 23 10
5958	47 22 20 2
5959	7 23 32 2
5960	5 50 15 1
5961	44 22 47 42
5962	19 42 27 36
5963	22 7 11 47
5964	2 23 21 18
5965	32 11 21 29
5966	9 24 34 45
5967	12 46 5 13
5968	24 27 44 35
5969	34 22 3 41
5970	12 11 21 1
5971	11 33 19 13
5972	50 2 26 10
5973	11 45 17 7
5974	26 31 14 18
5975	31 9 42 4
5976	18 47 9 22
5977	30 36 32 13
5978	50 6 43 37
5979	17 49 50 40
5980	44 13 39 6
5981	5 37 30 24
5982	25 34 40 33
5983	46 22 29 35
5984	42 10 15 29
5985	17 46 9 22
5986	9 21 28 46
5987	19 32 12 24
5988	27 31 35 49
5989	26 12 3 47
5990	21 50 41 4
5991	20 15 36 45
5992	13 30 4 32
5993	9 38 6 26
5994	21 31 19 7
5995	30 26 38 31
5996	13 3 28 46
5997	10 32 2 21
5998	48 3 6 13
5999	50 39 24 5
6000	19 38 9 50
6001	13 19 7 16
6002	29 38 9 17
6003	35 5 21 1
6004	24 18 46 1
6005	30 8 16 42
6006	10 2 45 20
6007	47 39 29 33
6008	8 34 1 25
6009	36 43 12 1
6010	34 12 16 21
6011	9 37 15 22
6012	40 26 12 25
6013	30 22 38 33
6014	23 31 17 47
6015	32 26 28 17
6016	16 23 39 45
6017	27 21 23 16
6018	46 31 23 30
6019	49 18 21 12
6020	32 3 7 25
6021	8 39 26 33
6022	34 16 41 20
6023	33 40 27 35
6024	27 33 22 4
6025	2 17 13 40
6026	18 35 50 19
6027	23 33 21 45
6028	38 11 39 35
6029	4 15 20 47
6030	30 25 31 1
6031	6 46 8 22
6032	33 4 50 24
6033	18 46 45 50
6034	19 36 42 30
6035	36 45 46 3
6036	45 42 13 10
6037	5 34 8 26
6038	19 42 26 10
6039	13 21 48 32
6040	12 26 49 6
6041	13 50 41 30
6042	40 38 49 17
6043	23 43 50 26
6044	19 38 23 14
6045	44 43 7 21
6046	36 44 10 39
6047	27 2 10 30
6048	36 49 43 24
6049	8 23 16 27
6050	11 32 44 37
6051	25 50 29 15
6052	36 28 44 8
6053	22 8 20 2
6054	32 5 11 9
6055	14 4 23 38
6056	37 5 17 19
6057	12 46 8 33
6058	22 28 6 10
6059	32 11 39 2
6060	48 20 32 14
6061	41 8 16 6
6062	9 40 33 31
6063	13 18 23 36
6064	8 35 23 6
6065	43 18 16 13
6066	50 49 41 1
6067	20 18 1 5
6068	33 44 19 6
6069	45 34 2 33
6070	21 39 11 32
6071	38 36 47 18
6072	18 17 29 19
6073	50 23 18 34
6074	24 43 9 1
6075	28 24 14 1
6076	44 15 3 5
6077	6 37 38 21
6078	48 34 30 16
6079	39 11 38 27
6080	11 33 44 40
6081	49 47 31 36
6082	30 15 19 50
6083	27 41 29 28
6084	14 40 19 31
6085	27 7 23 50
6086	7 44 42 1
6087	25 26 39 33
6088	37 8 34 29
6089	20 16 50 4
6090	30 6 40 42
6091	31 14 48 19
6092	16 28 46 49
6093	18 3 25 6
6094	41 22 46 49
6095	8 50 29 39
6096	33 15 31 11
6097	5 33 6 39
6098	28 41 13 43
6099	41 24 42 19
6100	44 29 30 28
6101	17 19 11 12
6102	23 19 32 17
6103	16 24 33 47
6104	10 23 4 25
6105	22 40 49 4
6106	44 15 31 29
6107	34 3 31 11
6108	37 27 1 41
6109	29 46 38 37
6110	50 26 13 22
6111	50 34 46 38
6112	50 46 36 29
6113	8 50 2 1
6114	47 11 48 40
6115	47 9 48 46
6116	17 26 8 45
6117	44 35 39 12
6118	33 10 16 28
6119	32 5 18 48
6120	39 22 20 37
6121	47 30 3 50
6122	21 11 9 49
6123	37 8 42 4
6124	26 21 39 42
6125	46 7 3 37
6126	47 12 42 35
6127	32 26 12 48
6128	2 31 24 32
6129	42 45 44 13
6130	4 33 13 41
6131	26 1 47 40
6132	25 48 40 20
6133	10 25 30 16
6134	46 41 43 28
6135	21 24 28 10
6136	42 40 49 10
6137	14 30 29 27
6138	13 23 19 25
6139	26 36 31 13
6140	29 31 15 37
6141	13 7 23 28
6142	39 44 23 46
6143	42 10 29 23
6144	16 15 31 37
6145	2 15 27 24
6146	40 36 1 20
6147	10 44 3 21
6148	27 35 7 30
6149	18 15 48 29
6150	18 22 50 20
6151	30 9 43 46
6152	27 23 2 5
6153	22 2 37 44
6154	42 29 27 17
6155	49 39 16 45
6156	40 29 7 11
6157	3 42 20 39
6158	38 26 10 47
6159	50 38 22 26
6160	32 6 1 20
6161	45 3 20 11
6162	43 32 31 27
6163	17 13 39 27
6164	39 40 6 24
6165	19 41 21 8
6166	24 4 18 16
6167	49 48 30 25
6168	45 24 11 46
6169	8 47 15 6
6170	38 47 27 29
6171	1 40 41 37
6172	12 28 46 1
6173	21 6 28 2
6174	44 35 36 30
6175	14 29 44 13
6176	18 34 29 17
6177	18 23 48 43
6178	2 32 31 40
6179	37 7 1 9
6180	45 13 21 46
6181	42 18 25 24
6182	38 36 39 23
6183	39 19 33 14
6184	17 21 43 10
6185	42 7 15 31
6186	30 39 46 9
6187	14 10 28 8
6188	39 3 24 12
6189	10 44 29 39
6190	22 27 32 39
6191	1 45 15 41
6192	37 18 32 45
6193	8 13 6 32
6194	47 27 45 15
6195	24 2 39 47
6196	31 48 21 45
6197	1 32 9 20
6198	9 21 15 36
6199	28 34 21 48
6200	11 46 29 7
6201	44 23 20 26
6202	28 29 17 2
6203	15 5 32 28
6204	30 7 38 5
6205	6 4 13 12
6206	49 4 32 34
6207	11 26 9 21
6208	49 47 17 38
6209	37 31 45 48
6210	15 23 43 21
6211	38 4 18 48
6212	42 10 17 12
6213	29 38 16 33
6214	38 27 50 9
6215	32 47 3 39
6216	45 48 38 9
6217	10 14 9 47
6218	33 11 45 7
6219	19 2 10 48
6220	3 49 28 12
6221	7 24 28 39
6222	6 4 30 20
6223	13 35 1 47
6224	1 4 8 34
6225	48 3 24 31
6226	2 35 49 1
6227	33 50 43 7
6228	2 21 27 19
6229	12 9 35 7
6230	22 34 27 12
6231	29 41 26 12
6232	17 30 23 10
6233	47 9 40 20
6234	40 21 2 50
6235	27 46 40 50
6236	28 21 41 48
6237	11 5 43 48
6238	46 15 48 1
6239	1 38 19 25
6240	23 7 22 2
6241	26 34 30 25
6242	2 31 39 25
6243	13 46 20 7
6244	39 42 8 18
6245	24 23 30 40
6246	42 5 44 13
6247	32 28 17 27
6248	42 24 46 21
6249	2 24 38 7
6250	17 36 40 12
6251	20 28 39 38
6252	19 47 43 49
6253	46 48 11 25
6254	37 10 48 47
6255	41 20 31 24
6256	34 8 47 24
6257	44 14 50 3
6258	31 40 32 25
6259	7 32 22 29
6260	32 12 44 21
6261	35 48 36 29
6262	3 43 49 1
6263	19 3 40 16
6264	38 50 29 44
6265	34 9 28 3
6266	12 24 43 36
6267	30 48 7 37
6268	5 37 44 34
6269	16 9 2 1
6270	42 25 11 16
6271	37 2 20 21
6272	38 3 5 2
6273	30 28 15 31
6274	22 30 15 28
6275	44 1 36 13
6276	1 37 3 21
6277	4 8 14 27
6278	25 28 13 47
6279	30 22 15 4
6280	22 13 50 24
6281	34 27 37 17
6282	35 6 19 50
6283	7 19 15 26
6284	1 44 37 38
6285	16 14 11 42
6286	6 35 33 44
6287	29 18 30 15
6288	19 35 10 22
6289	3 36 50 40
6290	17 13 11 49
6291	13 7 30 1
6292	39 33 32 45
6293	40 35 17 4
6294	16 45 23 37
6295	45 31 44 29
6296	24 1 18 32
6297	18 28 12 10
6298	11 48 49 38
6299	35 31 49 5
6300	23 12 48 44
6301	30 31 42 39
6302	37 43 7 17
6303	31 30 47 23
6304	3 35 41 29
6305	43 23 42 49
6306	7 19 48 47
6307	18 6 43 19
6308	19 48 40 9
6309	6 33 13 34
6310	2 38 31 26
6311	25 31 11 38
6312	2 40 4 16
6313	17 1 39 37
6314	22 38 2 5
6315	8 1 33 31
6316	4 29 42 17
6317	38 9 34 30
6318	12 29 24 46
6319	6 18 21 4
6320	29 32 34 5
6321	33 46 48 31
6322	31 16 26 50
6323	35 10 1 2
6324	34 30 5 41
6325	27 21 34 25
6326	20 43 46 36
6327	32 12 34 15
6328	30 11 34 18
6329	39 38 34 20
6330	6 32 15 42
6331	33 9 28 25
6332	16 50 41 38
6333	12 4 49 27
6334	45 43 32 27
6335	19 1 35 14
6336	25 20 16 7
6337	8 16 29 35
6338	15 4 29 49
6339	34 1 38 8
6340	21 30 10 38
6341	3 40 10 41
6342	32 23 50 44
6343	41 39 35 33
6344	5 27 43 36
6345	25 19 32 45
6346	25 28 3 16
6347	47 30 31 4
6348	50 12 33 39
6349	9 19 45 50
6350	33 27 12 38
6351	49 47 32 42
6352	8 24 36 15
6353	24 14 7 27
6354	16 30 39 23
6355	23 49 25 15
6356	48 47 31 33
6357	15 3 45 44
6358	25 15 5 7
6359	1 34 22 47
6360	12 2 5 15
6361	39 37 20 3
6362	18 2 46 25
6363	22 35 28 9
6364	50 29 44 12
6365	27 32 14 1
6366	19 33 47 43
6367	50 48 28 8
6368	20 13 26 2
6369	37 49 18 34
6370	16 41 28 49
6371	47 48 43 9
6372	12 1 20 43
6373	11 3 40 34
6374	19 46 16 43
6375	16 23 31 5
6376	6 50 30 37
6377	9 5 29 27
6378	12 23 47 15
6379	25 41 46 11
6380	26 43 1 30
6381	16 46 42 9
6382	33 16 17 28
6383	16 45 34 41
6384	32 47 28 23
6385	41 50 2 5
6386	47 9 31 14
6387	3 45 25 36
6388	50 27 22 10
6389	33 16 48 27
6390	43 48 36 20
6391	43 22 21 18
6392	26 32 39 4
6393	34 3 32 45
6394	1 26 18 34
6395	5 28 39 27
6396	7 16 26 6
6397	46 16 37 9
6398	34 40 43 47
6399	20 14 3 36
6400	43 24 41 9
6401	26 21 8 6
6402	38 20 24 31
6403	11 28 24 12
6404	40 20 24 9
6405	17 18 42 1
6406	17 16 14 29
6407	45 10 1 37
6408	21 14 20 18
6409	29 21 8 46
6410	13 3 50 41
6411	15 27 4 11
6412	12 17 8 24
6413	31 38 29 6
6414	46 40 20 25
6415	40 36 24 27
6416	9 32 5 47
6417	14 20 47 38
6418	9 44 41 28
6419	44 22 11 9
6420	15 5 35 44
6421	35 22 29 16
6422	8 34 6 39
6423	25 28 49 8
6424	30 49 8 31
6425	18 9 49 36
6426	19 32 39 45
6427	45 44 32 28
6428	46 15 3 43
6429	27 31 10 39
6430	19 50 8 43
6431	19 37 22 27
6432	41 2 28 46
6433	37 44 2 48
6434	7 16 1 29
6435	3 10 40 27
6436	48 10 50 25
6437	34 47 32 29
6438	29 17 43 27
6439	10 44 15 47
6440	29 20 36 23
6441	26 34 1 25
6442	24 10 6 39
6443	4 42 49 29
6444	34 23 7 2
6445	32 26 50 47
6446	48 50 27 34
6447	34 29 31 28
6448	22 18 3 26
6449	13 3 10 30
6450	8 38 17 21
6451	10 39 36 14
6452	7 3 19 40
6453	4 15 27 38
6454	3 31 20 47
6455	7 11 3 34
6456	2 11 31 30
6457	48 3 26 25
6458	36 32 7 27
6459	20 34 24 14
6460	50 43 20 29
6461	14 29 24 12
6462	41 21 49 10
6463	43 15 9 33
6464	35 10 31 37
6465	26 18 48 2
6466	7 43 8 30
6467	4 16 11 30
6468	5 43 44 38
6469	36 3 40 5
6470	40 29 9 22
6471	25 14 20 26
6472	45 41 1 25
6473	40 28 39 8
6474	23 38 46 41
6475	44 11 29 48
6476	36 43 48 40
6477	23 45 27 47
6478	27 45 22 32
6479	31 40 46 1
6480	45 3 21 49
6481	38 27 42 14
6482	10 31 18 36
6483	47 41 7 46
6484	32 36 13 34
6485	19 17 4 10
6486	41 19 49 20
6487	24 9 12 43
6488	23 14 22 12
6489	12 7 44 11
6490	31 15 1 48
6491	2 10 22 35
6492	37 2 49 23
6493	39 28 49 32
6494	16 49 48 6
6495	21 39 3 19
6496	5 48 6 2
6497	22 37 39 12
6498	40 22 27 50
6499	36 2 28 20
6500	14 19 24 1
6501	6 33 31 9
6502	36 47 24 45
6503	38 12 21 29
6504	17 14 6 11
6505	33 47 42 23
6506	28 11 18 8
6507	37 13 7 16
6508	45 49 16 33
6509	22 33 14 18
6510	41 32 12 10
6511	31 20 26 3
6512	12 38 34 47
6513	2 18 26 3
6514	17 46 37 33
6515	4 6 47 49
6516	12 14 28 48
6517	35 4 41 34
6518	48 10 50 3
6519	8 48 1 5
6520	9 50 12 34
6521	35 32 24 31
6522	13 2 26 38
6523	7 12 49 3
6524	34 13 20 28
6525	31 35 9 6
6526	45 2 32 42
6527	41 14 23 15
6528	39 2 14 50
6529	12 15 14 18
6530	6 12 19 36
6531	47 22 19 18
6532	28 17 8 49
6533	4 13 23 3
6534	8 31 19 48
6535	39 10 21 15
6536	39 27 2 36
6537	32 22 43 25
6538	39 27 45 35
6539	4 36 27 49
6540	50 8 27 17
6541	50 37 8 44
6542	40 21 39 46
6543	37 30 50 32
6544	6 47 16 3
6545	9 38 10 33
6546	16 1 40 45
6547	46 32 23 34
6548	4 2 49 29
6549	37 21 44 12
6550	21 16 18 33
6551	47 23 45 11
6552	46 31 17 43
6553	35 14 25 49
6554	18 43 6 45
6555	24 36 34 27
6556	33 37 27 24
6557	45 11 6 8
6558	26 10 37 23
6559	24 42 20 36
6560	26 30 7 49
6561	4 37 36 38
6562	47 38 1 3
6563	25 23 29 43
6564	12 3 9 14
6565	25 44 1 42
6566	38 13 12 45
6567	32 44 38 41
6568	34 3 11 22
6569	29 49 7 18
6570	30 2 19 44
6571	9 22 48 3
6572	20 46 26 11
6573	36 18 37 6
6574	27 43 20 35
6575	43 28 7 29
6576	49 27 38 25
6577	27 35 37 21
6578	44 43 11 3
6579	8 27 31 43
6580	26 34 23 43
6581	22 26 7 45
6582	5 33 46 48
6583	49 36 28 11
6584	35 3 28 29
6585	48 19 8 46
6586	22 13 48 12
6587	24 12 9 39
6588	16 30 3 34
6589	13 41 33 9
6590	37 42 13 17
6591	30 32 49 9
6592	45 35 18 7
6593	50 11 23 26
6594	29 20 37 12
6595	4 37 15 16
6596	15 17 2 34
6597	48 27 14 16
6598	31 40 45 33
6599	32 47 16 6
6600	4 19 50 33
6601	24 3 17 7
6602	37 39 19 16
6603	26 3 39 21
6604	21 28 5 4
6605	17 33 10 23
6606	30 39 16 8
6607	45 24 6 16
6608	29 39 22 6
6609	39 34 23 36
6610	43 29 21 47
6611	7 4 8 34
6612	15 17 28 40
6613	4 9 48 34
6614	46 44 41 21
6615	12 4 30 43
6616	25 11 43 26
6617	4 48 22 32
6618	6 18 47 36
6619	29 33 49 50
6620	33 26 18 40
6621	44 42 36 50
6622	1 8 18 38
6623	50 28 39 24
6624	13 49 23 28
6625	31 2 30 39
6626	36 23 41 42
6627	8 39 7 33
6628	10 40 39 4
6629	32 47 15 4
6630	22 47 44 9
6631	2 19 28 16
6632	33 40 12 37
6633	34 17 20 22
6634	14 26 45 16
6635	47 22 50 17
6636	7 11 32 17
6637	5 7 28 3
6638	46 49 17 32
6639	37 49 14 15
6640	8 48 25 10
6641	23 15 10 21
6642	24 14 21 10
6643	11 40 24 44
6644	16 12 48 45
6645	45 11 42 29
6646	22 45 43 34
6647	39 6 21 27
6648	19 30 27 18
6649	33 18 28 22
6650	9 20 29 3
6651	41 45 18 25
6652	33 40 22 44
6653	14 39 32 4
6654	8 17 9 18
6655	6 36 32 35
6656	40 48 18 25
6657	6 11 46 47
6658	23 44 33 1
6659	4 44 23 34
6660	28 22 41 25
6661	14 40 45 22
6662	28 47 6 38
6663	50 45 12 11
6664	20 18 49 38
6665	45 48 23 7
6666	22 48 31 20
6667	37 49 1 31
6668	32 2 49 11
6669	1 19 26 6
6670	2 43 39 3
6671	11 38 30 32
6672	7 5 37 21
6673	24 35 50 16
6674	8 36 17 26
6675	6 3 16 22
6676	36 19 11 22
6677	41 39 40 6
6678	16 14 43 36
6679	7 31 2 8
6680	28 11 9 39
6681	45 6 35 4
6682	43 3 47 9
6683	47 37 15 7
6684	49 4 42 5
6685	41 33 47 45
6686	33 25 38 35
6687	12 43 34 40
6688	16 4 18 39
6689	23 46 10 44
6690	20 23 27 44
6691	46 33 47 14
6692	48 34 23 26
6693	4 5 23 16
6694	24 8 41 43
6695	29 30 7 15
6696	21 14 12 4
6697	27 42 30 9
6698	23 39 21 30
6699	12 20 31 18
6700	16 34 6 1
6701	48 35 4 41
6702	39 31 10 29
6703	45 32 4 44
6704	42 46 50 25
6705	3 48 50 19
6706	10 34 11 41
6707	46 11 15 31
6708	5 13 7 39
6709	35 5 11 26
6710	20 38 29 46
6711	11 41 35 42
6712	22 44 39 15
6713	15 20 4 21
6714	46 7 20 14
6715	5 3 23 36
6716	31 34 36 43
6717	36 24 47 28
6718	47 19 13 2
6719	2 36 6 23
6720	30 1 8 48
6721	5 23 26 43
6722	10 4 31 5
6723	41 43 39 45
6724	5 8 47 2
6725	45 11 43 5
6726	19 30 5 16
6727	27 34 2 21
6728	5 46 1 18
6729	35 2 32 50
6730	6 24 25 33
6731	38 20 2 11
6732	1 9 43 6
6733	16 47 40 2
6734	42 4 3 9
6735	38 18 32 43
6736	37 15 6 9
6737	19 34 38 36
6738	47 30 9 50
6739	19 43 34 4
6740	21 50 11 31
6741	50 46 29 10
6742	22 13 36 15
6743	39 12 5 23
6744	7 21 41 12
6745	41 31 33 9
6746	12 35 42 30
6747	37 35 32 16
6748	5 8 2 46
6749	47 32 6 17
6750	18 46 30 13
6751	46 21 14 10
6752	6 31 41 13
6753	16 27 17 50
6754	32 48 6 43
6755	42 35 23 22
6756	10 20 26 27
6757	10 29 31 11
6758	40 22 4 26
6759	25 47 14 36
6760	40 35 20 45
6761	23 3 42 27
6762	1 8 26 24
6763	45 42 11 4
6764	44 37 29 18
6765	2 33 7 32
6766	6 23 28 9
6767	49 17 29 25
6768	50 34 21 49
6769	5 4 33 12
6770	36 19 24 45
6771	1 11 20 26
6772	46 43 14 49
6773	50 31 16 29
6774	8 28 35 41
6775	33 46 45 6
6776	14 7 5 37
6777	34 32 7 4
6778	18 48 1 3
6779	30 10 49 32
6780	19 41 32 36
6781	8 47 6 1
6782	18 2 3 17
6783	6 30 3 2
6784	50 16 35 5
6785	41 2 25 17
6786	31 29 5 1
6787	19 28 4 41
6788	38 36 34 5
6789	47 39 26 1
6790	30 47 37 24
6791	6 30 20 3
6792	40 29 9 36
6793	25 7 6 42
6794	36 5 50 21
6795	34 40 4 27
6796	46 7 22 1
6797	29 49 31 34
6798	39 43 46 9
6799	38 7 49 29
6800	12 48 45 40
6801	23 16 2 1
6802	22 26 44 34
6803	13 31 37 28
6804	47 39 11 21
6805	28 5 3 22
6806	18 35 16 23
6807	13 41 26 32
6808	13 23 28 4
6809	39 24 47 35
6810	11 8 35 16
6811	7 17 47 44
6812	45 25 27 19
6813	11 13 46 31
6814	9 20 36 3
6815	42 30 20 2
6816	48 1 27 44
6817	23 27 38 13
6818	13 17 27 50
6819	49 35 9 28
6820	29 30 36 40
6821	41 48 30 28
6822	19 47 41 4
6823	6 29 8 5
6824	40 31 20 23
6825	7 8 1 21
6826	37 18 36 39
6827	31 23 14 16
6828	14 41 7 49
6829	15 42 22 24
6830	49 5 10 3
6831	33 2 50 25
6832	37 4 13 16
6833	32 6 50 43
6834	16 36 34 42
6835	16 12 49 37
6836	29 48 47 30
6837	13 28 41 44
6838	1 30 23 20
6839	24 43 7 38
6840	38 29 32 8
6841	28 12 1 3
6842	32 17 14 19
6843	38 29 21 8
6844	43 30 14 2
6845	14 19 36 31
6846	48 39 40 10
6847	6 28 17 12
6848	4 7 45 44
6849	48 40 9 13
6850	17 19 28 18
6851	46 33 13 44
6852	48 40 35 32
6853	29 33 15 10
6854	43 30 1 41
6855	39 34 16 26
6856	47 50 32 30
6857	22 38 19 34
6858	18 28 42 7
6859	11 4 46 47
6860	31 50 23 19
6861	50 35 24 41
6862	19 37 16 44
6863	25 32 13 43
6864	24 41 47 2
6865	7 13 3 19
6866	5 49 30 26
6867	41 33 44 23
6868	26 29 9 34
6869	2 14 16 3
6870	25 17 2 49
6871	7 34 37 22
6872	42 41 2 19
6873	40 10 31 34
6874	48 8 31 49
6875	49 26 3 7
6876	46 22 47 36
6877	37 41 44 2
6878	10 19 45 24
6879	11 32 41 40
6880	28 39 16 7
6881	37 45 21 30
6882	20 27 21 1
6883	35 44 25 15
6884	28 4 24 30
6885	44 47 32 39
6886	20 44 13 50
6887	3 7 47 23
6888	17 38 39 43
6889	13 20 3 38
6890	19 27 14 39
6891	38 20 40 36
6892	5 15 22 3
6893	40 45 18 35
6894	7 24 18 14
6895	34 28 38 18
6896	16 7 13 18
6897	39 2 30 48
6898	46 7 23 15
6899	42 50 5 4
6900	37 49 42 23
6901	43 48 2 42
6902	41 7 34 27
6903	22 44 13 39
6904	37 27 49 16
6905	49 40 42 2
6906	8 42 3 29
6907	28 18 49 40
6908	2 9 17 6
6909	35 39 26 42
6910	39 11 23 27
6911	22 5 43 8
6912	32 2 43 28
6913	30 4 25 46
6914	12 45 19 3
6915	10 22 36 29
6916	25 4 7 40
6917	36 27 10 2
6918	39 28 48 20
6919	29 14 13 32
6920	26 44 25 13
6921	22 39 9 42
6922	38 30 44 26
6923	25 14 43 15
6924	27 29 30 11
6925	12 16 6 8
6926	1 46 28 10
6927	1 19 43 21
6928	9 27 4 12
6929	42 31 15 8
6930	9 14 1 23
6931	50 18 13 47
6932	36 6 49 25
6933	27 37 12 22
6934	30 48 26 38
6935	7 34 22 43
6936	1 6 39 23
6937	2 29 27 30
6938	32 43 33 25
6939	7 24 1 30
6940	12 13 49 3
6941	29 20 32 21
6942	17 47 29 19
6943	18 47 27 48
6944	8 28 24 37
6945	41 19 17 8
6946	44 39 22 9
6947	39 50 11 22
6948	21 32 40 48
6949	43 15 34 20
6950	49 12 25 5
6951	6 19 11 14
6952	9 11 32 48
6953	4 14 38 28
6954	42 41 28 5
6955	43 30 47 1
6956	2 23 29 16
6957	43 39 28 30
6958	7 41 8 40
6959	21 19 2 23
6960	44 43 20 1
6961	30 34 28 44
6962	23 1 3 46
6963	26 48 24 2
6964	12 11 16 47
6965	39 31 49 40
6966	12 40 26 2
6967	9 37 19 43
6968	21 4 42 39
6969	10 34 32 45
6970	40 43 8 2
6971	4 5 38 45
6972	23 16 6 21
6973	26 11 24 35
6974	27 6 48 17
6975	44 15 34 2
6976	11 9 44 21
6977	37 33 41 28
6978	43 6 24 29
6979	1 11 13 9
6980	21 37 46 42
6981	36 15 35 26
6982	16 37 20 49
6983	8 27 24 26
6984	20 23 11 13
6985	12 46 15 6
6986	39 34 10 40
6987	8 17 21 29
6988	32 16 4 27
6989	16 22 40 46
6990	35 3 12 4
6991	50 2 28 8
6992	45 28 46 27
6993	3 37 20 32
6994	30 41 16 27
6995	32 15 3 14
6996	18 40 39 48
6997	35 18 39 16
6998	46 8 42 3
6999	49 40 16 26
7000	28 46 39 40
7001	6 10 3 20
7002	36 34 41 12
7003	36 9 44 38
7004	33 19 10 40
7005	25 18 28 29
7006	36 15 23 40
7007	26 21 31 7
7008	32 40 11 8
7009	50 35 44 30
7010	38 49 34 29
7011	39 16 49 19
7012	27 6 10 25
7013	2 49 13 43
7014	46 5 42 16
7015	16 30 4 19
7016	8 13 37 48
7017	2 15 32 17
7018	5 6 2 8
7019	38 46 24 17
7020	41 23 39 11
7021	24 39 43 27
7022	24 45 3 11
7023	31 19 20 10
7024	3 27 20 7
7025	27 28 47 33
7026	2 21 19 34
7027	2 36 41 4
7028	29 49 20 2
7029	9 17 43 24
7030	36 41 49 20
7031	47 28 38 24
7032	32 21 5 28
7033	7 46 44 15
7034	41 30 29 19
7035	48 9 34 29
7036	11 1 26 43
7037	7 10 40 29
7038	50 38 23 14
7039	30 32 16 15
7040	11 43 47 9
7041	15 2 33 19
7042	20 6 35 24
7043	33 6 9 27
7044	48 19 33 27
7045	50 9 13 16
7046	15 44 31 5
7047	38 20 21 42
7048	50 38 49 28
7049	1 39 12 4
7050	34 49 45 32
7051	2 8 25 48
7052	43 24 4 3
7053	15 9 27 39
7054	4 6 38 21
7055	50 46 33 22
7056	35 4 7 36
7057	12 16 6 37
7058	21 6 35 37
7059	11 12 44 28
7060	26 9 4 49
7061	30 26 41 13
7062	24 50 3 41
7063	48 35 12 18
7064	3 24 41 21
7065	5 10 29 39
7066	13 5 23 22
7067	17 49 8 3
7068	39 7 15 22
7069	40 1 30 23
7070	8 21 24 34
7071	11 21 49 1
7072	20 31 27 33
7073	11 3 40 36
7074	2 8 11 17
7075	16 45 21 42
7076	1 35 3 7
7077	48 39 28 16
7078	40 5 18 47
7079	3 28 1 35
7080	5 46 15 1
7081	5 23 2 33
7082	22 24 8 42
7083	41 9 43 40
7084	3 23 49 27
7085	3 45 2 1
7086	31 11 15 26
7087	34 3 2 43
7088	37 48 16 24
7089	50 3 34 6
7090	22 23 49 2
7091	28 14 2 25
7092	35 23 42 46
7093	8 49 40 41
7094	44 40 35 18
7095	3 20 2 45
7096	17 3 48 50
7097	47 25 33 43
7098	4 22 47 32
7099	30 40 43 24
7100	44 13 11 1
7101	23 24 5 40
7102	32 33 43 10
7103	12 19 39 43
7104	19 26 4 49
7105	18 5 45 25
7106	3 28 16 49
7107	12 25 17 4
7108	13 42 41 50
7109	12 36 8 49
7110	41 6 38 12
7111	5 33 28 35
7112	24 8 43 41
7113	9 13 33 25
7114	10 9 47 23
7115	46 2 28 18
7116	41 19 10 30
7117	35 13 36 6
7118	19 11 1 34
7119	17 35 19 25
7120	46 13 8 32
7121	44 32 26 43
7122	23 2 1 43
7123	17 48 1 20
7124	47 12 37 32
7125	45 43 6 35
7126	38 46 14 31
7127	35 48 3 23
7128	11 19 48 18
7129	19 4 5 47
7130	28 35 42 2
7131	10 31 47 14
7132	27 25 20 35
7133	16 13 50 2
7134	3 41 45 7
7135	31 36 44 14
7136	36 24 12 31
7137	15 14 32 22
7138	43 37 29 28
7139	29 19 24 7
7140	36 8 47 39
7141	39 22 42 13
7142	50 44 43 7
7143	22 16 17 9
7144	45 31 40 41
7145	17 46 16 26
7146	15 35 13 14
7147	25 3 10 33
7148	5 31 28 16
7149	3 24 20 39
7150	48 31 46 7
7151	23 22 20 44
7152	18 45 43 13
7153	22 7 27 44
7154	39 10 47 16
7155	48 25 16 7
7156	9 48 44 27
7157	14 43 13 16
7158	4 18 14 40
7159	3 12 1 28
7160	3 27 44 13
7161	33 31 24 47
7162	39 32 30 14
7163	37 7 21 36
7164	9 27 21 46
7165	28 45 24 23
7166	25 43 24 12
7167	12 50 42 28
7168	16 12 44 35
7169	48 16 22 33
7170	20 35 9 22
7171	22 2 9 11
7172	46 31 26 10
7173	36 14 1 21
7174	40 21 15 26
7175	31 37 33 9
7176	45 29 8 41
7177	46 8 41 42
7178	10 31 18 1
7179	38 37 26 22
7180	39 32 36 14
7181	13 42 35 11
7182	31 19 28 25
7183	31 25 26 12
7184	26 31 42 46
7185	15 30 3 40
7186	17 36 23 48
7187	28 7 17 21
7188	23 8 44 37
7189	20 47 22 39
7190	45 40 16 47
7191	3 46 24 35
7192	13 11 38 17
7193	35 13 43 8
7194	28 29 2 32
7195	46 11 43 5
7196	39 10 35 31
7197	35 20 25 1
7198	25 32 34 8
7199	16 10 9 45
7200	22 8 21 19
7201	14 32 18 38
7202	45 40 2 47
7203	16 8 43 12
7204	43 5 37 23
7205	9 34 15 16
7206	39 32 21 30
7207	32 34 14 2
7208	8 21 18 39
7209	9 2 38 44
7210	48 35 25 12
7211	24 5 13 37
7212	14 3 45 23
7213	11 21 36 7
7214	25 18 41 44
7215	31 47 25 33
7216	5 27 33 41
7217	35 2 45 27
7218	5 31 4 30
7219	11 21 13 4
7220	34 7 35 48
7221	35 50 34 9
7222	41 11 24 34
7223	10 18 21 15
7224	21 4 22 8
7225	34 49 44 23
7226	22 35 41 27
7227	41 47 10 49
7228	32 17 11 12
7229	30 18 11 39
7230	50 21 16 49
7231	50 12 35 18
7232	23 14 29 15
7233	29 1 38 23
7234	4 6 12 3
7235	36 40 35 48
7236	6 24 14 5
7237	46 8 25 16
7238	15 11 49 2
7239	6 39 38 18
7240	35 45 16 11
7241	19 38 37 23
7242	44 41 7 32
7243	35 21 16 27
7244	49 12 2 16
7245	26 39 6 30
7246	35 14 24 17
7247	35 13 11 40
7248	22 11 42 18
7249	15 19 20 11
7250	33 26 4 8
7251	6 17 15 1
7252	42 13 21 47
7253	38 35 24 29
7254	32 28 25 43
7255	13 41 32 45
7256	14 45 32 46
7257	10 44 31 39
7258	39 17 46 47
7259	4 8 17 33
7260	10 48 19 12
7261	21 30 27 41
7262	36 23 5 7
7263	15 33 8 7
7264	42 10 41 39
7265	24 45 6 7
7266	38 43 49 18
7267	18 48 37 50
7268	20 49 35 14
7269	33 49 13 50
7270	42 30 45 28
7271	30 14 12 26
7272	5 41 46 7
7273	35 24 48 45
7274	17 24 49 36
7275	1 24 7 29
7276	39 21 42 38
7277	35 7 46 45
7278	19 30 39 10
7279	9 30 50 35
7280	6 47 21 25
7281	12 10 42 17
7282	36 38 39 33
7283	41 6 33 45
7284	36 46 7 25
7285	48 24 22 20
7286	6 8 49 39
7287	22 24 18 3
7288	34 29 37 25
7289	34 35 10 16
7290	27 36 17 45
7291	14 10 16 38
7292	4 26 8 5
7293	20 46 6 2
7294	20 23 32 2
7295	11 27 2 13
7296	22 47 34 45
7297	14 26 50 30
7298	19 22 13 45
7299	41 31 9 18
7300	30 25 32 35
7301	31 21 23 5
7302	35 48 50 38
7303	13 7 1 11
7304	2 50 47 8
7305	40 45 11 27
7306	8 40 43 23
7307	30 12 25 1
7308	23 20 19 32
7309	20 31 45 41
7310	39 2 42 4
7311	6 21 49 39
7312	37 2 3 31
7313	9 2 28 30
7314	13 37 1 15
7315	8 28 30 2
7316	16 27 4 7
7317	26 10 20 37
7318	45 2 9 11
7319	26 2 47 14
7320	45 23 24 20
7321	28 21 25 15
7322	7 20 29 3
7323	19 29 8 39
7324	38 1 10 26
7325	40 47 34 32
7326	7 39 32 18
7327	45 3 6 26
7328	43 31 24 22
7329	2 6 4 40
7330	29 14 25 20
7331	29 8 19 30
7332	9 43 1 24
7333	9 2 19 20
7334	14 22 4 46
7335	3 14 31 22
7336	7 13 19 17
7337	22 1 35 33
7338	2 14 6 1
7339	15 6 8 34
7340	24 7 36 50
7341	30 43 45 50
7342	16 31 25 3
7343	9 23 3 33
7344	7 4 39 11
7345	20 18 34 6
7346	46 15 47 5
7347	32 43 18 26
7348	41 11 37 18
7349	31 7 38 34
7350	5 10 12 25
7351	17 18 44 40
7352	18 26 3 15
7353	45 50 47 48
7354	25 30 27 45
7355	7 21 37 20
7356	24 48 31 49
7357	14 13 43 29
7358	1 23 8 15
7359	43 48 30 49
7360	49 30 43 1
7361	8 38 34 11
7362	35 2 18 45
7363	50 26 41 24
7364	16 11 8 3
7365	45 9 16 19
7366	23 6 16 38
7367	10 1 2 47
7368	23 43 36 34
7369	14 29 35 6
7370	18 6 11 42
7371	44 47 1 49
7372	17 48 44 19
7373	9 12 19 40
7374	11 38 14 29
7375	1 5 28 23
7376	9 48 23 11
7377	43 30 27 13
7378	41 42 49 36
7379	35 8 7 18
7380	49 10 20 1
7381	42 6 5 31
7382	10 15 27 18
7383	2 34 26 14
7384	3 32 25 36
7385	30 43 7 46
7386	7 21 44 1
7387	44 36 41 14
7388	21 17 6 10
7389	26 22 10 33
7390	28 19 41 30
7391	6 25 9 7
7392	19 42 39 26
7393	12 1 24 45
7394	10 27 1 32
7395	30 37 12 40
7396	35 33 49 37
7397	18 38 24 28
7398	37 14 19 2
7399	29 20 14 11
7400	33 8 7 39
7401	22 49 6 16
7402	35 33 13 22
7403	49 19 17 39
7404	21 45 22 2
7405	44 17 6 15
7406	5 24 11 43
7407	7 27 45 3
7408	16 11 21 17
7409	3 26 36 7
7410	11 22 33 48
7411	21 38 35 24
7412	16 35 8 41
7413	26 5 10 42
7414	26 29 43 50
7415	8 32 15 28
7416	19 47 13 43
7417	26 37 11 45
7418	13 11 14 7
7419	17 11 28 4
7420	49 48 50 31
7421	32 24 41 6
7422	6 38 34 29
7423	23 31 26 11
7424	2 10 30 7
7425	18 44 17 5
7426	1 31 14 5
7427	8 31 19 24
7428	12 38 47 37
7429	20 21 9 11
7430	32 21 22 13
7431	39 47 14 23
7432	26 40 10 41
7433	33 9 30 2
7434	5 7 19 49
7435	46 28 11 9
7436	26 30 50 49
7437	33 16 28 19
7438	1 45 11 18
7439	43 29 36 40
7440	31 33 35 4
7441	33 42 15 4
7442	12 25 28 14
7443	27 4 22 7
7444	41 47 10 12
7445	19 35 29 47
7446	22 7 37 8
7447	45 17 3 38
7448	50 13 28 33
7449	39 5 42 16
7450	46 2 7 31
7451	10 32 50 41
7452	21 48 25 5
7453	3 43 36 49
7454	30 4 16 6
7455	38 42 21 48
7456	8 39 42 29
7457	25 24 40 11
7458	19 13 11 9
7459	36 16 12 31
7460	20 24 37 17
7461	18 42 43 14
7462	29 21 2 31
7463	35 15 44 45
7464	24 15 5 18
7465	49 35 21 38
7466	42 23 10 31
7467	46 8 44 33
7468	12 39 17 25
7469	34 40 50 9
7470	13 37 30 29
7471	3 44 39 2
7472	15 12 23 6
7473	8 46 14 4
7474	17 16 25 26
7475	1 27 25 6
7476	26 7 46 43
7477	32 16 19 24
7478	39 47 4 32
7479	25 49 33 6
7480	41 49 14 2
7481	46 37 43 19
7482	40 3 31 9
7483	30 7 41 22
7484	1 4 41 24
7485	47 24 31 44
7486	37 16 36 18
7487	22 15 41 33
7488	27 13 25 12
7489	41 37 1 6
7490	28 37 6 1
7491	44 13 43 7
7492	12 42 47 20
7493	33 46 17 20
7494	3 20 48 7
7495	49 43 40 30
7496	29 20 34 18
7497	8 22 30 46
7498	20 9 30 35
7499	11 36 12 48
7500	9 35 49 33
7501	31 50 15 44
7502	46 13 6 5
7503	47 28 43 4
7504	6 41 28 42
7505	13 3 50 14
7506	32 35 40 12
7507	20 6 29 4
7508	11 4 39 24
7509	46 4 40 22
7510	24 49 4 50
7511	19 9 28 31
7512	1 45 50 40
7513	31 34 22 46
7514	28 39 6 3
7515	33 48 11 36
7516	17 47 24 38
7517	21 33 45 1
7518	34 50 28 14
7519	40 5 48 26
7520	22 35 18 40
7521	44 26 14 33
7522	17 44 13 3
7523	7 47 17 1
7524	48 49 19 7
7525	2 16 37 34
7526	10 30 42 20
7527	3 10 26 48
7528	39 21 3 16
7529	42 43 20 40
7530	40 30 11 29
7531	17 28 3 9
7532	35 3 45 16
7533	49 44 40 30
7534	42 35 26 6
7535	16 19 40 50
7536	19 27 42 24
7537	1 34 15 22
7538	22 36 40 4
7539	29 44 12 30
7540	5 14 48 40
7541	32 7 6 4
7542	13 44 1 25
7543	15 14 42 7
7544	30 36 6 29
7545	35 19 36 45
7546	12 19 36 48
7547	29 17 19 14
7548	27 49 3 41
7549	31 32 20 41
7550	4 25 7 34
7551	19 33 32 11
7552	22 32 5 23
7553	38 18 13 50
7554	33 44 25 24
7555	39 29 37 7
7556	34 19 46 36
7557	30 5 34 33
7558	37 22 45 8
7559	15 18 27 36
7560	11 27 22 47
7561	3 47 46 25
7562	30 9 15 7
7563	14 13 3 46
7564	20 22 31 7
7565	23 37 11 41
7566	13 9 47 29
7567	7 4 14 15
7568	8 7 32 20
7569	9 16 23 43
7570	11 38 30 45
7571	38 50 19 45
7572	21 2 17 27
7573	42 35 33 24
7574	10 48 39 33
7575	40 34 14 45
7576	16 2 36 35
7577	45 49 22 12
7578	16 31 14 30
7579	42 12 32 16
7580	24 25 33 18
7581	11 46 21 10
7582	40 38 43 3
7583	28 10 40 4
7584	39 3 30 44
7585	8 47 32 6
7586	13 37 14 41
7587	43 18 35 49
7588	11 45 5 50
7589	1 30 47 22
7590	4 3 36 5
7591	20 41 21 13
7592	21 36 3 32
7593	46 22 28 12
7594	28 26 39 31
7595	25 19 6 37
7596	50 46 43 1
7597	50 28 31 22
7598	24 9 48 47
7599	45 35 14 20
7600	22 45 42 16
7601	46 9 5 49
7602	20 42 39 22
7603	21 11 40 27
7604	50 30 17 25
7605	25 36 37 39
7606	32 24 12 21
7607	36 38 14 42
7608	36 4 11 38
7609	42 4 14 46
7610	5 42 28 43
7611	12 50 49 4
7612	27 4 7 18
7613	21 39 5 9
7614	26 28 35 3
7615	6 9 50 25
7616	21 41 45 18
7617	25 26 37 6
7618	30 39 47 14
7619	29 48 2 4
7620	15 33 36 32
7621	8 10 11 28
7622	19 9 30 2
7623	47 10 1 17
7624	7 46 15 32
7625	32 47 19 9
7626	43 26 31 49
7627	17 8 5 7
7628	35 33 30 12
7629	31 49 25 36
7630	19 18 33 14
7631	46 41 34 37
7632	24 26 32 34
7633	33 8 46 47
7634	30 45 16 40
7635	50 32 37 13
7636	10 43 40 39
7637	33 45 27 40
7638	2 23 9 4
7639	39 16 45 43
7640	6 14 44 10
7641	23 8 48 44
7642	37 3 23 50
7643	16 35 45 37
7644	21 50 7 18
7645	26 12 38 16
7646	45 6 12 11
7647	46 10 33 26
7648	29 44 1 3
7649	2 12 32 44
7650	45 50 39 24
7651	41 48 5 45
7652	32 6 13 15
7653	8 37 9 24
7654	17 49 30 21
7655	29 48 5 31
7656	50 47 41 11
7657	39 17 6 25
7658	25 50 39 47
7659	11 6 28 41
7660	3 20 29 24
7661	36 32 49 20
7662	5 39 30 36
7663	31 8 46 49
7664	23 16 38 24
7665	8 43 10 48
7666	25 37 11 46
7667	4 46 44 37
7668	48 35 5 2
7669	31 46 26 2
7670	45 17 22 18
7671	42 39 11 26
7672	35 14 50 23
7673	17 30 22 19
7674	40 31 35 33
7675	48 40 3 31
7676	17 6 14 42
7677	20 25 48 37
7678	3 11 6 24
7679	22 8 12 49
7680	31 27 46 24
7681	30 36 33 45
7682	35 36 10 15
7683	2 29 14 48
7684	38 1 6 43
7685	50 16 49 24
7686	41 25 40 1
7687	34 18 2 10
7688	30 21 10 20
7689	17 45 15 8
7690	12 3 20 48
7691	48 25 17 5
7692	36 6 37 28
7693	26 3 36 43
7694	26 35 11 15
7695	15 29 31 43
7696	11 21 8 12
7697	22 10 36 9
7698	44 40 2 27
7699	19 3 20 18
7700	36 9 34 50
7701	3 19 46 8
7702	2 13 21 8
7703	15 9 37 29
7704	18 47 49 6
7705	11 47 29 33
7706	30 24 2 40
7707	48 10 39 8
7708	28 16 45 38
7709	46 17 11 29
7710	32 49 37 26
7711	11 34 18 7
7712	42 14 33 27
7713	12 35 18 31
7714	37 12 1 42
7715	2 36 5 35
7716	20 40 39 50
7717	20 29 25 32
7718	21 33 13 26
7719	2 36 7 14
7720	16 33 11 41
7721	21 15 48 27
7722	33 2 9 49
7723	6 8 36 24
7724	42 45 3 20
7725	47 28 30 31
7726	38 20 5 48
7727	37 11 36 22
7728	44 47 24 16
7729	11 5 4 43
7730	11 39 44 14
7731	23 1 38 16
7732	48 5 18 31
7733	14 34 45 3
7734	8 9 12 13
7735	39 3 10 26
7736	7 9 25 43
7737	21 16 37 29
7738	29 15 22 44
7739	9 13 37 44
7740	9 16 26 50
7741	44 17 21 37
7742	48 10 31 25
7743	47 5 43 16
7744	46 33 15 39
7745	42 32 39 43
7746	39 41 12 46
7747	50 29 6 7
7748	30 37 14 41
7749	14 36 40 4
7750	29 24 36 49
7751	19 17 44 14
7752	12 5 41 35
7753	9 42 49 48
7754	29 38 9 46
7755	15 35 1 9
7756	7 32 20 27
7757	8 43 12 7
7758	27 5 43 49
7759	40 32 1 14
7760	14 31 41 1
7761	17 15 29 10
7762	38 26 30 20
7763	42 40 7 27
7764	4 14 33 19
7765	50 16 45 6
7766	25 31 33 4
7767	5 41 17 33
7768	43 32 21 25
7769	22 14 11 19
7770	50 40 22 26
7771	29 45 20 28
7772	32 50 43 15
7773	31 49 20 25
7774	34 6 27 42
7775	12 5 9 15
7776	42 14 47 18
7777	25 48 14 35
7778	21 5 31 2
7779	9 48 42 43
7780	26 45 7 33
7781	7 13 34 49
7782	39 32 10 47
7783	41 18 36 11
7784	21 20 17 42
7785	9 2 32 8
7786	9 26 39 25
7787	28 35 43 8
7788	38 27 34 24
7789	35 7 1 17
7790	15 23 33 14
7791	18 32 34 6
7792	23 25 41 2
7793	1 10 46 35
7794	22 25 32 15
7795	23 21 49 15
7796	11 10 1 14
7797	40 30 1 36
7798	32 40 15 25
7799	5 16 49 47
7800	3 9 10 44
7801	23 41 27 46
7802	39 17 40 11
7803	23 50 26 12
7804	25 38 32 15
7805	13 36 25 8
7806	42 10 5 23
7807	19 43 46 29
7808	24 42 44 4
7809	46 12 37 1
7810	13 25 44 2
7811	4 39 50 8
7812	43 28 50 37
7813	41 38 34 32
7814	35 47 4 40
7815	48 29 42 39
7816	36 38 4 14
7817	50 25 13 2
7818	35 41 21 1
7819	33 21 3 11
7820	34 21 26 40
7821	24 17 21 7
7822	15 33 25 6
7823	4 46 40 44
7824	8 10 45 16
7825	1 32 29 38
7826	12 2 28 45
7827	42 13 18 5
7828	50 12 10 36
7829	18 46 48 14
7830	32 47 43 45
7831	32 35 44 11
7832	7 19 41 49
7833	6 35 33 20
7834	47 46 39 36
7835	31 47 39 25
7836	24 47 2 35
7837	17 15 40 26
7838	36 38 27 18
7839	42 40 41 39
7840	15 41 35 31
7841	14 30 12 27
7842	20 24 49 37
7843	3 16 46 10
7844	12 37 20 24
7845	28 45 29 44
7846	45 48 7 25
7847	44 16 46 34
7848	10 29 34 15
7849	20 9 5 12
7850	49 16 6 32
7851	23 49 43 41
7852	6 33 28 29
7853	46 48 26 41
7854	42 16 20 41
7855	47 8 11 22
7856	34 1 23 13
7857	30 14 32 19
7858	47 24 2 44
7859	49 4 31 11
7860	45 25 19 13
7861	49 39 30 32
7862	5 47 17 45
7863	11 14 31 33
7864	34 20 14 44
7865	3 6 4 29
7866	38 7 26 31
7867	12 32 49 37
7868	48 7 11 3
7869	5 7 4 22
7870	7 44 9 36
7871	48 31 43 46
7872	39 27 25 16
7873	45 43 44 50
7874	13 2 47 18
7875	36 33 25 3
7876	32 24 47 31
7877	24 7 17 40
7878	8 31 46 18
7879	47 44 10 34
7880	18 34 31 30
7881	33 13 48 16
7882	2 34 40 37
7883	20 30 17 36
7884	36 29 26 14
7885	5 47 30 39
7886	32 27 20 11
7887	33 36 50 35
7888	1 49 12 24
7889	2 38 8 28
7890	4 42 45 32
7891	10 28 41 27
7892	42 10 47 4
7893	45 4 16 46
7894	27 11 42 46
7895	27 6 33 49
7896	24 39 49 32
7897	41 18 25 5
7898	15 27 35 11
7899	34 24 36 46
7900	45 41 47 35
7901	2 22 9 12
7902	11 35 26 31
7903	47 36 37 18
7904	24 21 11 30
7905	3 32 45 7
7906	49 24 6 16
7907	49 38 6 18
7908	27 13 21 34
7909	4 24 38 25
7910	8 20 2 38
7911	49 32 45 20
7912	2 14 10 21
7913	46 44 18 22
7914	7 17 11 24
7915	7 47 15 44
7916	38 31 47 10
7917	45 27 36 37
7918	34 37 41 32
7919	33 11 47 12
7920	3 9 24 15
7921	4 29 34 32
7922	21 28 44 13
7923	43 33 44 38
7924	11 1 42 14
7925	25 27 18 20
7926	20 46 44 25
7927	3 15 33 28
7928	35 27 15 38
7929	12 46 17 26
7930	28 8 40 41
7931	7 28 13 37
7932	46 1 4 50
7933	22 4 41 21
7934	48 15 35 45
7935	40 48 13 46
7936	5 28 47 13
7937	11 43 3 25
7938	44 27 3 25
7939	1 7 38 48
7940	32 1 47 44
7941	39 28 22 46
7942	48 24 12 32
7943	23 1 50 4
7944	2 30 48 28
7945	25 33 46 49
7946	8 48 49 44
7947	2 48 32 43
7948	25 13 22 36
7949	17 27 37 34
7950	35 3 28 24
7951	40 7 12 29
7952	10 1 13 35
7953	33 23 6 45
7954	34 28 50 7
7955	24 13 6 7
7956	20 25 45 42
7957	8 32 14 42
7958	1 4 11 36
7959	33 38 48 23
7960	42 13 23 47
7961	28 2 26 41
7962	26 3 47 23
7963	44 19 49 29
7964	20 30 15 18
7965	37 31 19 27
7966	11 20 50 29
7967	26 5 11 13
7968	1 34 13 27
7969	41 24 44 21
7970	42 35 26 10
7971	17 48 19 37
7972	49 40 24 46
7973	22 10 30 47
7974	5 14 40 48
7975	13 23 4 32
7976	15 2 27 44
7977	4 18 40 12
7978	5 8 19 33
7979	10 37 48 1
7980	49 26 25 4
7981	40 37 18 16
7982	25 4 23 20
7983	49 43 4 2
7984	21 5 17 7
7985	18 22 6 43
7986	5 2 42 8
7987	15 17 6 34
7988	43 17 12 16
7989	47 34 19 44
7990	32 18 2 23
7991	6 29 22 16
7992	11 9 44 41
7993	7 48 10 32
7994	34 1 6 24
7995	9 26 45 41
7996	42 37 3 26
7997	27 34 23 28
7998	20 3 10 26
7999	2 27 28 19
8000	24 16 42 35
8001	1 46 12 10
8002	8 45 19 23
8003	44 13 34 23
8004	10 37 30 47
8005	31 21 19 26
8006	46 38 17 48
8007	48 32 12 38
8008	6 50 24 17
8009	28 23 14 10
8010	24 3 42 2
8011	21 31 4 26
8012	10 38 50 25
8013	44 36 39 40
8014	20 17 30 25
8015	25 13 7 43
8016	46 24 4 49
8017	15 38 31 34
8018	16 49 24 21
8019	30 20 31 10
8020	45 18 39 33
8021	47 13 22 7
8022	8 20 5 43
8023	28 3 49 6
8024	48 40 9 5
8025	44 23 22 16
8026	18 5 24 21
8027	5 47 4 15
8028	22 19 25 41
8029	28 22 7 18
8030	19 29 11 18
8031	10 14 45 49
8032	10 37 17 8
8033	20 27 39 19
8034	22 41 39 1
8035	23 40 27 47
8036	8 40 20 33
8037	29 14 31 46
8038	26 39 17 4
8039	46 37 17 34
8040	32 28 26 13
8041	30 20 38 1
8042	22 33 41 45
8043	28 30 48 29
8044	35 1 4 32
8045	14 5 46 40
8046	24 4 31 6
8047	10 11 33 27
8048	12 6 48 15
8049	41 7 9 12
8050	40 17 33 50
8051	36 44 40 15
8052	37 16 2 25
8053	19 24 49 1
8054	23 44 49 42
8055	12 37 18 25
8056	41 3 14 34
8057	29 15 24 14
8058	37 43 38 33
8059	2 48 42 26
8060	42 43 12 45
8061	9 10 34 50
8062	2 48 49 46
8063	41 45 7 44
8064	35 17 13 18
8065	21 7 34 30
8066	33 23 26 14
8067	14 3 39 46
8068	14 24 19 45
8069	3 28 12 33
8070	42 16 32 2
8071	11 6 32 27
8072	11 10 17 33
8073	13 6 43 19
8074	10 42 49 8
8075	38 3 17 34
8076	7 30 37 17
8077	6 13 7 37
8078	16 50 49 36
8079	10 50 35 46
8080	19 27 47 12
8081	3 23 46 5
8082	33 39 7 3
8083	1 34 13 10
8084	10 18 1 33
8085	42 27 25 35
8086	39 48 41 50
8087	25 27 35 45
8088	21 30 34 46
8089	50 4 37 25
8090	2 3 33 43
8091	49 44 16 11
8092	38 45 5 37
8093	30 39 48 23
8094	12 40 46 4
8095	18 27 15 50
8096	8 47 21 28
8097	28 36 24 47
8098	29 46 44 32
8099	25 32 2 14
8100	18 7 39 35
8101	30 38 46 47
8102	5 4 3 50
8103	31 24 13 17
8104	14 10 12 37
8105	3 39 35 49
8106	49 35 19 33
8107	9 2 26 33
8108	44 12 39 14
8109	31 15 46 17
8110	11 44 40 17
8111	23 3 37 20
8112	25 11 2 9
8113	20 1 17 38
8114	21 39 9 22
8115	26 7 27 40
8116	8 25 24 12
8117	29 28 23 25
8118	17 41 48 47
8119	19 7 13 3
8120	36 27 44 41
8121	18 30 32 33
8122	49 31 14 43
8123	35 5 13 19
8124	31 7 21 43
8125	38 19 48 3
8126	35 44 24 46
8127	14 23 42 15
8128	14 39 25 13
8129	9 21 16 20
8130	17 26 33 45
8131	48 29 38 7
8132	50 32 21 3
8133	23 29 18 25
8134	45 31 12 28
8135	33 24 42 23
8136	27 37 39 3
8137	44 9 12 28
8138	45 1 38 31
8139	22 15 23 18
8140	32 34 36 38
8141	44 39 21 40
8142	26 48 8 10
8143	21 3 26 27
8144	27 1 29 13
8145	32 13 14 7
8146	19 29 32 50
8147	3 46 8 36
8148	16 11 34 21
8149	50 17 46 33
8150	48 24 8 14
8151	21 33 32 39
8152	16 4 49 3
8153	10 18 31 2
8154	9 23 20 4
8155	34 28 42 16
8156	24 2 7 46
8157	38 30 10 27
8158	26 30 25 37
8159	15 7 28 44
8160	42 45 3 24
8161	3 29 30 12
8162	21 50 4 13
8163	16 10 18 24
8164	9 35 29 41
8165	39 40 50 25
8166	4 34 14 35
8167	7 11 6 31
8168	29 6 10 48
8169	29 9 1 46
8170	1 13 36 6
8171	38 42 50 9
8172	35 9 5 12
8173	21 39 26 46
8174	33 5 43 15
8175	28 21 12 19
8176	7 19 29 46
8177	2 29 43 39
8178	30 10 42 6
8179	13 43 35 14
8180	19 18 6 1
8181	1 35 6 31
8182	23 46 12 3
8183	44 24 36 12
8184	4 24 32 16
8185	46 29 2 18
8186	10 18 46 39
8187	29 16 42 25
8188	15 38 45 35
8189	6 38 3 7
8190	36 44 18 24
8191	40 1 20 31
8192	22 8 2 4
8193	48 49 11 24
8194	48 21 1 5
8195	38 25 41 42
8196	38 24 33 49
8197	7 20 28 13
8198	20 11 38 14
8199	2 32 27 22
8200	29 32 26 20
8201	36 9 27 41
8202	23 21 11 5
8203	34 41 49 5
8204	10 17 49 16
8205	40 20 4 28
8206	36 14 28 20
8207	21 31 39 33
8208	13 40 25 7
8209	24 18 36 22
8210	42 8 27 29
8211	50 7 22 17
8212	30 35 16 6
8213	29 8 25 20
8214	12 38 30 43
8215	2 6 33 4
8216	44 33 20 11
8217	19 30 40 29
8218	46 15 21 42
8219	38 36 11 42
8220	9 4 5 10
8221	17 14 10 34
8222	13 43 38 19
8223	34 28 9 27
8224	20 22 8 41
8225	31 14 27 11
8226	23 40 10 8
8227	2 21 31 34
8228	33 44 20 40
8229	47 26 35 1
8230	23 15 1 8
8231	14 3 22 16
8232	17 3 1 38
8233	3 21 9 49
8234	21 39 49 3
8235	9 13 48 1
8236	39 41 30 46
8237	45 37 47 27
8238	46 44 40 3
8239	35 31 13 17
8240	34 4 7 3
8241	18 45 30 43
8242	11 33 42 1
8243	34 8 48 44
8244	6 24 20 5
8245	34 2 17 40
8246	50 37 2 36
8247	41 36 46 48
8248	19 47 4 45
8249	26 47 25 48
8250	19 20 49 42
8251	25 46 23 27
8252	21 45 29 18
8253	30 27 46 26
8254	19 16 48 49
8255	40 15 13 4
8256	5 22 45 46
8257	22 14 2 4
8258	6 28 11 29
8259	25 45 13 10
8260	16 7 45 28
8261	1 9 12 38
8262	8 14 30 49
8263	13 31 50 33
8264	48 1 49 22
8265	11 6 9 43
8266	26 4 2 11
8267	18 3 8 41
8268	34 4 50 29
8269	46 39 16 2
8270	20 47 6 49
8271	14 39 49 32
8272	10 35 32 19
8273	11 20 41 13
8274	39 23 43 11
8275	8 45 25 18
8276	36 50 49 23
8277	11 17 13 50
8278	17 25 16 27
8279	36 16 26 45
8280	38 48 30 47
8281	5 37 6 7
8282	33 14 31 41
8283	12 49 50 9
8284	15 22 13 18
8285	29 22 47 30
8286	21 43 16 11
8287	41 26 32 5
8288	32 34 47 42
8289	14 50 49 22
8290	50 44 24 21
8291	25 16 34 35
8292	28 22 4 26
8293	15 35 29 4
8294	45 31 17 43
8295	42 20 16 10
8296	46 6 13 19
8297	11 4 47 18
8298	22 46 24 40
8299	21 9 1 19
8300	43 17 20 5
8301	46 16 32 35
8302	10 46 15 26
8303	42 40 3 19
8304	35 9 2 37
8305	28 44 27 50
8306	8 5 35 39
8307	45 34 33 48
8308	46 4 7 24
8309	37 47 31 46
8310	23 4 41 35
8311	9 30 46 21
8312	14 30 50 31
8313	37 8 18 25
8314	17 13 50 39
8315	19 31 46 47
8316	14 16 50 42
8317	44 18 12 11
8318	33 10 12 14
8319	45 32 30 8
8320	9 37 12 6
8321	14 49 50 24
8322	10 16 38 2
8323	28 46 33 40
8324	23 15 39 17
8325	33 10 31 16
8326	33 31 19 9
8327	12 24 39 38
8328	34 22 2 27
8329	9 27 34 42
8330	2 48 16 24
8331	34 17 48 45
8332	22 36 35 5
8333	40 33 50 13
8334	35 24 12 14
8335	1 50 25 6
8336	13 46 7 49
8337	36 38 39 5
8338	40 9 38 23
8339	30 4 23 50
8340	12 8 27 1
8341	1 18 12 27
8342	16 47 45 4
8343	2 38 16 47
8344	45 40 9 38
8345	25 49 18 32
8346	30 36 8 35
8347	3 24 46 10
8348	2 50 22 48
8349	1 42 37 35
8350	30 33 4 17
8351	36 50 6 2
8352	49 37 46 11
8353	23 19 30 33
8354	29 36 17 27
8355	34 2 17 24
8356	8 39 18 32
8357	39 18 21 49
8358	25 38 42 27
8359	46 50 15 12
8360	18 45 40 1
8361	18 11 38 4
8362	5 49 35 9
8363	34 12 15 10
8364	2 25 38 41
8365	34 14 10 13
8366	14 21 9 43
8367	15 38 42 14
8368	34 22 45 25
8369	8 29 42 15
8370	5 40 22 44
8371	29 42 5 36
8372	27 29 44 32
8373	37 42 44 35
8374	14 28 22 48
8375	10 16 32 23
8376	12 46 16 17
8377	47 4 36 22
8378	29 48 14 30
8379	47 30 11 16
8380	14 44 38 40
8381	1 43 18 17
8382	25 43 19 36
8383	40 17 2 42
8384	37 24 48 4
8385	18 16 43 34
8386	29 11 21 4
8387	2 36 33 31
8388	44 28 50 15
8389	49 4 24 8
8390	25 4 18 19
8391	8 36 3 7
8392	23 41 7 43
8393	35 41 6 43
8394	8 36 28 10
8395	50 30 39 44
8396	2 7 44 26
8397	35 11 34 25
8398	36 17 34 12
8399	7 31 10 19
8400	29 33 46 39
8401	18 34 10 33
8402	23 7 11 48
8403	21 31 10 16
8404	29 40 26 6
8405	44 46 38 16
8406	44 40 8 12
8407	41 11 15 20
8408	29 40 20 47
8409	45 24 21 3
8410	48 12 3 37
8411	48 45 39 14
8412	45 34 1 6
8413	31 37 7 22
8414	49 25 46 9
8415	34 32 23 22
8416	44 3 35 18
8417	36 17 15 49
8418	48 8 25 1
8419	11 21 37 19
8420	46 48 27 31
8421	34 44 3 5
8422	35 12 29 46
8423	32 15 23 34
8424	5 47 3 32
8425	37 8 12 43
8426	29 40 3 35
8427	5 3 25 46
8428	29 45 3 46
8429	35 21 11 24
8430	13 26 44 12
8431	26 45 34 15
8432	35 28 34 24
8433	18 30 43 10
8434	38 9 19 43
8435	26 39 22 36
8436	26 22 9 39
8437	7 16 9 27
8438	25 24 19 3
8439	10 40 5 17
8440	19 7 36 15
8441	6 8 12 13
8442	22 24 47 50
8443	30 18 31 11
8444	49 2 31 44
8445	2 17 40 49
8446	31 39 37 47
8447	26 36 39 7
8448	23 25 16 20
8449	6 23 35 43
8450	8 7 38 5
8451	50 29 37 1
8452	7 9 29 22
8453	10 7 27 24
8454	3 19 12 7
8455	15 4 50 6
8456	4 24 25 6
8457	22 3 8 23
8458	47 7 12 13
8459	11 22 8 2
8460	20 15 34 4
8461	3 36 5 31
8462	12 17 3 30
8463	25 14 45 7
8464	47 33 7 27
8465	46 49 43 27
8466	18 26 7 35
8467	16 41 17 2
8468	46 14 15 35
8469	7 31 50 48
8470	24 38 42 11
8471	19 32 31 18
8472	7 36 49 31
8473	12 17 49 38
8474	28 41 11 16
8475	31 4 1 10
8476	15 21 43 2
8477	28 8 48 1
8478	39 40 18 44
8479	32 14 20 3
8480	14 37 1 32
8481	21 34 1 40
8482	44 3 36 15
8483	30 36 25 37
8484	37 1 6 43
8485	7 47 24 36
8486	31 30 28 25
8487	11 30 47 19
8488	24 4 16 6
8489	17 44 32 42
8490	29 17 32 35
8491	33 47 8 37
8492	40 31 25 38
8493	7 20 48 27
8494	18 27 46 3
8495	21 33 47 29
8496	29 20 25 36
8497	17 44 31 27
8498	2 25 37 18
8499	44 19 39 13
8500	42 30 34 28
8501	2 48 21 34
8502	45 25 4 11
8503	36 27 23 16
8504	46 4 8 16
8505	1 45 34 7
8506	3 41 10 50
8507	41 38 42 6
8508	4 25 32 11
8509	18 40 20 48
8510	27 33 49 13
8511	25 19 17 31
8512	16 1 6 13
8513	3 13 4 46
8514	13 15 21 50
8515	2 45 40 15
8516	50 48 31 13
8517	17 7 18 1
8518	39 35 42 33
8519	25 12 30 19
8520	18 15 42 23
8521	11 34 35 17
8522	5 29 43 47
8523	20 35 18 33
8524	47 16 30 3
8525	20 6 50 16
8526	30 18 25 13
8527	9 49 31 44
8528	27 11 38 4
8529	16 1 13 45
8530	22 7 47 28
8531	35 32 38 25
8532	26 25 46 31
8533	35 49 13 34
8534	33 37 16 12
8535	23 1 41 29
8536	42 17 28 49
8537	8 26 9 32
8538	11 10 38 19
8539	30 27 18 44
8540	35 39 47 24
8541	25 36 33 11
8542	39 9 38 33
8543	12 37 31 32
8544	4 29 8 38
8545	18 30 38 1
8546	39 36 45 38
8547	22 3 42 6
8548	11 19 49 35
8549	26 43 27 10
8550	36 44 28 9
8551	41 19 37 48
8552	40 4 43 8
8553	41 13 42 47
8554	29 12 8 3
8555	8 47 11 43
8556	33 25 26 32
8557	43 17 2 49
8558	5 18 22 16
8559	35 45 28 50
8560	47 30 24 45
8561	38 12 39 30
8562	4 33 22 45
8563	26 24 10 18
8564	32 29 8 34
8565	14 21 24 33
8566	4 36 8 28
8567	11 32 14 24
8568	4 6 7 11
8569	49 44 21 40
8570	21 9 6 13
8571	36 9 5 29
8572	17 6 11 39
8573	29 36 48 1
8574	10 38 7 17
8575	32 7 33 35
8576	23 24 44 29
8577	42 20 34 27
8578	3 24 4 17
8579	17 20 11 10
8580	43 17 49 21
8581	24 21 23 8
8582	9 37 39 1
8583	40 33 27 38
8584	41 10 32 23
8585	6 39 26 16
8586	25 49 9 5
8587	35 15 23 50
8588	13 8 45 35
8589	4 25 29 39
8590	12 41 22 25
8591	34 8 28 14
8592	16 14 17 23
8593	49 24 43 7
8594	48 42 9 30
8595	35 44 29 17
8596	43 22 50 29
8597	50 2 4 7
8598	50 19 14 20
8599	24 12 3 42
8600	19 17 13 44
8601	21 7 14 34
8602	37 39 10 21
8603	38 25 16 26
8604	27 18 25 38
8605	10 48 41 17
8606	36 9 12 8
8607	22 18 33 13
8608	38 4 33 5
8609	28 2 41 20
8610	13 43 2 5
8611	32 5 26 35
8612	38 8 19 22
8613	10 31 15 28
8614	12 3 24 37
8615	29 3 39 49
8616	17 9 2 49
8617	42 2 27 45
8618	5 10 45 15
8619	40 10 26 23
8620	50 17 6 38
8621	32 20 39 7
8622	16 24 27 29
8623	19 36 3 6
8624	27 18 37 46
8625	15 6 23 44
8626	38 48 29 15
8627	38 18 22 35
8628	3 25 42 37
8629	3 44 14 6
8630	49 41 44 1
8631	46 12 23 42
8632	3 35 15 45
8633	24 16 48 6
8634	19 49 35 26
8635	37 35 12 40
8636	34 31 15 27
8637	31 29 12 36
8638	20 11 30 36
8639	40 36 41 6
8640	10 43 21 37
8641	23 32 7 28
8642	6 14 43 45
8643	35 50 22 2
8644	35 26 47 11
8645	1 4 9 32
8646	20 8 46 23
8647	34 21 29 30
8648	18 13 46 32
8649	9 27 26 45
8650	7 40 9 6
8651	20 41 49 45
8652	35 7 24 40
8653	25 13 4 32
8654	8 42 39 21
8655	13 11 26 34
8656	50 31 34 42
8657	1 43 37 40
8658	42 23 6 20
8659	40 49 43 2
8660	21 27 26 3
8661	10 5 20 17
8662	30 40 17 35
8663	35 23 30 17
8664	29 3 37 6
8665	16 46 20 33
8666	30 31 3 7
8667	37 12 9 21
8668	1 31 17 27
8669	50 32 33 23
8670	32 36 44 43
8671	29 6 10 24
8672	13 46 9 42
8673	31 32 26 20
8674	36 44 37 30
8675	14 44 1 27
8676	32 40 44 2
8677	2 3 50 41
8678	47 45 46 22
8679	39 13 42 14
8680	15 2 7 36
8681	34 21 13 2
8682	46 50 9 7
8683	8 17 34 29
8684	34 18 49 21
8685	38 44 10 9
8686	21 4 41 15
8687	42 4 6 27
8688	41 28 50 24
8689	6 26 22 10
8690	4 5 16 15
8691	45 44 37 23
8692	44 34 42 29
8693	19 41 20 15
8694	40 26 16 15
8695	27 2 32 12
8696	26 3 27 2
8697	35 27 32 6
8698	40 50 29 5
8699	18 9 28 29
8700	9 46 8 11
8701	2 33 35 5
8702	39 33 26 5
8703	4 12 5 27
8704	29 10 45 48
8705	28 23 24 8
8706	39 44 41 37
8707	25 13 28 19
8708	7 1 26 12
8709	25 8 32 43
8710	24 17 26 43
8711	50 34 37 48
8712	10 7 43 2
8713	26 37 20 2
8714	42 43 50 1
8715	40 12 20 32
8716	23 47 4 49
8717	16 44 28 8
8718	26 29 8 14
8719	44 29 21 1
8720	42 28 39 20
8721	47 44 31 40
8722	42 23 11 36
8723	28 6 32 18
8724	43 4 48 19
8725	48 13 19 10
8726	22 33 20 8
8727	31 25 12 21
8728	42 21 25 14
8729	20 37 29 8
8730	7 6 43 24
8731	12 3 25 30
8732	2 6 9 21
8733	1 40 20 26
8734	21 50 47 8
8735	46 7 50 14
8736	8 15 3 9
8737	35 20 45 2
8738	35 7 43 1
8739	17 1 25 30
8740	15 44 39 26
8741	15 28 5 17
8742	50 34 19 9
8743	4 42 50 39
8744	21 9 32 50
8745	11 42 18 25
8746	9 16 5 40
8747	50 37 26 34
8748	37 34 45 7
8749	50 4 16 39
8750	21 9 22 45
8751	44 34 10 38
8752	31 41 6 39
8753	28 45 39 41
8754	6 38 36 29
8755	21 29 14 27
8756	14 10 13 48
8757	7 29 31 18
8758	31 42 23 48
8759	22 27 15 12
8760	36 8 23 34
8761	48 40 33 2
8762	1 25 15 16
8763	38 23 12 16
8764	30 33 5 15
8765	10 42 18 47
8766	37 1 50 43
8767	20 25 43 9
8768	50 8 40 48
8769	34 44 45 35
8770	3 46 4 47
8771	43 29 47 34
8772	19 16 26 37
8773	9 3 16 41
8774	47 19 42 25
8775	37 43 17 38
8776	10 19 2 50
8777	15 48 34 41
8778	37 8 17 49
8779	43 49 10 39
8780	33 48 46 7
8781	19 21 45 40
8782	20 34 50 46
8783	49 44 43 11
8784	42 13 31 19
8785	28 49 47 37
8786	24 17 44 2
8787	22 34 10 2
8788	48 3 28 5
8789	16 32 31 8
8790	48 45 5 35
8791	15 30 16 1
8792	2 35 11 37
8793	47 10 9 48
8794	23 25 6 8
8795	27 38 28 37
8796	12 44 2 45
8797	15 40 30 20
8798	25 14 3 20
8799	24 42 47 48
8800	6 33 2 8
8801	46 40 15 34
8802	30 50 23 3
8803	3 9 26 44
8804	31 29 47 50
8805	2 46 22 33
8806	9 12 6 11
8807	20 40 38 2
8808	28 45 30 44
8809	6 35 46 48
8810	27 36 28 5
8811	10 33 50 11
8812	28 6 11 46
8813	21 44 41 45
8814	28 47 2 25
8815	33 35 41 37
8816	5 24 13 18
8817	6 8 22 1
8818	12 45 2 43
8819	10 13 47 19
8820	5 26 18 36
8821	25 37 16 49
8822	25 1 32 34
8823	50 22 36 28
8824	18 21 40 10
8825	4 14 39 35
8826	38 48 30 1
8827	43 18 24 33
8828	49 5 11 35
8829	5 42 29 15
8830	12 49 3 15
8831	37 21 29 15
8832	38 40 43 5
8833	34 11 27 3
8834	43 3 6 15
8835	46 30 40 47
8836	40 15 29 21
8837	40 36 41 45
8838	16 45 49 28
8839	35 15 7 16
8840	27 8 2 46
8841	38 10 11 1
8842	9 21 16 11
8843	42 8 36 33
8844	40 9 39 29
8845	22 27 6 12
8846	25 9 46 10
8847	19 50 22 15
8848	5 44 2 17
8849	39 42 37 28
8850	7 14 50 8
8851	26 20 10 3
8852	24 21 13 22
8853	43 10 8 37
8854	35 33 10 22
8855	7 2 35 1
8856	24 40 1 18
8857	23 17 48 38
8858	1 15 7 32
8859	42 30 35 2
8860	27 24 33 6
8861	6 23 15 22
8862	12 28 2 48
8863	37 26 30 15
8864	7 11 27 32
8865	9 44 19 11
8866	27 46 32 12
8867	47 49 14 21
8868	40 34 12 21
8869	30 43 32 14
8870	31 23 42 7
8871	26 47 3 36
8872	6 44 50 28
8873	23 4 30 19
8874	44 25 41 21
8875	1 40 46 18
8876	47 4 49 7
8877	6 35 8 5
8878	29 13 45 16
8879	40 37 43 48
8880	12 46 45 5
8881	10 37 40 11
8882	1 25 22 39
8883	34 30 22 31
8884	46 3 26 48
8885	11 13 3 5
8886	20 38 46 25
8887	4 39 27 18
8888	48 19 43 38
8889	35 13 14 34
8890	49 34 29 12
8891	25 37 31 20
8892	34 10 37 2
8893	42 3 33 20
8894	50 44 37 24
8895	10 17 45 40
8896	44 14 40 46
8897	27 34 33 30
8898	26 7 18 22
8899	16 6 15 36
8900	13 2 8 15
8901	18 5 3 25
8902	22 5 19 7
8903	42 34 29 50
8904	12 5 39 46
8905	36 49 6 37
8906	9 11 39 25
8907	47 15 35 13
8908	39 14 21 4
8909	4 34 15 47
8910	18 23 48 28
8911	31 23 20 38
8912	32 48 23 20
8913	7 47 37 22
8914	45 28 43 35
8915	36 47 7 25
8916	37 47 42 4
8917	25 16 46 28
8918	41 15 12 4
8919	26 29 1 24
8920	11 1 16 20
8921	5 47 37 26
8922	13 15 35 16
8923	31 7 45 8
8924	4 32 50 43
8925	43 8 29 9
8926	22 18 19 29
8927	11 10 47 29
8928	29 18 50 47
8929	48 50 15 21
8930	24 50 14 19
8931	50 19 28 9
8932	29 9 11 15
8933	7 36 24 44
8934	2 4 34 12
8935	30 7 42 39
8936	29 2 28 18
8937	35 34 47 38
8938	16 31 33 43
8939	13 38 44 24
8940	11 47 27 26
8941	3 19 27 33
8942	4 14 18 27
8943	34 10 31 37
8944	44 41 46 25
8945	33 4 26 34
8946	50 26 7 37
8947	38 48 2 34
8948	31 32 18 1
8949	27 29 14 9
8950	18 47 48 10
8951	29 25 23 48
8952	13 33 18 27
8953	42 39 45 40
8954	19 26 46 15
8955	5 32 43 19
8956	5 24 20 13
8957	34 6 41 15
8958	24 19 1 22
8959	27 30 8 38
8960	35 47 34 48
8961	18 5 36 11
8962	38 46 1 20
8963	15 42 2 40
8964	12 15 27 41
8965	1 49 35 33
8966	37 45 16 6
8967	40 44 36 15
8968	10 42 33 26
8969	46 33 36 35
8970	11 30 17 26
8971	44 48 46 6
8972	30 42 2 24
8973	27 19 50 4
8974	42 2 23 13
8975	38 42 25 32
8976	29 18 16 36
8977	11 14 2 3
8978	5 49 3 34
8979	41 38 23 25
8980	47 27 28 24
8981	11 50 2 23
8982	19 17 26 38
8983	46 35 9 47
8984	33 45 10 41
8985	50 40 28 17
8986	3 46 7 41
8987	34 42 1 36
8988	39 5 21 15
8989	47 7 21 44
8990	9 41 16 10
8991	21 38 41 20
8992	33 31 16 23
8993	26 5 34 27
8994	9 14 8 27
8995	34 50 21 25
8996	18 3 27 30
8997	21 12 5 49
8998	15 18 29 10
8999	7 45 24 33
9000	38 26 36 41
9001	24 35 48 44
9002	45 30 23 7
9003	2 41 34 25
9004	6 19 33 24
9005	34 12 25 23
9006	25 33 10 23
9007	45 41 21 34
9008	39 21 47 41
9009	17 33 42 9
9010	16 13 4 22
9011	40 12 49 44
9012	27 21 26 48
9013	26 37 21 15
9014	25 23 12 44
9015	19 22 47 13
9016	1 23 34 25
9017	26 19 44 20
9018	2 32 49 21
9019	23 37 40 9
9020	43 20 37 13
9021	14 45 6 34
9022	31 20 49 32
9023	22 49 16 18
9024	23 22 4 9
9025	25 42 47 12
9026	21 30 22 37
9027	43 36 22 27
9028	40 10 35 9
9029	4 15 8 48
9030	35 30 42 25
9031	7 46 6 12
9032	35 44 43 18
9033	29 3 26 45
9034	36 20 38 22
9035	41 18 19 10
9036	9 37 36 24
9037	18 7 25 35
9038	15 10 28 23
9039	25 23 15 17
9040	27 44 14 3
9041	13 19 31 26
9042	30 48 14 7
9043	15 26 7 10
9044	47 39 8 29
9045	3 46 15 45
9046	36 4 26 34
9047	5 7 42 1
9048	50 10 41 35
9049	24 9 45 41
9050	34 33 38 29
9051	3 25 46 38
9052	8 26 14 25
9053	45 23 29 34
9054	48 27 23 32
9055	21 31 14 26
9056	12 46 33 7
9057	24 11 20 48
9058	43 40 35 42
9059	5 41 36 17
9060	19 46 34 35
9061	38 29 3 39
9062	10 49 30 6
9063	36 41 1 24
9064	7 6 30 29
9065	24 22 14 26
9066	1 47 15 23
9067	16 48 41 26
9068	33 12 38 35
9069	14 41 30 3
9070	43 48 21 39
9071	39 10 1 8
9072	17 46 6 45
9073	41 16 40 26
9074	38 32 18 42
9075	9 7 30 12
9076	30 34 50 32
9077	6 43 24 5
9078	6 38 26 27
9079	17 28 15 9
9080	45 20 30 13
9081	24 1 21 43
9082	25 40 38 32
9083	48 34 19 21
9084	6 3 49 50
9085	49 1 42 9
9086	16 26 44 39
9087	17 10 47 13
9088	33 15 27 38
9089	20 48 50 2
9090	34 41 20 10
9091	11 3 10 20
9092	18 14 8 29
9093	28 9 29 25
9094	31 14 12 8
9095	47 39 24 35
9096	25 49 10 12
9097	21 40 33 36
9098	1 7 43 30
9099	42 20 40 23
9100	12 25 17 20
9101	44 45 37 18
9102	27 17 22 26
9103	34 46 30 10
9104	18 28 46 1
9105	48 17 1 9
9106	17 45 36 35
9107	35 39 11 17
9108	37 47 38 33
9109	16 44 3 25
9110	18 38 16 23
9111	46 48 16 7
9112	7 30 42 20
9113	11 30 37 40
9114	30 18 48 5
9115	46 35 19 33
9116	42 8 45 3
9117	25 2 9 43
9118	29 12 2 11
9119	41 34 44 35
9120	22 4 42 27
9121	17 23 18 29
9122	27 50 47 1
9123	6 30 44 20
9124	19 7 15 4
9125	36 22 44 28
9126	4 34 41 46
9127	1 17 12 22
9128	31 4 9 21
9129	32 29 19 46
9130	48 19 29 41
9131	4 31 47 19
9132	38 29 10 25
9133	6 32 33 1
9134	12 28 5 22
9135	6 27 42 10
9136	27 21 30 12
9137	18 31 26 20
9138	12 45 2 34
9139	12 45 13 28
9140	26 36 6 12
9141	49 20 41 8
9142	41 10 35 18
9143	26 8 6 34
9144	13 50 11 38
9145	15 46 33 30
9146	14 28 30 29
9147	40 11 43 18
9148	31 6 42 7
9149	37 9 16 14
9150	11 23 40 34
9151	36 7 18 3
9152	4 43 15 34
9153	17 30 43 9
9154	7 17 49 3
9155	1 39 5 43
9156	15 35 34 9
9157	21 23 37 10
9158	26 35 1 48
9159	49 34 30 45
9160	31 1 22 47
9161	9 18 32 46
9162	35 13 42 43
9163	16 37 30 40
9164	37 41 15 21
9165	30 37 27 19
9166	40 6 32 18
9167	17 8 31 21
9168	45 42 50 47
9169	35 42 15 18
9170	27 11 33 31
9171	26 5 38 25
9172	44 33 4 24
9173	21 7 4 10
9174	36 7 48 1
9175	14 27 28 37
9176	21 16 25 30
9177	47 36 40 13
9178	43 38 39 48
9179	4 41 6 21
9180	12 39 43 2
9181	45 14 10 29
9182	26 12 41 42
9183	17 29 10 39
9184	25 9 34 4
9185	31 34 41 33
9186	22 6 39 48
9187	49 1 12 23
9188	14 45 32 12
9189	9 47 45 11
9190	50 39 44 36
9191	12 7 6 34
9192	35 44 29 40
9193	47 27 43 39
9194	19 43 41 49
9195	30 17 3 15
9196	4 17 18 26
9197	47 28 3 8
9198	1 10 43 6
9199	32 3 24 27
9200	16 47 13 21
9201	50 12 39 30
9202	9 6 28 34
9203	42 8 27 9
9204	40 2 13 35
9205	16 25 9 43
9206	41 11 16 34
9207	12 17 47 37
9208	20 18 38 17
9209	14 20 15 33
9210	17 29 18 50
9211	3 23 15 37
9212	44 2 22 8
9213	27 11 1 5
9214	8 47 31 43
9215	29 10 28 13
9216	29 43 31 1
9217	7 21 29 37
9218	49 31 26 21
9219	29 38 41 49
9220	16 3 26 42
9221	25 9 46 13
9222	41 18 47 7
9223	20 22 13 16
9224	25 27 34 10
9225	21 7 14 16
9226	7 18 45 27
9227	23 39 36 48
9228	1 31 9 34
9229	45 48 22 3
9230	49 48 23 15
9231	45 35 43 3
9232	13 48 37 23
9233	37 50 49 32
9234	4 14 3 37
9235	15 8 18 43
9236	42 27 45 50
9237	24 17 14 35
9238	34 48 43 25
9239	32 17 13 20
9240	35 24 44 29
9241	25 3 9 49
9242	38 42 15 12
9243	21 14 19 49
9244	37 50 7 30
9245	3 31 21 33
9246	2 22 47 48
9247	8 48 9 47
9248	29 38 24 13
9249	19 43 14 41
9250	22 32 42 45
9251	12 24 26 15
9252	28 16 40 47
9253	36 48 5 17
9254	21 20 11 37
9255	22 10 44 27
9256	40 31 6 38
9257	42 9 33 28
9258	42 41 17 48
9259	19 33 15 31
9260	6 35 25 50
9261	35 30 17 25
9262	39 18 16 12
9263	18 49 42 41
9264	47 16 18 30
9265	19 16 46 42
9266	45 16 31 30
9267	38 13 26 5
9268	2 31 22 26
9269	6 9 12 2
9270	41 12 11 4
9271	43 14 12 9
9272	25 33 24 42
9273	5 35 15 18
9274	29 21 34 1
9275	22 7 24 38
9276	30 37 24 5
9277	35 18 9 31
9278	4 22 37 7
9279	11 16 26 32
9280	37 10 47 29
9281	37 46 34 2
9282	41 6 45 24
9283	41 6 5 2
9284	37 28 43 25
9285	36 2 50 34
9286	34 45 33 50
9287	49 42 30 8
9288	20 7 29 6
9289	11 7 17 28
9290	47 24 9 26
9291	26 43 12 38
9292	14 17 27 34
9293	18 39 17 4
9294	6 42 19 32
9295	16 1 50 29
9296	30 33 40 29
9297	46 13 34 39
9298	39 15 8 4
9299	40 34 25 9
9300	30 21 24 32
9301	5 46 31 38
9302	37 28 21 10
9303	46 33 32 15
9304	48 29 14 15
9305	18 30 19 34
9306	35 27 1 9
9307	40 36 10 42
9308	36 21 9 47
9309	9 47 21 39
9310	25 13 12 9
9311	20 11 22 43
9312	4 15 28 33
9313	13 30 12 31
9314	30 32 49 9
9315	11 35 10 28
9316	19 37 43 1
9317	39 48 47 15
9318	29 2 13 18
9319	45 26 36 19
9320	24 15 27 49
9321	9 28 21 38
9322	48 11 12 34
9323	7 46 22 36
9324	22 50 9 20
9325	35 42 29 36
9326	28 6 4 19
9327	30 18 1 20
9328	43 21 31 35
9329	21 16 30 15
9330	39 22 45 16
9331	35 38 26 42
9332	25 9 31 18
9333	33 9 11 7
9334	18 15 20 21
9335	23 40 24 16
9336	35 37 21 5
9337	19 43 14 24
9338	10 31 26 12
9339	12 27 41 19
9340	30 39 26 34
9341	9 44 14 17
9342	35 33 14 36
9343	45 35 34 14
9344	41 24 36 3
9345	4 5 7 32
9346	18 45 16 3
9347	41 37 40 14
9348	45 8 6 21
9349	25 38 17 8
9350	29 41 18 34
9351	39 47 45 38
9352	7 5 37 25
9353	37 5 20 17
9354	39 26 1 31
9355	1 35 17 38
9356	26 37 45 48
9357	23 14 35 15
9358	41 25 29 24
9359	10 43 14 19
9360	29 25 2 15
9361	46 37 31 48
9362	12 24 50 18
9363	33 14 32 12
9364	35 47 22 7
9365	29 27 15 49
9366	31 24 32 19
9367	35 48 18 26
9368	27 1 17 2
9369	22 43 46 20
9370	40 33 48 31
9371	35 49 25 26
9372	49 25 35 13
9373	6 7 19 40
9374	50 30 20 17
9375	14 43 44 21
9376	13 27 31 7
9377	17 7 48 1
9378	5 39 8 2
9379	45 31 5 17
9380	26 41 19 34
9381	33 39 6 49
9382	38 44 20 12
9383	31 36 34 16
9384	11 45 15 4
9385	5 45 21 40
9386	11 32 37 49
9387	23 7 27 8
9388	50 17 28 37
9389	41 26 31 29
9390	17 39 41 6
9391	48 25 33 8
9392	11 9 31 18
9393	9 34 5 3
9394	12 42 6 35
9395	45 13 40 5
9396	4 13 31 10
9397	16 39 18 40
9398	36 25 12 48
9399	13 46 19 30
9400	2 12 17 38
9401	33 49 11 13
9402	3 13 21 6
9403	49 16 5 43
9404	4 16 10 5
9405	35 6 47 25
9406	49 38 6 23
9407	38 7 8 47
9408	1 31 46 38
9409	9 18 3 2
9410	11 34 42 21
9411	11 25 7 9
9412	27 36 50 9
9413	19 40 6 26
9414	21 27 14 12
9415	13 49 2 33
9416	42 26 4 23
9417	14 34 36 29
9418	1 23 9 14
9419	46 15 1 49
9420	18 5 32 13
9421	27 45 26 25
9422	6 30 17 50
9423	35 25 14 29
9424	34 35 20 31
9425	49 4 23 9
9426	24 38 35 27
9427	4 19 34 20
9428	5 25 30 27
9429	30 22 14 32
9430	24 42 20 30
9431	1 17 36 32
9432	8 31 2 46
9433	15 23 45 1
9434	36 33 8 34
9435	44 16 12 14
9436	18 16 33 4
9437	26 24 48 41
9438	50 40 11 16
9439	45 14 26 16
9440	18 44 33 27
9441	5 13 7 27
9442	40 1 50 22
9443	50 29 22 30
9444	30 43 42 15
9445	39 49 15 17
9446	20 37 31 18
9447	6 14 7 30
9448	2 12 32 46
9449	29 10 13 19
9450	12 14 5 24
9451	44 1 47 25
9452	39 1 17 32
9453	15 36 8 28
9454	41 16 42 50
9455	48 18 23 19
9456	4 5 8 45
9457	44 3 42 21
9458	15 10 4 11
9459	23 7 12 48
9460	21 28 4 19
9461	24 14 50 43
9462	44 20 12 24
9463	39 4 21 23
9464	49 8 26 47
9465	14 6 2 28
9466	26 2 49 29
9467	20 37 44 31
9468	10 46 32 45
9469	35 14 42 50
9470	14 22 19 15
9471	2 27 14 32
9472	5 7 34 46
9473	29 24 41 3
9474	41 30 3 22
9475	5 33 41 28
9476	37 40 26 1
9477	46 17 48 49
9478	48 14 40 34
9479	31 27 14 15
9480	32 6 9 42
9481	37 44 9 42
9482	8 26 42 18
9483	11 3 15 1
9484	5 26 22 8
9485	47 14 37 10
9486	15 3 39 41
9487	43 16 24 22
9488	23 8 22 50
9489	10 15 24 46
9490	34 26 2 21
9491	5 31 39 49
9492	29 44 27 14
9493	34 33 24 4
9494	44 12 48 26
9495	26 39 38 12
9496	30 41 49 15
9497	10 9 22 36
9498	16 18 47 17
9499	34 45 18 1
9500	20 49 18 22
9501	26 34 10 13
9502	15 4 14 6
9503	37 47 29 12
9504	43 27 1 28
9505	46 50 6 18
9506	22 44 26 3
9507	28 15 45 23
9508	42 24 17 38
9509	26 46 4 1
9510	47 35 6 45
9511	30 33 17 12
9512	24 7 15 33
9513	33 21 46 26
9514	3 41 15 10
9515	15 42 12 49
9516	15 32 35 2
9517	25 27 11 43
9518	15 30 45 11
9519	48 34 49 27
9520	44 12 46 37
9521	44 23 47 36
9522	35 39 40 20
9523	41 22 25 27
9524	5 15 2 3
9525	44 34 43 48
9526	36 10 5 40
9527	41 48 10 2
9528	6 30 17 5
9529	14 30 43 47
9530	2 10 37 33
9531	35 31 11 39
9532	36 29 17 22
9533	47 11 14 29
9534	5 10 3 32
9535	6 12 27 2
9536	46 37 34 13
9537	19 50 32 21
9538	11 19 33 6
9539	3 19 5 49
9540	4 5 41 6
9541	50 15 13 47
9542	14 5 24 49
9543	40 39 9 28
9544	39 20 49 37
9545	21 26 43 16
9546	37 36 43 32
9547	48 27 11 44
9548	12 29 23 16
9549	27 33 15 12
9550	48 47 45 2
9551	18 40 25 31
9552	37 46 34 45
9553	12 2 6 45
9554	19 32 18 43
9555	1 50 6 36
9556	8 30 46 23
9557	27 22 23 30
9558	17 33 27 15
9559	19 29 1 50
9560	48 13 34 1
9561	32 46 22 10
9562	28 11 44 46
9563	10 41 33 27
9564	37 34 22 38
9565	41 34 31 6
9566	2 20 23 47
9567	35 25 43 21
9568	40 16 22 24
9569	37 17 24 34
9570	45 46 21 38
9571	49 35 36 39
9572	28 2 45 21
9573	5 31 49 6
9574	43 44 20 30
9575	13 15 50 17
9576	33 42 24 9
9577	34 21 20 30
9578	47 37 10 13
9579	39 5 17 31
9580	46 32 4 19
9581	12 21 45 5
9582	28 35 33 36
9583	20 12 7 43
9584	7 23 8 29
9585	43 16 26 37
9586	42 44 10 40
9587	19 49 30 21
9588	38 19 36 24
9589	1 24 32 23
9590	5 49 12 22
9591	23 30 28 10
9592	23 40 30 3
9593	37 40 6 10
9594	25 34 36 47
9595	46 23 43 7
9596	9 25 14 35
9597	49 27 9 39
9598	41 22 24 43
9599	6 14 33 32
9600	26 28 8 5
9601	48 35 1 4
9602	12 9 48 50
9603	2 23 41 9
9604	28 43 9 23
9605	15 42 37 1
9606	22 25 10 7
9607	14 40 41 7
9608	3 50 47 44
9609	44 23 11 49
9610	5 20 1 32
9611	35 19 8 32
9612	3 30 39 25
9613	13 33 43 25
9614	39 25 13 1
9615	38 15 33 41
9616	15 45 25 5
9617	43 46 23 21
9618	17 42 37 9
9619	20 4 47 15
9620	31 26 50 33
9621	32 23 12 21
9622	46 19 32 33
9623	34 3 22 2
9624	37 11 27 46
9625	14 3 26 21
9626	36 25 2 30
9627	8 3 7 24
9628	2 46 19 18
9629	25 50 22 32
9630	7 40 21 41
9631	18 7 21 26
9632	44 26 28 49
9633	7 46 22 34
9634	45 46 31 44
9635	46 16 25 18
9636	15 20 18 2
9637	39 25 48 4
9638	38 37 28 50
9639	10 17 3 11
9640	34 40 50 25
9641	13 33 5 8
9642	12 28 20 3
9643	16 42 6 49
9644	29 10 35 31
9645	25 50 10 26
9646	15 49 30 18
9647	11 35 45 18
9648	3 43 8 9
9649	9 4 17 10
9650	19 1 21 27
9651	9 39 4 37
9652	31 39 10 12
9653	43 25 4 26
9654	13 29 47 44
9655	38 39 28 32
9656	50 37 28 42
9657	3 40 32 23
9658	23 10 34 11
9659	4 8 20 42
9660	17 32 24 12
9661	29 16 11 26
9662	22 37 33 19
9663	43 30 33 18
9664	47 2 24 37
9665	35 46 23 22
9666	16 3 25 24
9667	47 42 5 31
9668	35 45 22 6
9669	32 20 22 10
9670	20 19 49 33
9671	20 40 11 23
9672	35 14 3 36
9673	37 16 20 28
9674	38 32 15 24
9675	50 19 14 12
9676	11 33 13 27
9677	30 6 36 14
9678	22 7 34 19
9679	25 44 21 9
9680	31 42 7 16
9681	33 17 27 7
9682	22 35 18 47
9683	22 18 3 35
9684	40 6 21 25
9685	7 3 21 40
9686	38 3 23 49
9687	3 5 37 48
9688	2 40 12 23
9689	35 34 18 10
9690	22 45 6 30
9691	49 11 46 18
9692	7 22 20 13
9693	35 18 23 1
9694	17 27 5 14
9695	6 37 20 41
9696	26 49 24 27
9697	34 11 45 22
9698	8 1 33 44
9699	16 6 4 27
9700	34 43 22 7
9701	41 19 24 12
9702	4 9 20 3
9703	43 25 34 48
9704	1 36 47 44
9705	1 35 16 26
9706	19 26 30 8
9707	18 43 3 40
9708	35 48 8 23
9709	39 8 44 49
9710	48 18 5 41
9711	16 2 21 6
9712	5 48 41 32
9713	39 22 24 13
9714	34 29 37 39
9715	37 5 15 49
9716	28 33 5 32
9717	12 17 19 18
9718	5 33 43 14
9719	41 5 22 38
9720	44 19 17 12
9721	5 18 7 10
9722	41 22 30 6
9723	5 27 48 14
9724	19 9 21 44
9725	45 13 24 22
9726	30 17 46 3
9727	11 1 25 2
9728	7 36 9 33
9729	9 15 41 50
9730	50 21 35 33
9731	36 1 48 4
9732	11 31 33 15
9733	46 17 41 27
9734	35 40 23 41
9735	15 4 2 19
9736	16 31 36 4
9737	49 47 17 20
9738	31 38 8 7
9739	35 19 43 3
9740	10 39 7 32
9741	26 5 44 15
9742	10 12 15 35
9743	48 36 20 31
9744	19 36 2 15
9745	5 7 42 28
9746	12 22 7 28
9747	24 33 5 37
9748	13 38 1 45
9749	15 50 35 29
9750	21 28 44 35
9751	27 18 7 37
9752	23 6 5 36
9753	14 26 47 29
9754	45 24 17 18
9755	1 11 13 4
9756	14 16 12 13
9757	6 27 25 21
9758	23 25 38 49
9759	13 17 49 15
9760	3 34 16 45
9761	48 1 45 4
9762	43 17 16 15
9763	46 26 30 14
9764	50 38 35 49
9765	12 24 15 3
9766	18 5 12 47
9767	26 16 3 17
9768	30 32 50 23
9769	12 13 44 5
9770	6 25 19 45
9771	7 21 50 40
9772	6 16 42 17
9773	1 12 6 45
9774	6 13 41 26
9775	34 31 39 28
9776	21 47 41 10
9777	33 48 42 44
9778	31 26 27 19
9779	36 19 1 17
9780	19 13 23 8
9781	28 29 19 13
9782	10 7 8 20
9783	45 29 49 3
9784	29 39 13 16
9785	9 37 29 40
9786	26 4 23 10
9787	47 44 10 8
9788	43 12 47 37
9789	30 29 37 11
9790	22 35 42 27
9791	16 11 12 25
9792	3 19 50 39
9793	47 31 15 6
9794	13 6 44 18
9795	13 5 4 45
9796	17 34 13 50
9797	21 4 26 16
9798	43 49 38 47
9799	40 12 4 21
9800	38 26 24 16
9801	27 20 44 7
9802	46 37 6 26
9803	13 48 18 10
9804	1 43 18 2
9805	45 34 15 42
9806	25 11 34 47
9807	49 42 2 26
9808	20 3 14 39
9809	39 40 10 35
9810	4 37 10 40
9811	50 8 12 26
9812	44 4 22 42
9813	15 1 16 36
9814	15 9 37 23
9815	16 37 6 24
9816	35 42 8 19
9817	47 25 8 34
9818	44 33 19 42
9819	32 39 22 42
9820	37 1 18 23
9821	7 38 8 42
9822	44 20 33 7
9823	21 9 1 28
9824	35 50 41 12
9825	11 38 17 13
9826	29 28 20 5
9827	34 36 6 44
9828	31 3 41 33
9829	8 40 9 46
9830	16 27 24 21
9831	37 8 10 21
9832	17 3 42 45
9833	44 16 48 19
9834	45 20 9 35
9835	7 11 21 41
9836	47 33 31 13
9837	9 42 32 16
9838	39 20 4 1
9839	18 17 2 30
9840	21 31 29 9
9841	47 28 38 23
9842	27 36 11 35
9843	44 21 37 26
9844	18 3 21 14
9845	14 19 15 33
9846	2 19 45 21
9847	34 35 46 9
9848	21 18 8 31
9849	38 37 5 26
9850	49 29 6 5
9851	45 50 28 2
9852	39 26 38 14
9853	2 28 40 27
9854	44 36 9 14
9855	49 38 23 34
9856	4 44 1 12
9857	11 48 34 4
9858	27 42 30 29
9859	9 46 23 34
9860	23 39 50 45
9861	19 22 8 43
9862	21 25 47 22
9863	9 25 14 7
9864	33 28 10 2
9865	20 16 15 25
9866	43 11 34 9
9867	24 29 17 5
9868	44 29 23 32
9869	17 1 19 7
9870	46 47 13 43
9871	15 5 7 20
9872	15 2 42 29
9873	1 38 18 7
9874	22 18 49 42
9875	3 18 17 10
9876	1 19 26 49
9877	36 21 16 3
9878	10 33 1 34
9879	47 8 20 45
9880	4 42 26 20
9881	36 42 16 31
9882	21 50 4 18
9883	27 41 9 33
9884	13 24 18 23
9885	1 27 29 13
9886	46 45 13 3
9887	14 11 43 21
9888	15 47 35 40
9889	3 25 38 7
9890	49 25 31 13
9891	27 21 31 6
9892	8 34 13 18
9893	29 42 48 30
9894	47 16 49 41
9895	44 17 26 35
9896	19 35 29 14
9897	6 41 13 48
9898	46 21 17 48
9899	37 36 24 27
9900	30 24 21 34
9901	3 48 32 27
9902	10 5 11 40
9903	23 50 26 31
9904	29 31 1 25
9905	14 35 12 39
9906	31 3 44 28
9907	28 15 23 43
9908	16 10 7 40
9909	1 22 20 8
9910	43 11 32 10
9911	3 40 9 32
9912	10 5 25 11
9913	7 37 14 41
9914	36 1 3 9
9915	33 49 17 3
9916	7 37 24 12
9917	8 27 41 32
9918	39 11 8 4
9919	9 10 26 38
9920	20 14 19 21
9921	19 47 23 2
9922	50 45 24 13
9923	19 44 16 25
9924	8 13 25 39
9925	13 43 12 22
9926	24 5 26 31
9927	10 39 34 12
9928	32 23 6 44
9929	20 34 39 4
9930	9 36 45 34
9931	14 11 40 5
9932	28 27 30 4
9933	42 33 2 36
9934	45 31 27 20
9935	39 1 13 37
9936	16 14 15 18
9937	22 8 26 50
9938	30 14 9 46
9939	12 8 41 27
9940	21 20 12 26
9941	19 16 40 41
9942	43 21 50 6
9943	28 27 22 18
9944	34 8 13 28
9945	10 43 44 35
9946	33 45 19 23
9947	38 28 9 29
9948	10 35 24 2
9949	9 13 11 49
9950	42 25 33 12
9951	19 11 24 23
9952	20 4 45 34
9953	11 48 26 5
9954	10 18 7 42
9955	7 30 29 37
9956	10 13 25 1
9957	37 31 40 2
9958	43 11 21 12
9959	45 30 24 44
9960	34 20 3 4
9961	29 44 35 16
9962	1 21 45 24
9963	36 21 43 14
9964	6 36 2 15
9965	50 6 31 24
9966	44 21 43 42
9967	43 10 6 14
9968	10 50 39 21
9969	26 38 12 27
9970	43 10 41 13
9971	1 49 28 9
9972	6 7 38 46
9973	45 28 43 34
9974	3 21 14 1
9975	47 12 26 24
9976	19 33 16 48
9977	7 34 5 9
9978	8 50 5 43
9979	23 35 28 24
9980	21 17 20 37
9981	4 50 37 6
9982	13 46 23 41
9983	28 16 17 11
9984	23 34 32 42
9985	15 17 40 9
9986	36 40 38 20
9987	39 18 46 6
9988	14 43 5 30
9989	48 12 31 41
9990	16 3 22 17
9991	3 5 27 2
9992	14 45 22 37
9993	37 13 6 47
9994	1 40 2 29
9995	8 28 3 40
9996	18 21 37 42
9997	18 50 22 6
9998	1 17 28 33
9999	14 7 27 15
10000	19 2 4 46
