Course	Room	Teacher	Time	Students
1	8	2312	0	22
2	30	3398	0	
3	30	6936	0	
4	30	803	0	
5	30	1545	0	
6	30	1599	0	
7	30	8340	0	
8	30	9803	0	
9	30	3003	0	
10	30	565	0	
11	30	393	0	
12	30	1638	0	
13	30	2929	0	
14	30	8480	0	
15	30	7181	0	
16	30	7824	0	
17	30	2508	0	
18	30	6923	0	
19	30	2972	0	
20	30	6958	0	
21	30	9344	0	
22	30	1927	0	50
23	30	1859	0	
24	30	1339	0	
25	30	1190	0	
26	30	2823	0	
27	30	7580	0	
28	30	3578	0	
29	30	7601	0	
30	30	3920	0	
31	30	1919	0	
32	30	9117	0	
33	30	8100	0	
34	30	4513	0	
35	30	1407	0	
36	30	835	0	
37	30	775	0	
38	30	1558	0	
39	30	3597	0	
40	30	8664	0	
41	30	2339	0	
42	30	4060	0	
43	30	8768	0	
44	30	6889	0	
45	30	8122	0	
46	30	1778	0	
47	30	879	0	
48	30	8769	0	
49	30	9906	0	
50	30	5747	0	
51	30	8417	0	
52	30	4368	0	
53	30	4516	0	
54	30	1367	0	
55	30	3606	0	
56	30	5610	0	
57	30	9127	0	
58	30	5242	0	
59	30	9311	0	
60	30	851	0	
61	30	4493	0	
62	30	5873	0	
63	30	2872	0	
64	30	6698	0	
65	30	1215	0	
66	30	8698	0	
67	30	7460	0	92
68	30	5348	0	
69	30	9731	0	
70	30	8217	0	
71	30	8886	0	
72	30	3809	0	
73	30	9792	0	
74	30	4814	0	
75	30	269	0	
76	30	5886	0	
77	30	3022	0	
78	30	4936	0	
79	5	5447	10	10
80	30	2284	0	
81	30	8580	0	
82	30	9514	0	
83	30	1740	0	
84	30	7222	0	
85	30	3698	0	
86	30	3197	0	
87	30	6315	0	
88	30	9694	0	
89	30	9968	0	
90	30	8884	0	
91	30	7929	0	
92	30	6454	0	
93	30	9140	0	
94	30	5270	0	
95	30	6950	0	
96	30	1767	0	
97	30	1560	0	
98	30	3703	0	
99	30	2590	0	
100	30	1347	0	
101	30	8527	0	
102	30	1522	0	
103	30	6136	0	
104	30	6059	0	
105	18	4341	4	10
106	30	676	0	
107	30	3754	0	
108	30	7932	0	
109	30	6742	0	
110	30	6766	0	
111	30	2813	0	
112	30	6690	0	
113	30	829	0	
114	30	2459	0	
115	30	8370	0	
116	30	5826	0	
117	30	5124	0	
118	30	1330	0	
119	30	8856	0	
120	30	6039	0	
121	30	1811	0	
122	30	1334	0	
123	30	5495	0	
124	30	4934	0	
125	30	1108	0	
126	30	8087	0	
127	30	9942	0	
128	30	5329	0	
129	30	4836	0	
130	30	7212	0	
131	30	595	0	
132	30	2602	0	
133	30	9153	0	
134	30	1888	0	
135	30	3370	0	
136	30	1160	0	
137	30	7757	0	
138	30	4681	0	
139	30	4757	0	
140	30	5020	0	
141	11	3804	10	
142	30	6529	0	
143	30	1591	0	
144	30	4968	0	
145	30	2729	0	
146	30	966	0	
147	30	3699	0	
148	30	4838	0	
149	30	5117	0	
150	30	962	0	
151	30	6169	0	
152	30	9686	0	
153	30	2201	0	
154	30	3062	0	
155	30	8539	0	
156	30	9554	0	
157	30	6518	0	
158	30	4995	0	
159	30	2684	0	
160	30	9072	10	41
161	30	9425	0	
162	30	9451	0	
163	30	350	0	
164	30	9239	0	
165	15	8905	0	18
166	30	2830	0	87
167	30	1687	0	
168	30	4612	0	
169	30	2726	0	
170	30	640	0	
171	30	7771	0	
172	30	5207	0	
173	30	2658	0	
174	30	6959	0	
175	30	2925	0	
176	30	5391	0	
177	30	6891	0	
178	30	7027	0	
179	30	7207	0	
180	30	4157	0	
181	30	5617	0	
182	30	6794	0	
183	30	3602	0	
184	30	6156	0	
185	30	7349	0	
186	30	4421	0	
187	30	9917	0	
188	30	1751	0	
189	30	2655	0	
190	30	2323	0	
191	30	3701	0	
192	30	5188	0	
193	30	4274	0	
194	30	7163	0	
195	30	855	0	
196	30	466	0	
197	30	5421	0	
198	30	3500	0	
199	30	5484	0	
200	22	396	8	34
201	30	1025	0	
202	30	6398	0	
203	30	9133	0	
204	30	1920	0	
205	30	3795	0	
206	30	4901	0	
207	30	8314	0	
208	30	8316	0	
209	30	709	0	
210	30	9290	0	
211	30	3687	0	
212	30	6114	0	
213	30	9125	0	
214	30	1979	0	
215	30	9334	0	
216	30	5037	0	
217	30	2616	0	
218	30	327	0	
219	30	3711	0	
220	30	3932	0	
221	30	1951	0	
222	30	2517	0	
223	30	3225	0	
224	30	8705	0	
225	30	8647	0	
226	30	9201	0	
227	30	1087	0	
228	30	7987	0	
229	30	1992	0	
230	30	6083	0	
231	30	1264	0	
232	30	8405	0	
233	30	8707	0	
234	30	3440	0	
235	30	5217	0	
236	30	321	0	
237	30	6492	0	
238	30	7089	0	
239	30	2808	0	
240	30	267	0	
241	3	7696	7	16
242	17	6750	6	30
243	30	8902	0	
244	30	9560	0	
245	30	4166	0	
246	30	8798	0	
247	30	1127	0	
248	30	898	0	
249	30	6754	0	
250	30	413	0	
251	30	7905	0	
252	30	2840	0	
253	30	5305	0	
254	30	405	0	
255	30	2245	0	
256	30	5775	0	
257	30	3122	0	
258	30	3752	0	
259	30	1728	0	
260	30	4530	0	
261	30	1249	0	
262	30	6016	0	
263	30	2412	0	
264	30	3974	0	
265	30	2647	0	
266	30	8620	0	
267	30	240	0	
268	30	9894	0	
269	30	75	0	
270	30	3714	0	
271	30	2638	0	
272	30	9059	0	
273	30	5642	0	
274	30	6353	0	
275	30	5974	0	
276	30	1831	0	
277	30	5051	0	
278	30	9030	0	
279	30	2910	0	
280	30	6921	0	
281	30	7303	0	
282	30	1783	0	
283	30	5689	0	
284	30	7855	0	
285	30	9874	0	
286	30	7282	0	
287	30	7945	0	
288	30	1047	0	
289	30	3252	0	
290	30	1164	0	
291	30	867	0	
292	30	5958	0	
293	30	7036	0	
294	30	5001	0	
295	30	9724	0	
296	30	2369	0	
297	30	9946	0	
298	30	8240	0	
299	30	7430	0	
300	20	6904	4	32
301	30	2844	0	
302	30	8205	0	
303	30	3665	0	
304	30	3710	0	
305	30	8067	0	
306	30	308	0	
307	30	2008	0	
308	30	306	0	
309	30	5160	0	
310	30	2518	0	
311	30	4985	0	
312	30	5465	0	
313	30	6827	0	
314	30	841	0	
315	30	8097	0	66
316	30	7173	0	
317	30	3522	0	
318	30	659	0	
319	30	7276	0	
320	30	4463	0	
321	30	236	0	
322	30	6592	0	
323	30	812	0	58
324	30	5456	0	
325	30	7963	0	
326	30	5245	0	
327	30	218	0	
328	30	9011	0	
329	30	6531	0	
330	30	2604	0	
331	30	3021	0	
332	30	4208	0	
333	30	2697	0	
334	30	9868	0	
335	30	9354	0	
336	30	2950	0	
337	30	9851	0	
338	30	7249	0	
339	30	6568	0	
340	30	9304	0	
341	30	6437	0	
342	30	4199	0	
343	30	8592	0	
344	30	2804	0	
345	30	5004	0	
346	30	3464	0	
347	30	3423	0	
348	30	417	0	
349	30	1754	0	
350	30	163	0	
351	30	5264	0	
352	30	545	0	
353	30	9541	0	
354	30	5517	0	
355	30	2874	0	
356	30	2824	0	
357	30	9603	0	
358	30	9957	0	
359	30	7049	0	
360	30	6276	0	
361	30	4672	0	
362	30	9383	0	
363	30	1993	0	
364	30	1050	0	
365	30	6945	0	
366	30	5216	0	
367	30	9566	0	
368	30	6974	0	
369	30	7968	0	
370	30	4731	0	
371	30	5890	0	
372	30	3080	0	
373	30	4165	0	
374	30	5550	0	
375	30	9595	0	
376	30	6474	0	
377	30	9297	0	
378	30	1508	0	
379	30	8548	0	
380	30	5552	0	
381	30	4146	0	
382	30	3854	0	
383	30	8289	0	
384	30	7259	0	
385	30	6812	0	
386	30	6545	0	
387	30	7708	0	84
388	30	4486	0	
389	30	4872	0	
390	30	3163	0	
391	30	7001	0	
392	30	9605	0	
393	30	11	0	
394	30	4590	0	
395	30	7405	0	
396	30	200	0	
397	30	7951	0	
398	30	2982	0	
399	30	9212	0	
400	30	6865	0	
401	30	2277	0	
402	30	4700	0	
403	30	8515	0	
404	30	6554	0	
405	30	254	0	
406	30	722	0	
407	30	3568	0	
408	30	2500	0	
409	30	6998	0	
410	30	4983	0	
411	30	7966	0	
412	30	2947	0	
413	30	250	0	
414	30	5181	0	
415	30	8006	0	
416	30	8310	0	
417	30	348	0	
418	30	984	0	
419	30	4031	0	
420	30	675	0	
421	30	6355	0	
422	30	2267	0	
423	30	997	0	
424	30	7593	0	
425	30	6546	0	
426	30	8693	0	
427	30	5099	0	
428	30	8720	0	
429	30	2426	0	
430	30	472	0	
431	30	6178	0	
432	30	2755	0	
433	30	3001	0	
434	30	4718	0	
435	30	1530	0	
436	30	6163	0	
437	30	2800	0	
438	30	5901	0	
439	30	9332	0	
440	30	5799	0	
441	30	8634	0	
442	30	1490	0	
443	30	5043	0	
444	30	8201	0	
445	30	3399	0	
446	30	3768	0	
447	30	9340	0	
448	30	2784	0	
449	30	2727	0	
450	30	2521	0	
451	30	5461	0	
452	30	2510	0	
453	30	6247	0	
454	30	2957	0	
455	30	3458	0	
456	30	7284	0	
457	30	7546	0	
458	30	5888	0	
459	30	3924	0	
460	30	7975	0	
461	30	6292	0	
462	30	7822	0	
463	30	4481	0	
464	30	6191	0	
465	30	6332	0	
466	30	196	0	
467	30	9896	0	
468	30	7858	0	
469	30	4593	0	
470	30	4611	0	
471	30	5571	0	
472	30	430	0	
473	30	6597	0	
474	11	3643	0	9
475	30	6773	0	
476	30	7651	0	70
477	30	5919	0	
478	30	9544	0	
479	30	6065	0	
480	30	1782	0	
481	30	7431	0	
482	30	9062	0	
483	30	563	0	
484	30	9489	0	
485	30	7654	0	
486	30	1270	0	
487	30	4798	0	
488	30	7886	0	
489	30	9994	0	
490	30	8670	0	
491	30	1408	0	
492	30	1925	0	
493	30	4125	0	
494	30	8497	0	
495	30	7876	0	
496	30	8648	0	
497	30	9210	0	
498	30	5820	0	
499	30	5268	0	
500	30	4861	0	
501	30	2555	0	
502	30	9802	0	
503	30	7118	0	
504	30	5060	0	
505	30	6397	0	
506	30	6177	0	
507	30	8357	0	
508	30	523	0	
509	30	5752	0	
510	30	3872	0	
511	30	1271	0	
512	30	3614	0	
513	30	2246	0	
514	30	1355	0	
515	30	4094	0	
516	30	3792	0	
517	30	3087	0	
518	30	4632	0	
519	30	1880	0	
520	30	937	0	
521	30	7138	0	
522	30	4276	0	
523	30	508	0	
524	30	5699	0	
525	30	4409	0	
526	30	2326	0	
527	30	2456	0	
528	30	6184	0	
529	30	8762	0	
530	30	6957	0	
531	30	6837	0	
532	30	5986	0	
533	30	8152	0	
534	30	7979	0	
535	30	1403	0	
536	30	7833	0	
537	30	4192	0	
538	30	4865	0	
539	30	4848	0	
540	30	2885	0	
541	30	8295	0	
542	30	4102	0	
543	30	1102	0	
544	30	2884	0	
545	30	352	0	
546	30	6017	0	
547	30	4365	0	
548	30	8116	0	
549	30	4981	0	
550	30	6636	0	
551	30	3969	0	
552	30	5130	0	
553	30	5835	0	
554	30	5806	0	
555	30	6550	0	
556	30	7910	0	
557	30	8406	0	
558	30	872	0	
559	30	778	0	
560	30	9865	0	
561	30	1817	0	
562	30	651	0	
563	30	483	0	
564	30	973	0	
565	30	10	0	
566	30	665	0	
567	30	3130	0	
568	30	8912	0	
569	30	5288	0	
570	30	3341	0	
571	30	2206	0	
572	30	5365	0	
573	30	916	0	
574	30	7412	0	
575	30	7659	0	
576	30	1947	0	
577	30	9550	0	
578	30	2383	0	
579	30	631	0	
580	30	6027	0	
581	30	1991	0	
582	30	6358	0	
583	30	7755	0	
584	30	8678	0	
585	30	1460	0	
586	30	8732	0	
587	30	6768	0	
588	30	8591	0	
589	30	6845	0	
590	30	9240	0	
591	30	4528	0	
592	30	2174	0	
593	30	1308	0	
594	30	4561	0	
595	30	131	0	
596	30	3838	0	
597	30	8589	0	
598	30	2693	0	
599	30	5083	0	
600	30	7972	0	
601	30	4760	0	
602	30	9015	0	
603	30	942	0	
604	30	8610	0	
605	30	9248	0	
606	30	1537	0	
607	30	4030	0	
608	30	1370	0	
609	30	1277	0	
610	30	5284	0	
611	30	4698	0	
612	30	1715	0	
613	30	5240	0	
614	30	5892	0	
615	30	4686	0	
616	30	1312	0	
617	30	7535	0	
618	30	8328	0	
619	30	8104	0	
620	30	9305	0	
621	30	895	0	
622	30	6107	0	
623	30	7584	0	
624	30	2785	0	
625	30	4767	0	
626	30	3270	0	
627	30	5939	0	
628	30	8165	0	
629	28	5612	6	38
630	30	8676	0	
631	30	579	0	
632	30	5125	0	
633	30	5600	0	
634	30	5976	0	
635	30	2395	0	
636	30	6152	0	
637	30	5213	0	
638	30	1287	0	
639	30	702	0	
640	30	170	0	
641	30	6569	0	
642	30	9249	0	
643	30	697	0	
644	30	5769	0	
645	30	6560	0	
646	30	6683	0	
647	30	3632	0	
648	30	6588	0	
649	30	7165	0	
650	30	4041	0	
651	30	562	0	
652	30	2150	0	
653	30	1233	0	
654	16	3913	3	29
655	30	3031	0	
656	30	9888	0	
657	30	9224	0	
658	30	4058	0	
659	30	318	0	
660	30	6649	0	
661	30	8694	0	
662	30	9254	0	
663	30	7845	0	
664	30	6334	0	
665	30	566	0	
666	30	7827	0	
667	30	7783	0	
668	30	1572	0	
669	30	5135	0	
670	30	6782	0	
671	30	1058	0	
672	30	6646	0	
673	30	1874	0	
674	30	6629	0	
675	30	420	0	
676	30	106	0	
677	30	9081	0	
678	30	1352	0	
679	30	4858	0	
680	30	8296	0	
681	30	2480	0	
682	30	4404	0	
683	30	5967	0	
684	30	5639	0	
685	30	9737	0	
686	30	8518	0	
687	30	8414	0	
688	30	7032	0	
689	30	6254	0	
690	30	8511	0	
691	30	7990	0	
692	30	8731	0	
693	30	799	0	
694	30	1280	0	
695	30	2051	0	
696	30	1488	0	
697	30	643	0	
698	30	1186	0	
699	30	4339	0	
700	30	3381	0	
701	30	6322	0	
702	30	639	0	
703	30	7060	0	
704	30	5476	0	
705	30	5934	0	
706	30	9237	0	
707	30	3337	0	
708	30	9972	0	
709	30	209	0	
710	30	9359	0	
711	30	9020	0	
712	30	3222	0	
713	30	2090	0	
714	30	8234	0	
715	30	4552	0	
716	2	746	0	
717	30	7363	0	
718	30	3914	0	
719	30	8496	0	
720	30	7615	0	
721	30	4673	0	
722	30	406	0	
723	30	1983	0	
724	30	5587	0	
725	30	7999	0	
726	30	9353	0	
727	30	1691	0	
728	30	5683	0	
729	30	7290	0	
730	30	6877	0	
731	30	9408	0	
732	30	6685	0	
733	30	5282	0	
734	30	7796	0	
735	30	7800	0	
736	30	5274	0	
737	30	9296	0	
738	30	4345	0	
739	30	9087	0	
740	30	5548	0	
741	30	6165	0	
742	30	3936	0	
743	30	2086	0	
744	30	7238	0	69
745	30	7931	0	
746	30	716	0	
747	30	8983	0	
748	30	2198	0	
749	30	3523	0	
750	30	4940	0	
751	30	7410	0	
752	30	5883	0	
753	30	5041	0	
754	30	7265	0	
755	30	1790	0	
756	30	3794	0	
757	30	3027	0	
758	30	4912	0	
759	30	5111	0	
760	30	8458	0	
761	30	6664	0	
762	30	8223	0	
763	30	5164	0	
764	30	6033	0	
765	30	2610	0	
766	30	5896	0	
767	30	6166	0	
768	30	2228	0	
769	30	4464	0	
770	30	3504	0	
771	30	1494	0	
772	30	5938	0	
773	30	7463	0	
774	30	8639	0	
775	30	37	0	
776	30	7854	0	
777	30	5149	0	95
778	30	559	0	
779	30	8963	0	
780	30	4707	0	
781	30	8374	0	
782	30	9075	0	
783	30	9463	0	
784	30	9518	0	
785	30	4303	0	
786	30	3582	0	
787	30	1382	0	
788	30	9648	0	
789	8	5749	10	
790	30	4233	0	
791	30	4841	0	
792	30	7054	0	
793	30	810	0	
794	30	2527	0	
795	30	6087	0	
796	30	5239	0	
797	30	2906	0	
798	30	9362	0	
799	30	693	0	
800	30	2430	0	
801	30	9472	0	
802	30	806	0	
803	30	4	0	
804	30	8716	0	
805	30	1429	0	
806	30	802	0	
807	30	6312	0	
808	30	8487	0	
809	30	5234	0	
810	30	793	0	
811	30	1727	0	
812	30	323	0	
813	30	8207	0	
814	30	6832	0	
815	30	1176	0	
816	30	6260	0	
817	30	1538	0	
818	30	7741	0	
819	30	9799	0	
820	30	8767	0	
821	30	4720	0	
822	30	1400	0	
823	30	5535	0	
824	30	9764	0	
825	30	9012	0	
826	30	1878	0	
827	30	2276	0	
828	30	2188	0	
829	30	113	0	
830	30	6886	0	
831	30	1167	0	
832	30	7218	0	
833	30	4685	0	
834	30	6094	0	
835	30	36	0	
836	30	5690	0	
837	30	4312	0	
838	30	8652	0	
839	30	9271	0	
840	30	9678	0	
841	30	314	0	
842	30	6328	0	
843	30	4311	0	
844	30	6708	0	
845	30	5564	0	
846	30	8775	0	
847	30	7320	0	
848	30	2507	0	
849	30	4596	0	
850	30	2530	0	
851	30	60	0	
852	30	3272	0	
853	30	2195	0	
854	30	9776	0	
855	30	195	0	
856	30	8411	0	
857	30	6524	0	
858	1	4573	0	11
859	30	2250	0	
860	30	7759	0	
861	30	3851	0	
862	30	4116	0	
863	30	8220	0	
864	30	1221	0	
865	30	4393	0	
866	30	3008	0	
867	30	291	0	
868	30	5469	0	
869	30	9247	0	
870	30	6577	0	
871	30	3430	0	
872	30	558	0	
873	30	6897	0	
874	30	4057	0	
875	30	2286	0	
876	30	5452	0	
877	30	3030	0	
878	30	5971	0	
879	30	47	0	
880	30	2625	0	
881	30	5808	0	
882	30	1179	0	
883	30	2091	0	
884	30	2920	0	
885	30	7928	0	
886	30	9259	0	
887	30	1730	0	
888	30	8327	0	
889	30	6335	0	
890	30	3874	0	
891	30	6971	0	
892	30	2158	0	
893	30	5645	0	
894	30	6506	0	
895	30	621	0	
896	30	1228	0	
897	30	9608	0	
898	30	248	0	
899	30	4806	0	
900	30	9753	0	
901	30	1623	0	
902	30	5162	0	
903	30	4853	0	
904	30	3652	0	
905	30	6255	0	
906	30	6028	0	
907	30	9814	0	
908	30	5183	0	
909	30	6284	0	
910	30	5219	0	
911	30	6345	0	
912	30	6861	0	
913	30	7543	0	
914	30	8279	0	
915	30	1725	0	
916	30	573	0	
917	30	8489	0	
918	30	6905	0	
919	30	6151	0	
920	30	3039	0	
921	30	7499	0	
922	30	4643	0	
923	30	6567	0	
924	30	9395	0	
925	30	9770	0	
926	30	5263	0	
927	30	5594	0	
928	30	3909	0	
929	30	3508	0	
930	30	6440	0	
931	30	8534	0	
932	30	7988	0	
933	30	5821	0	
934	30	8777	0	
935	30	7508	0	
936	30	1364	0	
937	30	520	0	
938	30	9882	0	
939	30	4634	0	
940	30	4048	0	
941	30	1187	0	
942	30	603	0	
943	30	2328	0	
944	30	9607	0	
945	30	3887	0	
946	30	2580	0	
947	30	5436	0	
948	30	8881	0	
949	30	8136	0	
950	30	8543	0	
951	30	9915	0	
952	30	9232	0	
953	30	1879	0	
954	30	7830	0	
955	30	9464	0	
956	30	4350	0	
957	30	3555	0	
958	30	9184	0	
959	30	5944	0	
960	30	1062	0	
961	30	8896	0	
962	30	150	0	
963	30	5343	0	
964	30	6455	0	
965	30	2289	0	
966	30	146	0	
967	30	5980	0	
968	30	1088	0	
969	30	3405	0	
970	30	9215	0	
971	30	7727	0	
972	30	6590	0	
973	30	564	0	
974	30	5737	0	
975	30	3053	0	
976	30	9712	0	
977	30	2934	0	
978	30	2814	0	
979	30	5593	0	
980	30	1209	0	
981	30	5204	0	
982	30	8177	0	
983	30	7785	0	
984	30	418	0	
985	30	2368	0	
986	30	7902	0	
987	30	7985	0	
988	30	5454	0	
989	30	3227	0	
990	30	4623	0	
991	30	7360	0	
992	30	3141	0	
993	30	8675	0	
994	30	8939	0	
995	30	4484	0	
996	30	4952	0	
997	30	423	0	
998	30	4755	0	
999	30	2606	0	
1000	30	5462	0	
1001	30	5704	0	
1002	30	6843	0	
1003	30	1635	0	
1004	30	1441	0	
1005	30	6075	0	
1006	30	9583	0	
1007	30	9433	0	
1008	30	4162	0	
1009	30	4082	0	
1010	30	5711	0	
1011	30	5262	0	
1012	30	2035	0	
1013	30	9422	0	
1014	30	1105	0	
1015	30	7305	0	
1016	30	4392	0	
1017	30	9842	0	
1018	30	3357	0	
1019	30	4068	0	
1020	30	2075	0	
1021	30	1742	0	
1022	30	3135	0	
1023	30	4239	0	
1024	30	9272	0	
1025	30	201	0	
1026	30	2485	0	
1027	30	6767	0	
1028	30	2699	0	
1029	30	6160	0	75
1030	30	4558	0	
1031	30	7737	0	
1032	30	6914	0	
1033	30	8418	0	
1034	30	9549	0	
1035	30	3013	0	
1036	30	3483	0	
1037	30	3308	0	
1038	21	4863	4	
1039	30	9129	0	
1040	30	5053	0	
1041	30	2708	0	
1042	30	4959	0	
1043	30	6444	0	
1044	30	6371	0	
1045	30	3987	0	
1046	30	4501	0	
1047	30	288	0	
1048	30	3153	0	
1049	30	4701	0	
1050	30	364	0	
1051	30	3323	0	
1052	30	1118	0	
1053	30	7441	0	
1054	30	1273	0	
1055	30	7773	0	
1056	30	1632	0	
1057	30	7816	0	
1058	30	671	0	
1059	30	9113	0	
1060	30	2893	0	
1061	30	1517	0	
1062	30	960	0	
1063	30	6063	0	
1064	30	5882	0	
1065	30	3059	0	
1066	30	3061	0	
1067	30	8932	0	
1068	30	5652	0	
1069	30	5729	0	
1070	30	8128	0	
1071	30	9021	0	
1072	30	4064	0	
1073	30	9351	0	
1074	30	3488	0	
1075	30	5555	0	
1076	30	1990	0	
1077	30	5143	0	
1078	30	8809	0	
1079	30	8404	0	
1080	30	3161	0	
1081	30	6305	0	
1082	30	5603	0	
1083	30	9306	0	
1084	30	7934	0	
1085	30	2976	0	
1086	30	8643	0	
1087	30	227	0	
1088	30	968	0	
1089	30	3482	0	
1090	30	3593	0	74
1091	30	7307	0	
1092	30	7188	0	
1093	30	1342	0	
1094	30	5445	0	
1095	30	3420	0	
1096	30	7993	0	
1097	30	2453	0	
1098	30	8486	0	
1099	30	2568	0	
1100	30	1768	0	
1101	30	5698	0	
1102	30	543	0	
1103	30	6185	0	
1104	30	2531	0	
1105	30	1014	0	
1106	30	3608	0	48
1107	7	1461	2	4
1108	30	125	0	
1109	30	7908	0	
1110	30	7462	0	
1111	30	4207	0	
1112	30	1651	0	
1113	30	6779	0	
1114	30	7514	0	
1115	30	5983	0	
1116	30	8606	0	
1117	30	2807	0	
1118	30	1052	0	
1119	30	8877	0	
1120	30	9238	0	
1121	30	4343	0	
1122	30	4214	0	
1123	30	1760	0	
1124	30	8360	0	
1125	30	1921	0	
1126	30	6561	0	
1127	30	247	0	
1128	30	8931	0	
1129	30	7086	0	
1130	5	6980	2	6
1131	30	3384	0	
1132	30	7558	0	
1133	30	3429	0	
1134	30	9041	0	
1135	30	7097	0	
1136	30	2744	0	
1137	30	9642	0	
1138	30	7788	0	
1139	30	5591	0	
1140	30	6346	0	
1141	30	3895	0	
1142	30	5996	0	
1143	30	2422	0	
1144	30	9903	0	
1145	30	3724	0	
1146	14	9414	6	27
1147	28	7428	8	39
1148	30	1770	0	
1149	30	9746	0	
1150	30	7705	0	
1151	30	6365	0	
1152	30	5772	0	
1153	30	1154	0	
1154	30	1153	0	
1155	30	4529	0	
1156	30	9216	0	
1157	30	2899	0	
1158	30	2556	0	
1159	30	4100	0	
1160	30	136	0	
1161	30	5483	0	
1162	30	4879	0	
1163	30	5031	0	
1164	30	290	0	
1165	30	8697	0	
1166	30	8628	0	
1167	30	831	0	
1168	30	5346	0	
1169	30	3813	0	
1170	30	3198	0	
1171	30	2255	0	
1172	30	6343	0	
1173	30	5948	0	
1174	30	9206	0	
1175	30	4412	0	
1176	30	815	0	
1177	30	5718	0	
1178	30	4533	0	
1179	30	882	0	
1180	30	8704	0	
1181	30	1860	0	
1182	30	2211	0	
1183	30	4278	0	
1184	30	7787	0	
1185	30	1396	0	
1186	30	698	0	
1187	30	941	0	
1188	30	3378	0	
1189	30	3719	0	
1190	30	25	0	
1191	30	5340	0	
1192	30	9440	0	
1193	30	3438	0	
1194	30	7179	0	
1195	30	5899	0	
1196	30	6082	0	
1197	30	2248	0	
1198	30	8702	0	
1199	30	6248	0	
1200	30	1266	0	
1201	30	5069	0	
1202	30	6053	0	
1203	30	7110	0	
1204	30	7187	0	
1205	30	8149	0	
1206	30	9701	0	
1207	30	9835	0	
1208	7	7586	12	17
1209	30	980	0	
1210	30	6066	0	
1211	30	2320	0	
1212	30	9661	0	
1213	30	9800	0	
1214	30	5898	0	
1215	30	65	0	
1216	30	6074	0	
1217	30	9109	0	
1218	30	2572	0	
1219	30	3343	0	
1220	30	1870	0	
1221	30	864	0	
1222	30	3346	0	
1223	30	7101	0	
1224	30	4931	0	
1225	30	9938	0	
1226	27	1822	9	31
1227	30	3737	0	
1228	30	896	0	
1229	30	6134	0	
1230	30	6935	0	
1231	30	6472	0	
1232	30	1577	0	
1233	30	653	0	
1234	30	7124	0	
1235	30	8635	0	
1236	30	1720	0	
1237	30	9445	0	
1238	30	7819	0	90
1239	30	9273	0	
1240	30	3958	0	
1241	30	3113	0	
1242	30	7299	0	
1243	30	4408	0	
1244	30	2454	0	
1245	30	7195	0	
1246	30	6239	0	
1247	30	1781	0	
1248	30	2760	0	
1249	30	261	0	
1250	30	2932	0	
1251	30	3649	0	
1252	30	5522	0	
1253	30	1509	0	
1254	30	2327	0	
1255	30	3819	0	
1256	30	3079	0	
1257	30	8613	0	
1258	30	7948	0	
1259	15	5496	7	10
1260	30	7245	0	
1261	30	6528	0	
1262	30	5506	0	
1263	30	8935	0	
1264	30	231	0	
1265	8	1318	2	22
1266	30	1200	0	
1267	30	4738	0	
1268	30	3186	0	
1269	30	4515	0	
1270	30	486	0	
1271	30	511	0	
1272	30	3937	0	
1273	30	1054	0	
1274	30	5228	0	
1275	30	5968	0	
1276	30	7367	0	
1277	30	609	0	
1278	30	9892	0	98
1279	30	9876	0	
1280	30	694	0	
1281	30	2407	0	
1282	30	9789	0	
1283	30	3590	0	
1284	30	4770	0	
1285	30	1904	0	
1286	30	5694	0	
1287	30	638	0	
1288	30	6503	0	
1289	30	6402	0	
1290	30	1897	0	
1291	30	8672	0	
1292	30	6231	0	
1293	30	7044	0	
1294	30	4167	0	
1295	30	3562	0	
1296	30	8432	0	
1297	30	2048	0	
1298	30	8245	0	
1299	30	3202	0	
1300	30	9539	0	
1301	30	2424	0	
1302	30	3704	0	
1303	30	7545	0	
1304	30	3706	0	
1305	30	6497	0	
1306	30	4105	0	
1307	30	4978	0	
1308	30	593	0	
1309	30	7674	0	
1310	30	8810	0	
1311	30	8897	0	
1312	30	616	0	
1313	30	2847	0	
1314	30	7526	0	
1315	30	5089	0	
1316	30	9834	0	
1317	30	3935	0	
1318	30	1265	0	
1319	30	4212	0	
1320	30	5811	0	
1321	30	6953	0	
1322	30	8872	0	
1323	30	6366	0	
1324	30	2613	0	
1325	30	4154	0	
1326	30	7168	0	
1327	30	5460	0	
1328	30	5650	0	
1329	30	2082	0	
1330	30	118	0	
1331	30	4249	0	
1332	30	8071	0	
1333	30	9053	0	
1334	30	122	0	
1335	30	7872	0	
1336	30	8773	0	
1337	30	3327	0	
1338	30	3015	0	
1339	30	24	0	
1340	30	4407	0	
1341	30	5417	0	
1342	30	1093	0	
1343	30	8372	0	
1344	30	4479	0	
1345	30	3173	0	
1346	30	5857	0	
1347	12	100	2	25
1348	30	2165	0	
1349	30	9795	0	
1350	30	1717	0	
1351	30	2066	0	
1352	30	678	0	
1353	30	5633	0	
1354	30	7724	0	
1355	30	514	0	
1356	30	9027	0	
1357	30	8348	0	
1358	30	3623	0	
1359	30	8239	0	
1360	30	3032	0	
1361	30	5536	0	
1362	30	2778	0	
1363	30	8011	0	
1364	30	936	0	
1365	30	4773	0	
1366	30	3559	0	
1367	30	54	0	
1368	30	7971	0	
1369	30	7520	0	
1370	30	608	0	
1371	30	8013	0	
1372	30	5467	0	
1373	30	2879	0	
1374	30	4683	0	
1375	30	4148	0	
1376	30	9832	0	
1377	30	6726	0	40
1378	30	5344	0	
1379	30	7569	0	
1380	30	3640	0	
1381	30	2416	0	
1382	30	787	0	
1383	30	6227	0	
1384	30	7925	0	
1385	30	6314	0	
1386	30	2900	0	
1387	30	5618	0	
1388	30	4006	0	
1389	30	4955	0	
1390	30	7869	0	
1391	30	7703	0	
1392	30	4650	0	
1393	30	3879	0	
1394	30	3268	0	
1395	30	8174	0	
1396	30	1185	0	
1397	30	2435	0	
1398	30	6624	0	
1399	30	9287	0	
1400	30	822	0	
1401	30	2021	0	
1402	30	8517	0	
1403	30	535	0	
1404	30	3388	0	
1405	30	5345	0	
1406	30	8755	0	
1407	30	35	0	
1408	30	491	0	
1409	30	8017	0	
1410	30	5322	0	
1411	30	4078	0	
1412	30	5981	0	
1413	30	6552	0	
1414	30	2713	0	
1415	30	4241	0	
1416	30	5717	0	
1417	30	9734	0	
1418	30	1525	0	
1419	30	6040	0	
1420	30	6125	0	
1421	30	1533	0	
1422	30	9339	0	
1423	30	3344	0	
1424	30	3260	0	
1425	30	8127	0	
1426	30	9952	0	
1427	30	8271	0	
1428	30	2374	0	
1429	30	805	0	
1430	30	6924	0	
1431	30	6553	0	
1432	30	2914	0	
1433	30	7881	0	
1434	30	5220	0	
1435	30	1481	0	
1436	30	5757	0	
1437	30	4787	0	63
1438	30	2475	0	
1439	30	1905	0	
1440	30	4202	0	
1441	30	1004	0	
1442	30	4179	0	
1443	30	6658	0	
1444	30	9412	0	
1445	30	2892	0	
1446	30	9390	0	
1447	30	9092	0	
1448	30	6716	0	
1449	30	2390	0	
1450	30	5235	0	
1451	30	6299	0	
1452	30	5746	0	
1453	30	4335	0	
1454	30	3230	0	
1455	30	5616	0	
1456	30	8349	0	
1457	30	3960	0	
1458	30	5926	0	
1459	30	9082	0	
1460	30	585	0	
1461	30	1107	0	
1462	30	3074	0	
1463	30	7895	0	
1464	30	6046	0	
1465	30	3049	0	
1466	30	9274	0	
1467	30	5074	0	
1468	30	6244	0	
1469	30	5122	0	
1470	30	9219	0	
1471	30	1479	0	
1472	30	3283	0	
1473	30	3763	0	
1474	30	6205	0	
1475	30	6392	0	
1476	30	5010	0	
1477	30	5871	0	
1478	30	8365	0	77
1479	30	1471	0	
1480	30	6961	0	
1481	30	1435	0	
1482	30	7106	0	
1483	30	3574	0	
1484	28	7354	10	39
1485	30	2098	0	
1486	30	2780	0	
1487	30	4047	0	
1488	30	696	0	
1489	30	5791	0	
1490	30	442	0	
1491	30	4142	0	
1492	30	5531	0	
1493	30	5112	0	
1494	30	771	0	
1495	30	5684	0	
1496	30	4973	0	
1497	30	9617	0	
1498	30	6124	0	
1499	30	6278	0	
1500	30	9628	0	
1501	30	3727	0	
1502	30	2108	0	
1503	30	4490	0	
1504	30	1579	0	
1505	30	3584	0	
1506	30	4671	0	
1507	30	3437	0	
1508	30	378	0	
1509	30	1253	0	
1510	30	7146	0	
1511	30	2557	0	
1512	30	8594	0	
1513	30	2073	0	
1514	30	6875	0	
1515	30	2402	0	
1516	30	4560	0	
1517	30	1061	0	
1518	30	8597	0	
1519	30	6431	0	
1520	30	8542	0	
1521	30	9567	0	
1522	30	102	0	
1523	30	9286	0	
1524	30	4136	0	
1525	30	1418	0	
1526	30	9850	0	
1527	30	9275	0	
1528	30	9664	0	
1529	30	8796	0	
1530	5	435	5	1
1531	30	1986	0	
1532	30	4018	0	
1533	30	1421	0	
1534	30	5781	0	
1535	30	2461	0	
1536	30	1712	0	
1537	30	606	0	
1538	30	817	0	
1539	30	4843	0	
1540	30	1673	0	
1541	23	2296	10	35
1542	30	7231	0	
1543	30	2561	0	
1544	30	2001	0	
1545	30	5	0	
1546	30	7224	0	
1547	30	5866	0	
1548	30	3852	0	
1549	30	4740	0	
1550	30	7196	0	
1551	30	7495	0	
1552	30	4330	0	
1553	30	3455	0	
1554	30	7472	0	
1555	30	3390	0	
1556	30	4724	0	
1557	30	2054	0	
1558	30	38	0	
1559	30	3137	0	
1560	30	97	0	
1561	30	5206	0	
1562	30	9230	0	
1563	30	7228	0	
1564	30	8403	0	
1565	30	6078	0	
1566	30	5636	0	
1567	30	3775	0	
1568	30	8833	0	
1569	30	3124	0	
1570	30	6022	0	
1571	30	5764	0	
1572	30	668	0	
1573	30	6539	0	
1574	30	3634	0	
1575	30	8356	0	
1576	30	5959	0	
1577	30	1232	0	
1578	30	3237	0	
1579	30	1504	0	
1580	30	6179	0	
1581	30	3667	0	
1582	30	8973	0	
1583	30	3376	0	
1584	30	5744	0	
1585	30	5703	0	
1586	30	2743	0	
1587	30	3660	0	
1588	30	8710	0	
1589	30	9883	0	
1590	30	4366	0	
1591	30	143	0	
1592	30	8058	0	
1593	30	5801	0	
1594	30	7570	0	
1595	30	1681	0	
1596	30	3279	0	
1597	30	5696	0	
1598	30	4316	0	
1599	30	6	0	
1600	30	6639	0	
1601	30	9502	0	
1602	30	8966	0	
1603	30	3072	0	
1604	30	8215	0	
1605	30	5199	0	
1606	30	5720	0	
1607	30	7403	0	
1608	30	4900	0	
1609	30	1704	0	
1610	30	3254	0	
1611	30	8692	0	
1612	30	8654	0	
1613	30	5434	0	
1614	30	2161	0	
1615	30	9195	0	
1616	30	6596	0	
1617	30	6202	0	
1618	30	4016	0	
1619	30	2268	0	
1620	30	6892	0	
1621	30	2013	0	
1622	30	5701	0	
1623	30	901	0	
1624	30	6201	0	
1625	30	4826	0	
1626	30	1995	0	
1627	30	8642	0	
1628	30	2062	0	
1629	30	8906	0	
1630	30	2376	0	
1631	30	9193	0	
1632	30	1056	0	
1633	30	8175	0	
1634	30	3738	0	
1635	30	1003	0	
1636	30	5259	0	
1637	30	9578	0	
1638	30	12	0	
1639	30	7885	0	
1640	30	7740	0	
1641	3	4017	3	
1642	30	1819	0	
1643	30	8622	0	
1644	30	2381	0	
1645	30	3642	0	
1646	30	8354	0	
1647	30	3402	0	
1648	30	7175	0	
1649	30	8243	0	
1650	30	7298	0	
1651	30	1112	0	
1652	30	2922	0	
1653	30	5782	0	
1654	30	9310	0	
1655	30	2460	0	
1656	30	8823	0	
1657	30	4438	0	
1658	30	2335	0	
1659	30	1926	0	
1660	30	8041	0	
1661	30	2282	0	
1662	30	3556	0	
1663	30	5446	0	
1664	30	8551	0	
1665	30	7337	0	
1666	30	6381	0	
1667	30	4909	0	
1668	30	5753	0	
1669	30	4275	0	
1670	30	8583	0	
1671	30	2712	0	
1672	30	3612	0	
1673	30	1540	0	
1674	30	7396	0	
1675	30	9360	0	
1676	30	6975	0	
1677	30	2056	0	
1678	30	9083	0	
1679	30	6130	0	
1680	30	2025	0	
1681	30	1595	0	
1682	30	4361	0	
1683	30	3783	0	93
1684	30	6747	0	
1685	30	3044	0	
1686	30	5024	0	
1687	30	167	0	
1688	30	7947	0	
1689	30	9335	0	
1690	30	3250	0	
1691	30	727	0	
1692	30	3925	0	
1693	30	8060	0	
1694	30	9185	0	
1695	30	8144	0	
1696	30	3207	0	
1697	30	8759	0	
1698	30	5358	0	
1699	30	2747	0	
1700	30	6240	0	
1701	30	4237	0	
1702	30	7938	0	
1703	30	2973	0	
1704	30	1609	0	
1705	30	6710	0	
1706	30	8448	0	
1707	25	9725	6	15
1708	30	4577	0	
1709	30	2566	0	
1710	30	6081	0	
1711	30	3258	0	
1712	30	1536	0	
1713	30	4171	0	
1714	30	5943	0	
1715	30	612	0	
1716	30	5029	0	
1717	30	1350	0	
1718	30	6413	0	
1719	30	4799	0	
1720	30	1236	0	
1721	30	6999	0	
1722	30	4086	0	
1723	30	8070	0	99
1724	30	7687	0	
1725	30	915	0	
1726	30	5121	0	
1727	30	811	0	
1728	30	259	0	
1729	30	6573	0	
1730	30	887	0	
1731	30	9659	0	
1732	30	6967	0	
1733	30	6421	0	
1734	30	5003	0	
1735	30	8395	0	
1736	30	8789	0	
1737	30	7115	0	
1738	30	5052	0	
1739	30	4376	0	
1740	30	83	0	
1741	30	9619	0	
1742	30	1021	0	
1743	30	5865	0	
1744	30	3910	0	
1745	30	4288	0	
1746	30	6041	0	
1747	30	4947	0	
1748	30	8218	0	
1749	30	8231	0	
1750	30	6154	0	
1751	30	188	0	
1752	30	5640	0	
1753	30	7875	0	
1754	30	349	0	
1755	30	3991	0	
1756	30	5440	0	
1757	30	3690	0	
1758	30	9268	0	
1759	30	2197	0	
1760	30	1123	0	
1761	30	8735	0	
1762	30	2812	0	
1763	30	9357	0	
1764	30	2187	0	
1765	30	9260	0	
1766	30	9741	0	
1767	30	96	0	
1768	30	1100	0	
1769	30	5033	0	
1770	30	1148	0	
1771	30	2236	0	
1772	30	9319	0	
1773	30	5814	0	
1774	30	6874	0	
1775	30	3160	0	
1776	30	4524	0	
1777	30	2394	0	
1778	30	46	0	
1779	30	6412	0	
1780	30	4223	0	
1781	30	1247	0	
1782	30	480	0	
1783	30	282	0	
1784	30	4077	0	
1785	30	6854	0	
1786	30	4377	0	
1787	30	4499	0	
1788	30	3377	0	
1789	30	9965	0	
1790	30	755	0	
1791	30	3396	0	
1792	30	3016	0	
1793	30	6279	0	
1794	30	5176	0	
1795	30	4914	0	
1796	30	6803	0	
1797	30	3776	0	
1798	30	7457	0	
1799	30	6547	0	
1800	30	4866	0	
1801	30	4045	0	
1802	30	5508	0	
1803	30	8729	0	
1804	30	6387	0	
1805	30	3929	0	
1806	30	4138	0	
1807	30	6702	0	
1808	30	2234	0	
1809	30	8077	0	
1810	30	5953	0	
1811	30	121	0	
1812	30	8815	0	
1813	30	4649	0	
1814	30	9561	0	
1815	30	1895	0	
1816	30	3383	0	
1817	30	561	0	
1818	30	3289	0	
1819	30	1642	0	
1820	30	3815	0	
1821	30	7011	0	
1822	30	1226	0	
1823	30	5839	0	
1824	30	4601	0	
1825	30	2288	0	
1826	30	5350	0	
1827	30	1946	0	
1828	30	5923	0	
1829	30	4110	0	
1830	30	7130	0	
1831	30	276	0	
1832	30	9542	0	
1833	30	9658	0	
1834	30	9592	0	
1835	30	6025	0	
1836	30	4568	0	
1837	30	6319	0	
1838	30	8466	0	
1839	30	6514	0	
1840	30	4176	0	
1841	30	8943	0	
1842	30	8894	0	
1843	30	6405	0	
1844	30	4161	0	
1845	30	2399	0	
1846	30	9703	0	
1847	30	6097	0	
1848	30	7347	0	
1849	30	7031	0	
1850	30	7019	0	
1851	30	6197	0	
1852	30	5541	0	
1853	30	3447	0	
1854	30	2649	0	
1855	30	7114	0	
1856	30	2850	0	
1857	30	3162	0	
1858	30	5529	0	
1859	25	23	12	23
1860	30	1181	0	
1861	30	9365	0	
1862	30	7563	0	
1863	30	4240	0	
1864	10	2346	3	24
1865	30	4189	0	
1866	30	5937	0	
1867	30	9406	0	
1868	30	9839	0	
1869	30	5458	0	
1870	30	1220	0	
1871	30	4880	0	
1872	30	3063	0	
1873	30	4928	0	
1874	30	673	0	
1875	30	6583	0	
1876	30	3594	0	
1877	30	4602	0	
1878	30	826	0	
1879	30	953	0	
1880	30	519	0	
1881	30	4945	0	
1882	30	8352	0	
1883	30	9843	0	
1884	30	8490	0	
1885	30	4205	0	
1886	30	3412	0	
1887	30	6704	0	
1888	30	134	0	
1889	30	2256	0	
1890	30	7898	0	
1891	30	3495	0	
1892	30	6666	0	
1893	30	3415	0	
1894	30	2845	0	
1895	30	1815	0	
1896	30	4371	0	
1897	30	1290	0	
1898	30	9616	0	
1899	20	6342	11	32
1900	30	9545	0	
1901	30	8036	0	
1902	30	7605	0	
1903	30	3823	0	
1904	30	1285	0	
1905	30	1439	0	
1906	30	9170	0	
1907	30	9431	0	
1908	30	4967	0	
1909	30	7749	0	
1910	30	2848	0	
1911	30	1969	0	
1912	30	8734	0	
1913	30	2588	0	
1914	30	8259	0	
1915	30	9651	0	
1916	30	8748	0	
1917	30	9074	0	
1918	30	5789	0	
1919	30	31	0	
1920	30	204	0	
1921	30	1125	0	
1922	30	4801	0	
1923	30	6171	0	
1924	30	3407	0	
1925	30	492	0	
1926	30	1659	0	
1927	30	22	0	
1928	30	4824	0	
1929	30	6045	0	
1930	30	7789	0	
1931	30	2822	0	
1932	30	4581	0	
1933	30	3826	0	
1934	30	7467	0	
1935	30	3131	0	
1936	30	7775	0	
1937	30	5929	0	
1938	30	7522	0	
1939	30	9530	0	
1940	30	9762	0	
1941	30	8590	0	
1942	30	2770	0	
1943	30	8300	0	
1944	30	4550	0	
1945	30	8014	0	
1946	30	1827	0	
1947	30	576	0	
1948	30	2674	0	
1949	30	3633	0	
1950	30	8837	0	
1951	30	221	0	
1952	30	7062	0	
1953	30	7991	0	97
1954	30	9568	0	
1955	30	9112	0	
1956	30	8621	0	
1957	30	4951	0	
1958	30	3010	0	
1959	30	9824	0	
1960	30	5519	0	
1961	30	2144	0	
1962	30	7709	0	
1963	30	3511	0	
1964	30	4679	0	
1965	3	6069	11	
1966	30	8519	0	
1967	30	6964	0	
1968	30	5797	0	
1969	30	1911	0	
1970	30	4996	0	
1971	30	4521	0	
1972	30	3025	0	
1973	30	9054	0	
1974	30	3587	0	
1975	30	2151	0	
1976	30	3890	0	
1977	30	2325	0	
1978	30	8530	0	
1979	30	214	0	
1980	30	9002	0	
1981	30	9669	0	
1982	30	4147	0	
1983	30	723	0	
1984	30	5977	0	
1985	30	8115	0	
1986	30	1531	0	
1987	7	2891	0	1
1988	30	2254	0	
1989	30	5042	0	
1990	30	1076	0	
1991	30	581	0	
1992	30	229	0	
1993	30	363	0	
1994	30	8292	0	
1995	30	1626	0	
1996	30	4352	0	
1997	30	3114	0	
1998	30	6263	0	
1999	30	5221	0	
2000	30	3902	0	
2001	30	1544	0	
2002	30	7356	0	
2003	30	8061	0	
2004	30	7634	0	
2005	30	6982	0	
2006	30	3509	0	
2007	30	6132	0	
2008	30	307	0	
2009	30	2414	0	
2010	30	5331	0	
2011	30	9500	0	
2012	30	3334	0	
2013	30	1621	0	
2014	30	3094	0	
2015	30	5491	0	
2016	30	7077	0	
2017	30	8315	0	
2018	30	6620	0	
2019	30	9323	0	64
2020	30	5009	0	
2021	30	1401	0	
2022	30	4603	0	
2023	30	2338	0	
2024	30	4819	0	
2025	30	1680	0	
2026	30	8854	0	
2027	30	6415	0	
2028	30	3870	0	
2029	30	6846	0	
2030	30	7720	0	
2031	30	2861	0	
2032	30	2901	0	
2033	30	6038	0	
2034	30	4235	0	
2035	30	1012	0	
2036	30	7949	0	
2037	30	8611	0	
2038	30	3148	0	
2039	30	3959	0	
2040	30	2476	0	
2041	30	2520	0	
2042	30	7402	0	
2043	30	2305	0	
2044	30	5569	0	
2045	30	2229	0	
2046	30	3662	0	
2047	30	3245	0	
2048	30	1297	0	
2049	30	4270	0	
2050	30	2279	0	
2051	30	695	0	
2052	30	5400	0	
2053	30	7637	0	
2054	30	1557	0	
2055	30	3845	0	
2056	30	1677	0	
2057	30	7857	0	
2058	30	6224	0	
2059	30	4315	0	
2060	30	4654	0	
2061	30	2868	0	
2062	30	1628	0	
2063	30	3151	0	
2064	30	9970	0	
2065	30	4319	0	
2066	30	1351	0	
2067	30	6589	0	
2068	30	5795	0	
2069	30	6612	0	
2070	30	8474	0	
2071	30	2081	0	
2072	30	6310	0	
2073	30	1513	0	
2074	30	7128	0	
2075	30	1020	0	
2076	30	8109	0	
2077	30	8291	0	
2078	30	3748	0	
2079	30	8338	0	
2080	30	8216	0	
2081	30	2071	0	
2082	30	1329	0	
2083	30	7927	0	
2084	30	5356	0	
2085	30	4229	0	
2086	30	743	0	
2087	30	9588	0	
2088	30	5441	0	
2089	30	5145	0	
2090	30	713	0	
2091	30	883	0	
2092	30	9949	0	
2093	30	8961	0	
2094	30	7707	0	
2095	30	3274	0	
2096	30	9601	0	
2097	30	6349	0	
2098	30	1485	0	
2099	22	5830	0	33
2100	30	4706	0	
2101	30	8032	0	
2102	30	2478	0	
2103	30	4816	0	
2104	30	7059	0	
2105	30	5182	0	
2106	30	4586	0	
2107	30	4822	0	
2108	30	1502	0	
2109	30	6525	0	
2110	30	6536	0	
2111	30	5853	0	
2112	30	4571	0	
2113	30	7206	0	
2114	30	7700	0	
2115	30	7748	0	
2116	30	8948	0	
2117	30	7946	0	
2118	30	7000	0	
2119	30	4510	0	
2120	30	3325	0	
2121	30	7566	0	
2122	30	2949	0	
2123	30	8770	0	
2124	30	9700	0	
2125	30	6532	0	
2126	30	8747	0	
2127	30	8415	0	
2128	30	4291	0	
2129	30	4539	0	
2130	30	3369	0	
2131	30	7076	0	
2132	30	7798	0	
2133	30	7792	0	
2134	30	7239	0	
2135	30	6085	0	
2136	30	6356	0	
2137	30	2582	0	
2138	30	4965	0	
2139	30	9099	0	
2140	30	5646	0	
2141	30	9591	0	
2142	30	8253	0	
2143	30	4322	0	
2144	30	1961	0	
2145	30	8055	0	
2146	30	4805	0	
2147	30	5154	0	
2148	30	8198	0	
2149	30	6884	0	
2150	30	652	0	
2151	30	1975	0	
2152	30	2302	0	
2153	30	5298	0	
2154	30	6981	0	
2155	30	2375	0	
2156	30	4155	0	
2157	30	7791	0	
2158	30	892	0	
2159	30	6830	0	
2160	30	2484	0	
2161	30	1614	0	
2162	30	8455	0	
2163	30	8163	0	
2164	30	2243	0	
2165	30	1348	0	
2166	30	7871	0	
2167	30	5475	0	
2168	30	6634	0	
2169	19	7496	0	2
2170	30	4546	0	
2171	30	9960	0	
2172	30	3900	0	
2173	30	8510	0	
2174	30	592	0	
2175	30	5904	0	
2176	30	2639	0	
2177	30	2226	0	
2178	30	6548	0	
2179	30	3742	0	
2180	30	9145	0	
2181	30	7622	0	
2182	30	4756	0	
2183	30	2958	0	
2184	30	6785	0	
2185	30	8596	0	
2186	30	3517	0	
2187	30	1764	0	
2188	30	828	0	
2189	30	3492	0	
2190	30	7324	0	
2191	30	5662	0	
2192	30	6878	0	
2193	30	3386	0	
2194	30	8892	0	
2195	30	853	0	
2196	30	6211	0	
2197	30	1759	0	
2198	30	748	0	
2199	30	3625	0	
2200	30	4907	0	
2201	30	153	0	
2202	30	8460	0	
2203	30	2912	0	
2204	30	9504	0	
2205	30	6270	0	
2206	30	571	0	73
2207	30	9528	0	
2208	30	4277	0	
2209	30	3054	0	
2210	30	2624	0	
2211	30	1182	0	
2212	30	8171	0	
2213	30	6817	0	
2214	30	3199	0	
2215	30	6960	0	
2216	30	9278	0	
2217	30	8157	0	
2218	30	9743	0	
2219	30	8522	0	
2220	30	7937	0	
2221	30	7377	0	
2222	30	6486	0	
2223	30	3865	0	
2224	30	6868	0	
2225	30	5327	0	
2226	30	2177	0	
2227	30	2347	0	
2228	30	768	0	
2229	30	2045	0	
2230	30	2927	0	
2231	30	2316	0	
2232	30	5991	0	
2233	30	5165	0	
2234	30	1808	0	
2235	30	5067	0	
2236	30	1771	0	
2237	30	4653	0	
2238	30	8657	0	
2239	30	2444	0	
2240	30	3576	0	
2241	30	8637	0	
2242	30	5961	0	
2243	30	2164	0	
2244	30	5768	0	
2245	30	255	0	
2246	30	513	0	
2247	30	5588	0	
2248	30	1197	0	
2249	30	5423	0	
2250	30	859	0	
2251	30	3897	0	
2252	30	4272	0	
2253	30	4589	0	
2254	30	1988	0	
2255	30	1171	0	
2256	30	1889	0	
2257	30	5380	0	
2258	30	7630	0	
2259	30	4903	0	
2260	30	2373	0	
2261	30	5589	0	
2262	30	2579	0	
2263	30	4893	0	
2264	30	9697	0	
2265	30	9962	0	
2266	30	6512	0	
2267	30	422	0	
2268	30	1619	0	
2269	30	9203	0	
2270	30	6771	0	
2271	30	4106	0	
2272	30	2835	0	
2273	30	3725	0	
2274	30	2935	0	
2275	30	6236	0	
2276	30	827	0	
2277	30	401	0	
2278	30	2775	0	
2279	30	2050	0	
2280	30	6888	0	
2281	30	6748	0	
2282	30	1661	0	
2283	30	5324	0	
2284	30	80	0	
2285	30	8626	0	
2286	30	875	0	
2287	30	9985	0	
2288	30	1825	0	
2289	30	965	0	
2290	30	3324	0	
2291	30	9192	0	
2292	30	9225	0	
2293	9	9587	2	9
2294	30	3962	0	
2295	30	9609	0	
2296	30	1541	0	
2297	30	6467	0	
2298	30	3432	0	
2299	30	8737	0	
2300	30	8992	0	
2301	30	3528	0	
2302	30	2152	0	
2303	30	6449	0	
2304	30	9244	0	
2305	30	2043	0	
2306	30	7197	0	
2307	30	8818	0	
2308	30	9774	0	
2309	30	9953	0	
2310	30	2765	0	
2311	30	2955	0	
2312	30	1	0	
2313	30	8074	0	
2314	30	3296	0	
2315	30	2423	0	
2316	30	2231	0	
2317	30	8754	0	
2318	30	5874	0	
2319	30	7100	0	
2320	30	1211	0	
2321	30	9788	0	
2322	30	4591	0	
2323	30	190	0	
2324	30	2379	0	
2325	30	1977	0	
2326	30	526	0	
2327	30	1254	0	
2328	30	943	0	
2329	30	5823	0	
2330	30	6808	0	
2331	30	5554	0	
2332	30	8848	0	
2333	30	4894	0	
2334	30	7381	0	
2335	30	1658	0	
2336	30	3347	0	
2337	30	9924	0	
2338	30	2023	0	
2339	30	41	0	
2340	30	5723	0	
2341	30	5546	0	
2342	30	3622	0	
2343	30	8481	0	
2344	30	4741	0	
2345	30	6321	0	
2346	30	1864	0	
2347	30	2227	0	
2348	30	3972	0	
2349	30	8268	0	
2350	30	7328	0	
2351	30	2855	0	
2352	30	5205	0	
2353	30	9654	0	
2354	30	4970	0	
2355	30	8002	0	
2356	30	6453	0	
2357	30	4465	0	
2358	30	3104	0	
2359	30	5738	0	
2360	30	2809	0	
2361	30	7890	0	
2362	30	8452	0	
2363	30	9025	0	
2364	30	7608	0	
2365	30	3628	0	
2366	30	6807	0	
2367	30	6963	0	
2368	30	985	0	
2369	30	296	0	
2370	30	3060	0	
2371	30	3769	0	
2372	30	5087	0	
2373	30	2260	0	
2374	30	1428	0	
2375	30	2155	0	
2376	30	1630	0	
2377	30	9282	0	
2378	30	8673	0	
2379	30	2324	0	
2380	30	4349	0	
2381	30	1644	0	
2382	30	9266	0	
2383	30	578	0	
2384	30	5466	0	
2385	30	7891	0	
2386	30	5229	0	
2387	30	8132	0	
2388	30	3655	0	
2389	30	9483	0	
2390	30	1449	0	
2391	30	9630	0	
2392	30	4613	0	
2393	30	4139	0	
2394	30	1777	0	
2395	30	635	0	
2396	30	3200	0	
2397	30	8603	0	
2398	30	2974	0	
2399	30	1845	0	
2400	30	3157	0	
2401	30	8550	0	
2402	30	1515	0	
2403	30	6000	0	
2404	30	8361	0	
2405	30	5762	0	
2406	30	8674	0	
2407	30	1281	0	
2408	30	3409	0	
2409	30	7353	0	
2410	30	4492	0	
2411	30	7863	0	
2412	18	263	12	
2413	30	2757	0	
2414	30	2009	0	
2415	30	4221	0	
2416	30	1381	0	
2417	30	6516	0	
2418	30	7378	0	
2419	30	4325	0	
2420	30	4456	0	
2421	30	2989	0	
2422	30	1143	0	
2423	30	2315	0	
2424	30	1301	0	
2425	30	2623	0	
2426	30	429	0	
2427	30	6615	0	
2428	30	4509	0	
2429	30	6339	0	
2430	30	800	0	
2431	30	9863	0	
2432	30	7557	0	
2433	30	5405	0	
2434	30	7686	0	
2435	30	1397	0	
2436	30	5691	0	
2437	24	2877	0	3
2438	30	3091	0	
2439	30	3241	0	
2440	30	4363	0	
2441	30	6265	0	
2442	30	9756	0	
2443	30	7695	0	
2444	30	2239	0	
2445	12	4939	6	26
2446	30	4180	0	
2447	30	2714	0	
2448	30	8190	0	
2449	30	6826	0	
2450	30	9951	0	
2451	30	3218	0	
2452	30	8784	0	
2453	30	1097	0	
2454	30	1244	0	
2455	30	8075	0	
2456	30	527	0	
2457	30	6111	0	
2458	30	7781	0	
2459	30	114	0	
2460	30	1655	0	
2461	30	1535	0	
2462	30	9126	0	
2463	30	5169	0	
2464	30	6464	0	
2465	30	6534	0	
2466	30	7453	0	
2467	30	6182	0	
2468	30	7776	0	
2469	30	3670	0	
2470	30	3799	0	
2471	30	5778	0	
2472	30	3239	0	
2473	30	6223	0	
2474	30	4584	0	
2475	30	1438	0	
2476	30	2040	0	
2477	30	4015	0	
2478	30	2102	0	
2479	30	5553	0	
2480	30	681	0	
2481	30	7271	0	
2482	30	3558	0	
2483	30	3963	0	
2484	30	2160	0	
2485	30	1026	0	
2486	30	4869	0	
2487	30	6401	0	
2488	30	8566	0	
2489	30	8331	0	
2490	30	6468	0	
2491	30	9823	0	
2492	30	6002	0	
2493	30	9641	0	
2494	30	4144	0	
2495	30	6256	0	
2496	30	8863	0	
2497	30	8020	0	
2498	30	6944	0	
2499	30	8713	0	
2500	30	408	0	
2501	30	5777	0	
2502	30	8607	0	
2503	30	2505	0	
2504	30	8219	0	
2505	30	2503	0	
2506	30	4921	0	
2507	30	848	0	
2508	30	17	0	
2509	30	7600	0	
2510	30	452	0	
2511	30	7003	0	
2512	30	7332	0	91
2513	30	7581	0	
2514	30	6572	0	
2515	30	3215	0	
2516	30	6838	0	
2517	30	222	0	
2518	30	310	0	
2519	30	7525	0	
2520	30	2041	0	
2521	30	450	0	
2522	30	3450	0	
2523	30	3439	0	
2524	30	4658	0	
2525	30	9479	0	
2526	30	8686	0	
2527	30	794	0	
2528	30	5716	0	
2529	30	5770	0	
2530	30	850	0	
2531	30	1104	0	
2532	30	7066	0	
2533	30	8619	0	
2534	30	6258	0	
2535	30	5609	0	
2536	30	4217	0	
2537	30	5776	0	
2538	30	8319	0	
2539	30	6079	0	
2540	30	9783	0	
2541	30	5493	0	
2542	30	9428	0	
2543	30	4203	0	
2544	30	7171	0	
2545	30	6195	0	
2546	30	8385	0	
2547	30	8997	0	
2548	30	6435	0	
2549	30	9107	0	
2550	30	3233	0	
2551	30	8031	0	
2552	30	8265	0	
2553	30	8766	0	
2554	30	9966	0	
2555	30	501	0	
2556	30	1158	0	
2557	30	1511	0	
2558	30	4305	0	
2559	30	8549	0	
2560	30	4796	0	
2561	30	1543	0	
2562	30	5655	0	
2563	30	4182	0	
2564	30	9525	0	
2565	30	9265	0	
2566	30	1709	0	
2567	30	7068	0	
2568	30	1099	0	
2569	30	6602	0	
2570	30	6756	0	
2571	30	8988	0	
2572	30	1218	0	
2573	30	4062	0	
2574	30	8934	0	42
2575	30	7909	0	
2576	30	7417	0	
2577	30	2978	0	
2578	30	2873	0	
2579	30	2262	0	
2580	30	946	0	
2581	30	7521	0	
2582	30	2137	0	
2583	30	3797	0	
2584	30	8847	0	
2585	30	8794	0	
2586	30	6667	0	
2587	30	9620	0	
2588	30	1913	0	
2589	1	5512	13	14
2590	30	99	0	
2591	30	3810	0	
2592	30	8203	0	
2593	30	5381	0	
2594	30	6434	0	
2595	30	2678	0	
2596	30	2703	0	
2597	30	3024	0	
2598	30	3873	0	
2599	30	3461	0	
2600	30	7867	0	
2601	30	3380	0	
2602	30	132	0	
2603	30	6582	0	
2604	30	330	0	
2605	30	7882	0	
2606	30	999	0	
2607	30	3934	0	
2608	30	6015	0	
2609	30	6732	0	
2610	30	765	0	
2611	30	8541	0	
2612	30	8182	0	
2613	30	1324	0	
2614	30	7189	0	
2615	30	3931	0	
2616	30	217	0	
2617	30	8380	0	
2618	30	5390	0	
2619	30	5044	0	
2620	30	5017	0	
2621	30	3209	0	
2622	30	5027	0	
2623	30	2425	0	
2624	30	2210	0	
2625	30	880	0	
2626	30	9668	0	
2627	30	2630	0	
2628	30	2866	0	
2629	30	5713	0	
2630	30	2627	0	
2631	30	4118	0	
2632	30	7590	0	
2633	30	8038	0	
2634	30	6055	0	
2635	30	7847	0	
2636	30	7458	0	
2637	30	7038	0	
2638	30	271	0	
2639	30	2176	0	
2640	30	2717	0	
2641	30	7382	0	
2642	30	6164	0	
2643	30	4431	0	
2644	30	9646	0	
2645	29	8256	0	39
2646	30	3977	0	
2647	30	265	0	
2648	30	3465	0	
2649	30	1854	0	
2650	30	8434	0	
2651	30	3363	0	
2652	30	7204	0	
2653	30	2771	0	
2654	30	8413	0	
2655	30	189	0	
2656	30	4007	0	
2657	30	8964	0	
2658	30	173	0	
2659	30	5316	0	
2660	30	6619	0	
2661	30	6903	0	
2662	30	6736	0	
2663	30	2977	0	
2664	30	5459	0	
2665	30	8962	0	
2666	30	7704	0	
2667	30	7244	0	
2668	30	8779	0	
2669	30	6724	0	
2670	30	9251	0	
2671	30	6504	0	
2672	30	3869	0	
2673	30	4056	0	
2674	30	1948	0	
2675	30	9499	0	
2676	30	7735	0	
2677	30	3133	0	
2678	30	2595	0	
2679	30	5439	0	
2680	30	4253	0	
2681	30	5267	0	
2682	30	4916	0	
2683	30	8862	0	
2684	30	159	0	
2685	30	7142	0	
2686	30	8443	0	
2687	30	4991	0	
2688	30	6372	0	
2689	30	5401	0	
2690	30	2921	0	
2691	30	8286	0	
2692	30	4348	0	
2693	30	598	0	
2694	30	3446	0	
2695	30	9048	0	
2696	30	9728	0	
2697	30	333	0	
2698	30	9723	0	
2699	30	1028	0	
2700	30	8641	0	
2701	30	5891	0	
2702	30	9198	0	
2703	30	2596	0	
2704	30	3545	0	
2705	30	3757	0	
2706	30	6404	0	
2707	30	3767	0	
2708	30	1041	0	
2709	30	7111	0	
2710	30	6740	0	
2711	30	5724	0	
2712	30	1671	0	
2713	30	1414	0	
2714	30	2447	0	
2715	30	6621	0	
2716	30	7888	0	
2717	30	2640	0	
2718	30	8472	0	
2719	30	5805	0	
2720	30	6735	0	
2721	30	3876	0	
2722	30	9006	0	
2723	30	8047	0	
2724	30	6925	0	
2725	30	6931	0	
2726	5	169	8	9
2727	30	449	0	
2728	30	9415	0	
2729	30	145	0	
2730	30	3306	0	
2731	30	3155	0	
2732	30	7240	0	
2733	30	2894	0	
2734	30	4402	0	
2735	30	3857	0	
2736	30	3394	0	
2737	30	5058	0	
2738	30	5887	0	
2739	30	9443	0	
2740	30	8260	0	
2741	30	7924	0	
2742	30	9580	0	
2743	30	1586	0	
2744	30	1136	0	
2745	30	7040	0	
2746	30	9391	0	
2747	30	1699	0	
2748	30	3829	0	
2749	30	9141	0	
2750	30	2754	0	
2751	30	8695	0	
2752	30	7883	0	
2753	30	5146	0	
2754	30	2750	0	
2755	30	432	0	
2756	30	7256	0	
2757	30	2413	0	
2758	30	7152	0	
2759	30	6376	0	
2760	30	1248	0	
2761	30	9950	0	
2762	30	4566	0	
2763	30	8723	0	
2764	30	5845	0	
2765	30	2310	0	
2766	30	7779	0	
2767	30	7568	0	
2768	30	6161	0	
2769	30	4399	0	
2770	30	1942	0	
2771	30	2653	0	
2772	30	4906	0	
2773	30	3374	0	
2774	30	7736	0	
2775	30	2278	0	
2776	30	4310	0	
2777	30	6428	0	
2778	30	1362	0	
2779	30	7252	0	
2780	30	1486	0	
2781	30	6962	0	
2782	30	4285	0	
2783	30	6869	0	
2784	30	448	0	
2785	30	624	0	
2786	30	5341	0	
2787	30	6036	0	
2788	30	4187	0	
2789	30	8140	0	
2790	30	4113	0	
2791	30	4257	0	
2792	30	3086	0	
2793	30	4549	0	
2794	30	9808	0	
2795	30	4750	0	
2796	30	7233	0	
2797	30	6867	0	
2798	30	3803	0	
2799	30	5468	0	
2800	30	437	0	
2801	30	9893	0	
2802	30	9045	0	
2803	30	3057	0	
2804	30	344	0	
2805	30	5605	0	
2806	21	5863	0	28
2807	30	1117	0	
2808	30	239	0	
2809	30	2360	0	
2810	30	8799	0	
2811	30	6969	0	
2812	30	1762	0	
2813	30	111	0	
2814	19	978	3	2
2815	30	5728	0	
2816	30	4666	0	
2817	30	5249	0	
2818	30	8233	0	
2819	30	7074	0	
2820	30	3773	0	
2821	30	7037	0	
2822	30	1931	0	
2823	30	26	0	
2824	30	356	0	
2825	30	4716	0	
2826	30	5765	0	
2827	30	9277	0	
2828	30	2856	0	
2829	30	7956	0	
2830	30	166	0	
2831	30	8662	0	
2832	30	2970	0	
2833	30	4390	0	
2834	30	3659	0	
2835	30	2272	0	
2836	30	8805	0	
2837	30	3411	0	
2838	30	9846	0	
2839	30	6558	0	
2840	30	252	0	
2841	30	7870	0	
2842	30	9207	0	
2843	30	5028	0	
2844	30	301	0	
2845	30	1894	0	
2846	30	3908	0	
2847	30	1313	0	
2848	30	1910	0	
2849	30	9188	0	
2850	30	1856	0	
2851	30	8170	0	
2852	30	7454	0	
2853	30	9599	0	
2854	30	5428	0	
2855	30	2351	0	
2856	30	2828	0	
2857	10	5382	0	24
2858	30	9110	0	
2859	30	5514	0	
2860	30	4961	0	
2861	30	2031	0	
2862	30	2882	0	
2863	30	8183	0	
2864	30	6806	0	
2865	30	6439	0	
2866	30	2628	0	
2867	30	8998	0	
2868	30	2061	0	
2869	30	7684	0	
2870	30	5477	0	
2871	30	9404	0	
2872	30	63	0	
2873	30	2578	0	
2874	30	355	0	
2875	30	8252	0	
2876	30	3901	0	
2877	30	2437	0	
2878	30	3489	0	
2879	30	1373	0	
2880	30	7738	0	
2881	30	7995	0	
2882	30	2862	0	
2883	30	7782	0	
2884	30	544	0	
2885	7	540	7	
2886	30	4256	0	
2887	30	8159	0	
2888	30	2985	0	
2889	30	4938	0	
2890	30	4159	0	
2891	30	1987	0	
2892	30	1445	0	
2893	30	1060	0	
2894	30	2733	0	
2895	30	9526	0	
2896	30	9650	0	
2897	30	5463	0	
2898	30	8585	0	
2899	30	1157	0	46
2900	30	1386	0	
2901	30	2032	0	
2902	30	5739	0	
2903	30	8624	0	
2904	30	7109	0	
2905	30	8717	0	
2906	30	797	0	
2907	30	3307	0	
2908	30	9902	0	
2909	30	7702	0	
2910	30	279	0	
2911	30	7552	0	
2912	30	2203	0	
2913	30	4641	0	
2914	30	1432	0	
2915	30	8232	0	
2916	30	5103	0	
2917	30	3081	0	
2918	30	8588	0	
2919	30	4251	0	
2920	30	884	0	
2921	30	2690	0	
2922	30	1652	0	
2923	26	9040	8	37
2924	30	5520	0	
2925	30	175	0	
2926	30	4004	0	
2927	30	2230	0	
2928	30	7274	0	
2929	30	13	0	
2930	30	6707	0	
2931	30	9969	0	
2932	30	1250	0	
2933	30	5480	0	
2934	30	977	0	
2935	30	2274	0	
2936	30	3426	0	
2937	30	8003	0	
2938	30	6777	0	
2939	30	4694	0	
2940	30	3617	0	
2941	30	9869	0	
2942	30	3812	0	
2943	30	8875	0	
2944	30	4491	0	
2945	30	6076	0	
2946	30	4459	0	
2947	30	412	0	
2948	30	9161	0	
2949	30	2122	0	
2950	30	336	0	
2951	30	4980	0	
2952	30	4289	0	
2953	30	8804	0	
2954	30	5140	0	
2955	30	2311	0	
2956	30	7959	0	
2957	30	454	0	
2958	30	2183	0	
2959	30	7442	0	
2960	30	6115	0	
2961	30	6238	0	
2962	30	3577	0	
2963	30	9419	0	
2964	30	6706	0	
2965	30	4544	0	
2966	30	9387	0	
2967	30	2981	0	
2968	30	6241	0	
2969	30	9131	0	
2970	30	2832	0	
2971	30	9711	0	
2972	30	19	0	
2973	30	1703	0	
2974	30	2398	0	
2975	30	8471	0	
2976	30	1085	0	
2977	30	2663	0	
2978	30	2577	0	
2979	30	4580	0	
2980	30	7944	0	
2981	30	2967	0	
2982	30	398	0	
2983	30	6383	0	
2984	30	3755	0	
2985	30	2888	0	
2986	30	5730	0	
2987	30	8281	0	
2988	30	5296	0	
2989	30	2421	0	
2990	30	8595	0	82
2991	30	3193	0	
2992	30	7234	0	
2993	30	7585	0	
2994	30	3861	0	
2995	30	6650	0	
2996	30	9476	0	
2997	30	6665	0	
2998	30	4070	0	
2999	30	6881	0	
3000	30	9622	0	
3001	30	433	0	
3002	30	9685	0	
3003	30	9	0	
3004	30	3451	0	
3005	30	6188	0	
3006	30	6709	0	
3007	30	5230	0	
3008	30	866	0	
3009	30	7602	0	
3010	30	1958	0	
3011	30	4517	0	
3012	30	7731	0	
3013	30	1035	0	
3014	30	9961	0	
3015	30	1338	0	
3016	30	1792	0	
3017	30	9399	0	
3018	30	6731	0	
3019	30	8477	0	
3020	30	9432	0	
3021	30	331	0	
3022	30	77	0	
3023	30	7314	0	
3024	30	2597	0	
3025	30	1972	0	
3026	30	4300	0	
3027	30	757	0	
3028	30	9922	0	
3029	30	3689	0	
3030	19	877	6	
3031	30	655	0	
3032	30	1360	0	
3033	30	7309	0	
3034	30	4949	0	
3035	30	7193	0	
3036	30	4567	0	
3037	30	8632	0	
3038	30	8878	0	
3039	30	920	0	
3040	30	4074	0	
3041	30	8150	0	
3042	30	6014	0	
3043	30	7470	0	
3044	30	1685	0	
3045	30	5064	0	
3046	30	7133	0	
3047	30	4834	0	
3048	30	6391	0	
3049	30	1465	0	
3050	30	6011	0	
3051	30	6879	0	
3052	30	8743	0	
3053	30	975	0	
3054	30	2209	0	
3055	30	4201	0	
3056	30	7191	0	
3057	30	2803	0	
3058	30	3877	0	
3059	30	1065	0	
3060	30	2370	0	
3061	30	1066	0	
3062	30	154	0	
3063	30	1872	0	
3064	30	6386	0	
3065	30	3786	0	
3066	30	7814	0	
3067	30	9001	0	
3068	30	5726	0	
3069	30	3304	0	
3070	30	3834	0	
3071	30	4520	0	
3072	30	1603	0	
3073	30	7217	0	
3074	30	1462	0	
3075	30	5084	0	
3076	30	8502	0	
3077	30	5353	0	
3078	30	3847	0	
3079	30	1256	0	
3080	30	372	0	
3081	30	2917	0	
3082	30	3591	0	
3083	30	8092	0	
3084	30	9755	0	
3085	30	4188	0	
3086	30	2792	0	
3087	30	517	0	
3088	30	5444	0	
3089	30	8107	0	
3090	30	5615	0	
3091	30	2438	0	
3092	30	3189	0	
3093	30	9897	0	
3094	30	2014	0	
3095	30	4785	0	
3096	30	5673	0	
3097	30	9586	0	
3098	30	9831	0	
3099	30	7589	0	
3100	30	9804	0	
3101	30	7826	0	
3102	30	8841	0	
3103	30	7911	0	
3104	30	2358	0	
3105	30	6369	0	
3106	30	6557	0	
3107	30	9097	0	
3108	30	7242	0	
3109	30	7446	0	
3110	30	5392	0	
3111	30	7075	0	
3112	30	5916	0	
3113	30	1241	0	
3114	30	1997	0	
3115	30	6519	0	
3116	30	7134	0	
3117	30	7527	0	
3118	30	6221	0	
3119	30	3654	0	
3120	30	9819	0	
3121	30	7449	0	
3122	30	257	0	
3123	30	9817	0	
3124	30	1569	0	
3125	30	6630	0	
3126	30	6419	0	
3127	30	6382	0	
3128	30	7154	0	
3129	30	3816	0	
3130	30	567	0	
3131	30	1935	0	
3132	30	6189	0	
3133	30	2677	0	
3134	30	5544	0	
3135	30	1022	0	
3136	30	8251	0	
3137	30	1559	0	
3138	30	7799	0	
3139	30	5310	0	
3140	30	5858	0	
3141	30	992	0	
3142	30	8840	0	
3143	15	8503	2	1
3144	30	6277	0	
3145	30	7638	0	
3146	30	5178	0	
3147	30	9782	0	
3148	30	2038	0	
3149	30	6783	0	
3150	30	3350	0	
3151	30	2063	0	
3152	30	9242	0	
3153	30	1048	0	
3154	30	6870	0	
3155	30	2731	0	
3156	30	5490	0	
3157	30	2400	0	
3158	30	8921	0	
3159	30	7793	0	
3160	30	1775	0	
3161	30	1080	0	
3162	30	1857	0	
3163	30	390	0	
3164	30	8577	0	
3165	30	6422	0	
3166	30	9477	0	
3167	30	7374	0	
3168	30	5137	0	
3169	30	7490	0	
3170	30	9872	0	
3171	30	8026	0	
3172	30	4723	0	
3173	30	1345	0	
3174	30	7225	0	
3175	30	3259	0	
3176	30	7352	0	
3177	30	4342	0	
3178	30	9321	0	
3179	30	4704	0	
3180	30	6142	0	
3181	30	7842	0	
3182	30	4096	0	
3183	30	4873	0	
3184	30	9512	0	
3185	30	7127	0	
3186	29	1268	5	5
3187	30	8584	0	
3188	30	8237	0	
3189	30	3092	0	
3190	30	7119	0	
3191	30	8066	0	
3192	30	3565	0	
3193	30	2991	0	
3194	30	4585	0	
3195	30	3789	0	
3196	30	9008	0	
3197	30	86	0	
3198	30	1170	0	
3199	30	2214	0	
3200	30	2396	0	
3201	30	3550	0	
3202	30	1299	0	
3203	30	5218	0	
3204	30	4469	0	
3205	30	6103	0	
3206	30	3903	0	
3207	30	1696	0	
3208	30	6411	0	
3209	30	2621	0	
3210	30	3476	0	
3211	30	9604	0	
3212	30	4811	0	
3213	30	8630	0	
3214	30	6122	0	
3215	30	2515	0	
3216	30	6426	0	
3217	30	8247	0	
3218	30	2451	0	
3219	30	8980	0	
3220	30	4321	0	
3221	30	4777	0	
3222	30	712	0	
3223	30	5942	0	
3224	30	8895	0	
3225	30	223	0	
3226	30	8359	0	
3227	30	989	0	
3228	30	4092	0	
3229	30	9913	0	
3230	30	1454	0	
3231	30	9534	0	
3232	30	7760	0	
3233	30	2550	0	
3234	30	7028	0	
3235	30	8945	0	
3236	30	3599	0	
3237	30	1578	0	
3238	30	3436	0	
3239	30	2472	0	
3240	30	8514	0	
3241	30	2439	0	
3242	30	6778	0	
3243	30	9992	0	
3244	30	7926	0	
3245	30	2047	0	
3246	30	8191	0	
3247	30	3685	0	
3248	30	7918	0	
3249	30	3560	0	
3250	30	1690	0	
3251	30	9787	0	
3252	30	289	0	
3253	9	9747	4	15
3254	30	1610	0	
3255	30	5055	0	
3256	30	5643	0	
3257	30	9871	0	
3258	30	1711	0	
3259	30	3175	0	
3260	30	1424	0	
3261	30	7587	0	
3262	30	8727	0	
3263	30	6985	0	
3264	30	6591	0	
3265	30	6176	0	
3266	30	4599	0	
3267	30	5473	0	
3268	30	1394	0	
3269	30	4977	0	
3270	30	626	0	
3271	30	9156	0	
3272	30	852	0	
3273	30	3939	0	
3274	30	2095	0	
3275	30	7613	0	
3276	30	6798	0	
3277	30	4818	0	
3278	30	8436	0	
3279	30	1596	0	
3280	30	7427	0	
3281	30	8173	0	
3282	30	9410	0	
3283	30	1472	0	
3284	30	7326	0	
3285	30	7989	0	
3286	30	3460	0	
3287	30	4992	0	
3288	30	9421	0	
3289	30	1818	0	
3290	30	5095	0	
3291	30	8369	0	
3292	30	5665	0	
3293	30	7914	0	
3294	30	8164	0	
3295	30	6741	0	
3296	30	2314	0	
3297	30	8806	0	
3298	30	5062	0	
3299	30	3371	0	
3300	30	7015	0	
3301	30	9392	0	
3302	30	7790	0	
3303	30	8741	0	
3304	30	3069	0	
3305	30	5561	0	
3306	30	2730	0	
3307	30	2907	0	
3308	30	1037	0	
3309	30	6274	0	
3310	30	9718	0	
3311	30	4174	0	
3312	30	9976	0	
3313	30	5712	0	
3314	30	4123	0	
3315	30	4776	0	
3316	30	3335	0	
3317	30	4333	0	
3318	30	7223	0	
3319	30	6048	0	
3320	30	3408	0	
3321	30	9423	0	
3322	30	9855	0	
3323	30	1051	0	
3324	30	2290	0	
3325	30	2120	0	
3326	30	5947	0	
3327	30	1337	0	
3328	30	6061	0	
3329	30	3499	0	
3330	30	3951	0	
3331	30	5682	0	
3332	30	7440	0	
3333	30	6722	0	
3334	30	2012	0	
3335	30	3316	0	
3336	30	5269	0	
3337	30	707	0	
3338	30	6581	0	
3339	30	5970	0	
3340	30	9104	0	
3341	30	570	0	
3342	30	7770	0	
3343	30	1219	0	
3344	30	1423	0	
3345	30	5276	0	
3346	30	1222	0	
3347	30	2336	0	
3348	30	8258	0	
3349	30	4472	0	
3350	30	3150	0	
3351	30	9880	0	
3352	30	6462	0	
3353	30	9376	0	
3354	30	5590	0	
3355	30	7981	0	
3356	30	8904	0	
3357	30	1018	0	
3358	30	4911	0	
3359	30	7769	0	
3360	30	9289	0	
3361	30	5308	0	
3362	30	6424	0	
3363	30	2651	0	
3364	30	7247	0	
3365	30	6632	0	
3366	30	8308	0	
3367	30	3811	0	
3368	30	6409	0	
3369	30	2130	0	
3370	30	135	0	
3371	30	3299	0	
3372	30	3672	0	
3373	30	8358	0	
3374	30	2773	0	
3375	30	3990	0	
3376	30	1583	0	
3377	30	1788	0	
3378	30	1188	0	
3379	30	4972	0	
3380	30	2601	0	
3381	30	700	0	
3382	30	8554	0	
3383	30	1816	0	
3384	30	1131	0	
3385	30	3788	0	
3386	30	2193	0	
3387	30	9146	0	
3388	30	1404	0	
3389	30	4895	0	
3390	30	1555	0	
3391	30	6811	0	
3392	30	5788	0	
3393	30	8834	0	
3394	30	2736	0	
3395	30	9775	0	
3396	30	1791	0	
3397	30	9167	0	
3398	30	2	0	
3399	30	445	0	
3400	30	6318	0	
3401	30	7069	0	
3402	30	1647	0	
3403	30	9751	0	
3404	30	7087	0	
3405	30	969	0	
3406	30	9716	0	
3407	30	1924	0	
3408	30	3320	0	
3409	30	2408	0	
3410	30	5501	0	
3411	30	2837	0	
3412	30	1886	0	
3413	30	6460	0	
3414	30	8688	0	
3415	30	1893	0	
3416	30	4930	0	
3417	30	7715	0	
3418	30	5499	0	
3419	30	5189	0	
3420	30	1095	0	
3421	30	6585	0	
3422	30	6116	0	
3423	30	347	0	
3424	30	6001	0	
3425	30	9103	0	
3426	30	2936	0	
3427	30	7230	0	
3428	30	7761	0	
3429	30	1133	0	
3430	30	871	0	
3431	30	9997	0	
3432	30	2298	0	
3433	30	9301	0	
3434	30	8437	0	
3435	30	7317	0	
3436	30	3238	0	
3437	30	1507	0	
3438	30	1193	0	
3439	30	2523	0	
3440	30	234	0	
3441	30	5510	0	
3442	30	6805	0	
3443	30	7046	0	
3444	30	6448	0	
3445	30	8746	0	
3446	30	2694	0	
3447	30	1853	0	
3448	25	7029	0	6
3449	30	5336	0	
3450	30	2522	0	
3451	30	3004	0	
3452	30	9911	0	
3453	30	6013	0	
3454	30	8924	0	
3455	30	1553	0	
3456	30	5376	0	
3457	30	3721	0	
3458	30	455	0	
3459	30	9767	0	
3460	30	3286	0	
3461	30	2599	0	
3462	30	7129	0	
3463	30	9158	0	
3464	30	346	0	
3465	30	2648	0	
3466	30	9822	0	
3467	30	6496	0	
3468	30	9438	0	
3469	30	5194	0	
3470	30	4302	0	
3471	30	5779	0	
3472	30	4467	0	
3473	30	9023	0	
3474	30	4476	0	
3475	30	5085	0	
3476	30	3210	0	
3477	30	6834	0	
3478	30	4197	0	
3479	30	6723	0	
3480	30	6825	0	
3481	30	8880	0	
3482	30	1089	0	
3483	30	1036	0	
3484	30	8844	0	
3485	30	6717	0	
3486	30	5608	0	
3487	30	9292	0	
3488	30	1074	0	
3489	30	2878	0	
3490	30	3615	0	
3491	30	7198	0	
3492	30	2189	0	
3493	30	8984	0	
3494	30	5766	0	
3495	30	1891	0	
3496	30	4860	0	
3497	30	4793	0	
3498	30	6934	0	
3499	30	3329	0	
3500	30	198	0	
3501	30	9250	0	
3502	30	3863	0	
3503	30	8451	0	
3504	30	770	0	
3505	30	9572	0	
3506	30	7965	0	
3507	30	8701	0	
3508	30	929	0	
3509	30	2006	0	
3510	30	7540	0	
3511	30	1963	0	
3512	30	7831	0	
3513	30	8999	0	
3514	30	5185	0	
3515	30	6669	0	
3516	30	3997	0	
3517	30	2186	0	
3518	30	9447	0	
3519	30	9420	0	
3520	30	7942	0	
3521	30	7476	0	
3522	30	317	0	
3523	30	749	0	
3524	30	4886	0	
3525	30	7828	0	
3526	30	7372	0	
3527	30	6587	0	
3528	30	2301	0	
3529	30	7732	0	
3530	30	8853	0	
3531	30	6005	0	
3532	30	9471	0	
3533	30	6977	0	
3534	30	4648	0	
3535	30	4168	0	
3536	30	8655	0	
3537	30	5247	0	
3538	30	7132	0	
3539	30	7291	0	
3540	30	4618	0	
3541	30	8446	0	
3542	30	7868	0	
3543	30	4542	0	
3544	30	7070	0	
3545	30	2704	0	96
3546	30	5876	0	
3547	30	4076	0	
3548	30	6948	0	
3549	30	6233	0	
3550	30	3201	0	
3551	30	8332	0	
3552	30	7214	0	
3553	30	9307	0	
3554	30	8379	0	
3555	30	957	0	
3556	30	1662	0	
3557	30	5126	0	
3558	30	2482	0	
3559	30	1366	0	
3560	30	3249	0	
3561	23	8715	3	35
3562	30	1295	0	
3563	30	7389	0	
3564	30	5251	0	
3565	30	3192	0	
3566	30	4420	0	
3567	30	9557	0	
3568	30	407	0	
3569	4	6976	8	20
3570	30	5735	0	
3571	30	6699	0	
3572	30	8851	0	
3573	30	5638	0	
3574	30	1483	0	
3575	30	4837	0	
3576	30	2240	0	
3577	30	2962	0	
3578	30	28	0	
3579	30	6642	0	
3580	30	4665	0	
3581	30	9509	0	
3582	30	786	0	
3583	30	6555	0	
3584	30	1505	0	
3585	30	9923	0	
3586	30	3896	0	
3587	30	1974	0	
3588	30	9051	0	
3589	30	6520	0	
3590	30	1283	0	
3591	30	3082	0	
3592	30	7626	0	
3593	30	1090	0	
3594	30	1876	0	
3595	30	9631	0	
3596	30	4627	0	
3597	30	39	0	
3598	30	4028	0	
3599	30	3236	0	
3600	30	6119	0	
3601	30	6902	0	85
3602	30	183	0	
3603	30	8567	0	
3604	30	5330	0	
3605	30	8579	0	
3606	30	55	0	
3607	30	7385	0	
3608	30	1106	0	
3609	30	9702	0	
3610	30	8819	0	
3611	30	8083	0	
3612	30	1672	0	
3613	30	9655	0	
3614	30	512	0	
3615	30	3490	0	
3616	30	5530	0	
3617	30	2940	0	
3618	30	4497	0	
3619	30	8288	0	
3620	30	9991	0	
3621	30	5516	0	
3622	30	2342	0	
3623	30	1358	0	
3624	30	6126	0	
3625	30	2199	0	
3626	30	6249	0	
3627	30	9461	0	
3628	30	2365	0	
3629	30	9941	0	
3630	30	5894	0	
3631	30	9032	0	
3632	30	647	0	
3633	6	1949	0	20
3634	30	1574	0	
3635	30	8337	0	
3636	30	7806	0	
3637	30	6175	0	
3638	30	6364	0	
3639	30	4120	0	
3640	30	1380	0	
3641	30	9162	0	
3642	30	1645	0	
3643	30	474	0	
3644	30	5161	0	
3645	30	9663	0	
3646	30	9556	0	
3647	30	5222	0	
3648	30	5855	0	
3649	30	1251	0	
3650	30	7721	0	
3651	30	6020	0	
3652	30	904	0	
3653	30	7501	0	
3654	30	3119	0	
3655	30	2388	0	
3656	30	4011	0	
3657	30	7954	0	
3658	30	5732	0	
3659	30	2834	0	
3660	30	1587	0	
3661	30	8294	0	
3662	30	2046	0	
3663	30	9936	0	
3664	30	4629	0	
3665	30	303	0	
3666	30	6730	0	
3667	30	1581	0	
3668	30	5151	0	
3669	30	9205	0	
3670	30	2469	0	
3671	30	4218	0	
3672	30	3372	0	
3673	30	7493	0	
3674	30	9805	0	
3675	30	4975	0	
3676	30	8091	0	
3677	30	8923	0	41
3678	30	6264	0	
3679	30	6360	0	
3680	30	6674	0	
3681	30	8908	0	
3682	30	5272	0	
3683	30	4093	0	
3684	30	6481	0	
3685	30	3247	0	
3686	30	5354	0	
3687	30	211	0	
3688	30	9386	0	
3689	30	3029	0	
3690	30	1757	0	
3691	30	4851	0	
3692	30	5767	0	
3693	30	5215	0	
3694	30	5482	0	
3695	30	8387	0	
3696	30	4715	0	
3697	30	6718	0	
3698	30	85	0	
3699	30	147	0	
3700	30	5935	0	
3701	30	191	0	
3702	30	6910	0	
3703	30	98	0	
3704	30	1302	0	
3705	30	4783	0	
3706	30	1304	0	
3707	30	7099	0	
3708	30	5129	0	
3709	30	5038	0	
3710	30	304	0	
3711	30	219	0	
3712	30	4878	0	
3713	30	9380	0	
3714	30	270	0	
3715	30	4574	0	
3716	30	6607	0	
3717	30	4614	0	
3718	30	7632	0	
3719	30	1189	0	
3720	30	9810	0	
3721	30	3457	0	
3722	30	9090	0	
3723	30	7409	0	
3724	30	1145	0	
3725	30	2273	0	
3726	30	9114	0	
3727	30	1501	0	
3728	30	8162	0	
3729	30	7482	0	
3730	30	7559	0	
3731	30	6044	0	
3732	30	4888	0	
3733	30	6700	0	
3734	30	5731	0	
3735	30	4483	0	
3736	30	9148	0	
3737	30	1227	0	
3738	30	1634	0	
3739	30	4439	0	
3740	30	4308	0	
3741	30	3759	0	
3742	30	2179	0	
3743	30	8078	0	
3744	30	9935	0	
3745	30	4151	0	
3746	30	6816	0	
3747	30	5962	0	
3748	30	2078	0	
3749	30	9877	0	
3750	30	6714	0	
3751	30	7756	0	
3752	30	258	0	
3753	30	6329	7	40 66
3754	30	107	0	
3755	30	2984	0	
3756	30	8816	0	
3757	30	2705	0	
3758	30	9928	0	
3759	30	3741	0	
3760	30	6638	0	
3761	30	8812	0	
3762	30	5397	0	
3763	30	1473	0	
3764	30	9569	0	
3765	30	6466	0	
3766	30	9491	0	
3767	30	2707	0	
3768	30	446	0	
3769	30	2371	0	
3770	30	6294	0	
3771	30	5627	0	
3772	30	7974	0	
3773	30	2820	0	
3774	30	8098	0	
3775	30	1567	0	
3776	30	1797	0	
3777	30	9350	0	
3778	30	7383	0	
3779	30	8156	0	
3780	30	7432	0	
3781	30	9887	0	
3782	30	9182	0	
3783	30	1683	0	
3784	30	7841	0	
3785	30	6691	0	
3786	30	3065	0	
3787	30	6479	0	
3788	30	3385	0	
3789	30	3195	0	
3790	30	4085	0	
3791	30	4216	0	
3792	30	516	0	
3793	30	9674	0	
3794	30	756	0	
3795	30	205	0	
3796	30	5629	0	
3797	30	2583	0	
3798	30	5836	0	
3799	30	2470	0	
3800	30	7620	0	
3801	30	8790	0	
3802	30	9245	0	
3803	30	2798	0	
3804	30	141	0	
3805	30	8304	0	
3806	30	8785	0	
3807	30	9508	0	
3808	30	4820	0	
3809	30	72	0	
3810	30	2591	0	
3811	30	3367	0	
3812	30	2942	0	
3813	30	1169	0	
3814	30	9854	0	
3815	30	1820	0	
3816	30	3129	0	
3817	30	7104	0	
3818	30	4375	0	
3819	30	1255	0	
3820	30	5526	0	
3821	30	9699	0	
3822	30	7739	0	
3823	30	1903	0	
3824	30	8520	0	
3825	30	5921	0	
3826	30	1933	0	
3827	22	8435	4	33
3828	30	5680	2	40
3829	30	2748	0	
3830	30	9063	0	
3831	30	7494	0	59
3832	30	8733	0	
3833	30	6019	0	
3834	30	3070	0	
3835	30	7933	0	
3836	30	4598	0	
3837	30	4054	0	
3838	30	596	0	
3839	30	7644	0	
3840	30	9708	0	47
3841	30	8034	0	
3842	30	7843	0	
3843	30	9576	0	
3844	30	9760	0	
3845	30	2055	0	
3846	30	6348	0	
3847	30	3078	0	
3848	30	4103	0	
3849	30	5045	0	
3850	30	8890	0	
3851	30	861	0	
3852	30	1548	0	
3853	30	4531	0	
3854	30	382	0	
3855	30	8424	0	
3856	30	9794	0	
3857	30	2735	0	
3858	30	6822	0	
3859	30	9779	0	
3860	30	7182	0	
3861	30	2994	0	67
3862	30	9939	0	
3863	30	3502	0	
3864	30	8791	0	
3865	30	2223	0	
3866	30	9932	0	
3867	30	7143	0	
3868	30	7281	0	
3869	30	2672	0	
3870	30	2028	0	
3871	30	9036	0	
3872	28	510	0	38
3873	30	2598	0	
3874	30	890	0	
3875	30	9910	0	
3876	30	2721	0	
3877	30	3058	0	
3878	30	4680	0	
3879	30	1393	0	
3880	30	5957	0	
3881	30	7361	0	
3882	30	4569	0	
3883	30	9211	0	
3884	30	6787	0	
3885	30	8956	0	
3886	30	7329	0	
3887	30	945	0	
3888	30	6057	0	
3889	30	4089	0	
3890	30	1976	0	
3891	30	7371	0	
3892	30	5290	0	
3893	30	8995	0	
3894	30	6694	0	
3895	30	1141	0	
3896	30	3586	0	
3897	30	2251	0	
3898	30	9680	0	
3899	30	7808	0	
3900	30	2172	0	
3901	30	2876	0	
3902	30	2000	0	
3903	30	3206	0	
3904	30	4624	0	
3905	30	9633	0	
3906	21	7691	11	12 99
3907	30	5677	0	
3908	30	2846	0	
3909	30	928	0	
3910	30	1744	0	
3911	30	8301	0	
3912	30	7426	0	
3913	30	654	0	
3914	30	718	0	
3915	30	7145	0	
3916	30	5841	0	
3917	30	4454	0	
3918	30	5369	0	
3919	30	5139	0	
3920	30	30	0	
3921	30	9551	0	
3922	30	8429	0	
3923	30	7529	0	
3924	30	459	0	
3925	30	1692	0	
3926	30	4025	0	
3927	30	9264	0	
3928	22	4471	13	34
3929	30	1805	0	
3930	30	5326	0	
3931	30	2615	0	
3932	30	220	0	
3933	30	9806	0	
3934	30	2607	0	
3935	30	1317	0	
3936	30	742	0	
3937	30	1272	0	
3938	30	5408	0	
3939	30	3273	0	
3940	30	9613	0	
3941	30	6213	0	
3942	30	5656	0	
3943	30	5742	0	
3944	30	7710	0	
3945	30	4813	0	
3946	30	5118	0	
3947	30	7016	0	
3948	30	9898	0	
3949	30	7952	0	
3950	30	8297	0	
3951	30	3330	0	
3952	30	6505	0	
3953	30	7136	0	
3954	30	9721	0	
3955	30	8287	0	
3956	30	9722	0	
3957	30	8028	0	
3958	30	1240	0	
3959	30	2039	0	
3960	30	1457	0	
3961	30	7992	0	
3962	30	2294	0	
3963	30	2483	0	
3964	30	6775	0	
3965	30	5960	0	
3966	30	4578	0	
3967	30	4265	0	
3968	30	8438	0	
3969	30	551	0	
3970	30	7588	0	
3971	30	8981	0	
3972	30	2348	0	
3973	30	7295	0	
3974	30	264	0	
3975	30	9705	0	
3976	30	6155	0	
3977	30	2646	0	
3978	30	6129	0	
3979	30	9474	0	
3980	30	6997	0	
3981	30	8524	0	
3982	30	6814	0	
3983	30	8139	0	
3984	30	9333	0	
3985	30	9484	0	
3986	30	6538	0	
3987	30	1045	0	
3988	30	6578	0	
3989	30	5503	0	
3990	30	3375	0	
3991	30	1755	0	
3992	30	4367	0	
3993	30	7850	0	
3994	30	9050	0	
3995	30	4416	0	
3996	12	9138	9	26
3997	30	3516	0	
3998	30	9022	0	
3999	30	7528	0	
4000	30	6644	0	
4001	30	6463	0	
4002	30	4128	0	
4003	30	8763	0	
4004	30	2926	0	
4005	30	8776	0	
4006	30	1388	0	
4007	30	2656	0	
4008	30	8782	0	
4009	30	5903	0	
4010	30	9517	0	
4011	30	3656	0	
4012	30	7679	0	
4013	30	7056	0	
4014	30	8463	0	
4015	30	2477	0	
4016	30	1618	0	
4017	30	1641	0	
4018	30	1532	0	
4019	30	8667	0	
4020	30	8946	0	
4021	30	7096	0	
4022	30	7113	0	
4023	30	9995	0	
4024	30	9696	0	
4025	30	3926	0	
4026	30	5156	0	
4027	30	8416	0	
4028	30	3598	0	
4029	30	6656	0	
4030	30	607	0	
4031	30	419	0	
4032	30	5709	0	
4033	30	4150	0	
4034	30	8431	0	
4035	30	7021	0	
4036	30	8353	0	
4037	30	5113	0	
4038	30	5626	0	
4039	30	6306	0	
4040	30	6418	0	
4041	30	650	0	
4042	30	8263	0	
4043	30	8665	0	
4044	30	4693	0	
4045	30	1801	0	
4046	30	5670	0	
4047	30	1487	0	
4048	30	940	0	
4049	30	6442	0	
4050	30	8587	0	
4051	30	4635	0	
4052	30	7733	0	
4053	30	6840	0	
4054	30	3837	0	
4055	30	4496	0	
4056	30	2673	0	
4057	30	874	0	
4058	30	658	0	
4059	30	5556	0	
4060	30	42	0	
4061	30	5309	0	
4062	30	2573	0	
4063	30	9004	0	
4064	30	1072	0	
4065	30	5906	0	
4066	30	5786	0	
4067	30	9085	0	
4068	30	1019	0	
4069	30	7978	0	
4070	30	2998	0	
4071	30	6012	0	
4072	30	4234	0	
4073	30	7762	0	
4074	30	3040	0	
4075	30	5155	0	
4076	30	3547	0	
4077	30	1784	0	
4078	30	1411	0	
4079	30	8375	0	
4080	30	7052	0	
4081	30	7603	0	
4082	30	1009	0	
4083	30	6073	0	
4084	30	9183	0	
4085	30	3790	0	
4086	30	1722	0	
4087	30	9615	0	
4088	30	6984	0	
4089	30	3889	0	
4090	30	9921	0	
4091	30	9285	0	
4092	30	3228	0	
4093	30	3683	0	
4094	30	515	0	
4095	30	8996	0	
4096	30	3182	0	
4097	30	6102	0	
4098	30	9726	0	
4099	30	8330	0	
4100	30	1159	0	
4101	30	6253	0	
4102	30	542	0	
4103	30	3848	0	
4104	30	5236	0	
4105	30	1306	0	
4106	30	2271	0	
4107	30	9879	0	
4108	30	7667	0	
4109	30	9089	0	
4110	30	1829	0	
4111	30	4868	0	
4112	30	4610	0	
4113	30	2790	0	
4114	30	6070	0	
4115	30	6051	0	
4116	30	862	0	
4117	30	6720	0	
4118	30	2631	0	
4119	30	8221	0	
4120	30	3639	0	
4121	30	5238	0	
4122	30	7640	0	
4123	30	3314	0	
4124	30	4725	0	
4125	30	493	0	
4126	30	5596	0	
4127	30	4403	0	
4128	30	4002	0	
4129	30	7794	0	
4130	30	6008	0	
4131	30	6786	0	
4132	30	8601	0	
4133	30	9252	0	
4134	30	6304	0	
4135	30	7553	0	
4136	30	1524	0	
4137	30	6147	0	
4138	30	1806	0	
4139	30	2393	0	
4140	30	8153	0	
4141	30	8402	0	
4142	30	1491	0	
4143	30	7358	0	
4144	30	2494	0	
4145	30	7267	0	
4146	30	381	0	
4147	30	1982	0	
4148	30	1375	0	
4149	30	9979	0	
4150	30	4033	0	
4151	30	3745	0	
4152	30	9209	0	
4153	30	6018	0	
4154	30	1325	0	
4155	30	2156	0	
4156	30	5128	0	
4157	30	180	0	
4158	30	6819	0	
4159	30	2890	0	
4160	30	4997	0	
4161	30	1844	0	
4162	30	1008	0	
4163	30	4504	0	
4164	30	4897	0	
4165	30	373	0	
4166	30	245	0	
4167	30	1294	0	
4168	30	3535	0	
4169	30	6106	0	
4170	30	9172	0	
4171	30	1713	0	
4172	30	5963	0	
4173	30	7595	0	
4174	30	3311	0	
4175	30	4885	0	
4176	30	1840	0	
4177	30	6086	0	
4178	30	7801	0	
4179	30	1442	0	
4180	30	2446	0	
4181	30	9647	0	
4182	30	2563	0	
4183	30	8969	0	
4184	30	9361	0	
4185	30	6429	0	
4186	30	5166	0	
4187	30	2788	0	
4188	30	3085	0	
4189	30	1865	0	
4190	30	6885	0	
4191	30	8532	0	
4192	30	537	0	
4193	30	9093	0	
4194	30	7122	0	
4195	30	8053	0	
4196	30	7484	0	
4197	30	3478	0	
4198	30	6311	0	
4199	30	342	0	
4200	30	8441	0	
4201	30	3055	0	
4202	30	1440	0	
4203	30	2543	0	
4204	30	4387	0	
4205	30	1885	0	
4206	30	4918	0	
4207	30	1111	0	
4208	30	332	0	
4209	30	6406	0	
4210	30	4884	0	
4211	30	5395	0	
4212	30	1319	0	
4213	30	6941	0	
4214	30	1122	0	
4215	30	5630	0	
4216	30	3791	0	
4217	30	2536	0	
4218	30	3671	0	
4219	30	4306	0	
4220	30	6490	0	
4221	30	2415	0	
4222	30	7513	0	
4223	30	1780	0	
4224	30	7024	0	
4225	30	9352	0	
4226	30	9368	0	
4227	30	7202	0	
4228	30	5761	0	
4229	30	2085	0	
4230	30	4259	0	
4231	30	9535	0	
4232	30	5398	0	
4233	30	790	0	
4234	30	4072	0	
4235	30	2034	0	
4236	30	4999	0	
4237	30	1701	0	
4238	30	8959	0	
4239	30	1023	0	
4240	30	1863	0	
4241	30	1415	0	
4242	30	9256	0	
4243	30	5414	0	
4244	30	5402	0	
4245	30	4792	0	
4246	30	8722	0	
4247	30	6965	0	
4248	30	5879	0	
4249	30	1331	0	
4250	30	4790	0	
4251	30	2919	0	
4252	30	9559	0	
4253	30	2680	0	
4254	30	5057	0	
4255	30	7758	0	
4256	30	2886	0	
4257	30	2791	0	
4258	30	7365	0	
4259	30	4230	0	
4260	30	9407	0	
4261	30	7126	0	
4262	30	6829	0	
4263	30	5657	0	
4264	30	8285	0	
4265	30	3967	0	
4266	30	6416	0	
4267	30	6772	0	
4268	30	9204	0	
4269	30	8965	0	
4270	30	2049	0	
4271	30	7646	0	
4272	30	2252	0	
4273	30	5931	0	
4274	30	193	0	
4275	30	1669	0	
4276	30	522	0	
4277	24	2208	12	
4278	30	1183	0	
4279	30	6215	0	
4280	30	7400	0	
4281	30	5907	0	
4282	30	4976	0	
4283	30	4314	0	
4284	30	7884	0	
4285	30	2782	0	
4286	30	7327	0	
4287	30	5498	0	
4288	30	1745	0	
4289	30	2952	0	
4290	30	7278	0	
4291	30	2128	0	
4292	30	9403	0	
4293	30	6956	0	
4294	30	9033	0	
4295	30	5864	0	
4296	30	4957	0	
4297	30	7980	0	
4298	30	6330	0	
4299	30	7701	0	
4300	30	3026	0	
4301	30	6446	0	
4302	30	3470	0	
4303	30	785	0	
4304	30	7969	0	
4305	30	2558	0	
4306	30	4219	0	
4307	30	4400	0	
4308	30	3740	0	
4309	30	8976	0	
4310	30	2776	0	
4311	30	843	0	
4312	30	837	0	
4313	30	4656	0	
4314	30	4283	0	
4315	30	2059	0	
4316	30	1598	0	
4317	30	7807	0	
4318	30	8143	0	
4319	30	2065	0	
4320	30	5667	0	
4321	30	3220	0	
4322	30	2143	0	
4323	30	5303	0	
4324	30	5073	0	
4325	30	2419	0	
4326	30	5260	0	
4327	30	8663	0	
4328	30	5994	0	
4329	30	9312	0	
4330	30	1552	0	
4331	30	7399	0	
4332	30	5783	0	
4333	12	3317	13	26
4334	30	8721	0	
4335	30	1453	0	
4336	30	9300	0	
4337	30	7838	0	
4338	30	6295	0	
4339	30	699	0	
4340	30	6218	0	
4341	30	105	0	
4342	30	3177	0	
4343	30	1121	0	
4344	30	5913	0	
4345	30	738	0	
4346	30	6979	0	
4347	30	5631	0	
4348	30	2692	0	
4349	30	2380	0	
4350	30	956	0	
4351	30	7565	0	
4352	30	1996	0	
4353	30	9102	0	
4354	30	4655	0	
4355	14	7246	8	27
4356	30	9116	0	
4357	30	4455	0	
4358	30	8063	0	
4359	30	5507	0	
4360	30	9573	0	
4361	30	1682	0	
4362	30	5100	0	
4363	30	2440	0	
4364	30	5679	0	
4365	30	547	0	
4366	30	1590	0	
4367	20	3992	6	32
4368	30	52	0	
4369	30	4765	0	
4370	30	8756	0	
4371	30	1896	0	
4372	30	9981	0	
4373	30	5471	0	
4374	30	8538	0	
4375	30	3818	0	
4376	30	1739	0	
4377	30	1786	0	
4378	29	6483	2	
4379	30	5357	0	
4380	30	7594	0	
4381	30	5007	0	
4382	30	5790	0	
4383	30	7083	0	
4384	30	9914	0	
4385	30	5955	0	
4386	30	7005	0	
4387	30	4204	0	
4388	30	4732	0	
4389	30	6287	0	
4390	30	2833	0	
4391	30	5015	0	
4392	30	1016	0	
4393	30	865	0	
4394	30	5758	0	
4395	30	7253	0	
4396	30	5687	0	
4397	30	5153	0	
4398	30	9885	0	
4399	30	2769	0	
4400	30	4307	0	
4401	30	6357	0	
4402	30	2734	0	
4403	30	4127	0	
4404	30	682	0	
4405	30	9364	0	
4406	30	9570	0	
4407	30	1340	0	
4408	13	1243	7	12
4409	30	525	0	
4410	21	5050	2	14
4411	30	6753	0	
4412	30	1175	0	
4413	30	8276	0	
4414	30	4963	0	
4415	30	6922	0	
4416	30	3995	0	
4417	30	5740	0	
4418	30	9486	0	
4419	30	9998	0	
4420	30	3566	0	
4421	30	186	0	
4422	30	8280	0	
4423	30	4839	0	
4424	30	9005	0	
4425	30	5258	0	
4426	30	6146	0	
4427	30	6738	0	
4428	30	7860	0	
4429	30	5736	0	
4430	30	8638	0	
4431	30	2643	0	
4432	30	8978	0	
4433	30	4875	0	
4434	30	7116	0	
4435	30	4595	0	
4436	30	7844	0	
4437	30	9977	0	
4438	30	1657	0	
4439	30	3739	0	
4440	30	9029	0	
4441	30	6062	0	
4442	30	5851	0	
4443	30	5623	0	
4444	30	5214	0	
4445	30	5686	0	
4446	30	9558	0	
4447	30	4545	0	
4448	30	7866	0	
4449	30	8561	0	
4450	30	5917	0	
4451	30	5158	0	
4452	30	6551	0	
4453	30	6995	0	
4454	30	3917	0	
4455	30	4357	0	
4456	30	2420	0	
4457	30	8103	0	
4458	30	6208	0	
4459	30	2946	0	
4460	30	5897	0	
4461	30	5412	0	
4462	30	6508	0	
4463	30	320	0	
4464	30	769	0	
4465	30	2357	0	
4466	30	9772	0	
4467	30	3472	0	
4468	30	8937	0	
4469	30	3204	0	
4470	30	7616	0	
4471	30	3928	0	
4472	30	3349	0	
4473	30	9563	0	
4474	30	8640	0	
4475	30	8563	0	
4476	30	3474	0	
4477	30	6987	0	
4478	30	8046	0	
4479	30	1344	0	
4480	30	5424	0	
4481	30	463	0	
4482	30	9881	0	
4483	30	3735	0	
4484	30	995	0	
4485	30	7618	0	
4486	30	388	0	
4487	30	5314	0	
4488	30	8838	0	
4489	30	6174	0	
4490	30	1503	0	
4491	30	2944	0	
4492	30	2410	0	
4493	30	61	0	
4494	30	8085	0	
4495	30	7344	0	
4496	30	4055	0	
4497	30	3618	0	
4498	30	8450	0	
4499	30	1787	0	
4500	30	6647	0	
4501	30	1046	0	
4502	30	7624	0	
4503	30	5371	0	
4504	30	4163	0	
4505	30	8602	0	
4506	30	8302	0	
4507	30	9713	0	
4508	30	6760	0	
4509	30	2428	0	
4510	30	2119	0	
4511	30	6137	0	
4512	30	9944	0	
4513	30	34	0	
4514	30	7742	0	
4515	30	1269	0	
4516	30	53	0	
4517	30	3011	0	
4518	30	7166	0	
4519	30	7917	0	
4520	30	3071	0	
4521	30	1971	0	
4522	30	9828	0	
4523	30	4808	0	
4524	30	1776	0	
4525	30	5644	0	
4526	30	8761	0	
4527	30	7180	0	
4528	30	591	0	
4529	30	1155	0	
4530	30	260	0	
4531	30	3853	0	
4532	30	6377	0	
4533	30	1178	0	
4534	30	8282	0	
4535	30	9111	0	
4536	30	7745	0	
4537	30	4892	0	
4538	30	7123	0	
4539	14	2129	13	28
4540	30	7480	0	
4541	11	8609	13	22
4542	30	3543	0	
4543	30	6804	0	
4544	30	2965	0	
4545	30	4447	0	
4546	30	2170	0	
4547	30	6029	0	
4548	30	8617	0	
4549	30	2793	0	
4550	30	1944	0	
4551	30	4617	0	
4552	30	715	0	
4553	30	9679	0	
4554	30	5925	0	
4555	30	8960	0	
4556	30	7262	0	
4557	30	8456	0	
4558	30	1030	0	
4559	30	6378	0	
4560	30	1516	0	
4561	4	594	3	19
4562	30	5147	0	
4563	30	6291	0	
4564	30	9222	0	
4565	3	9121	0	
4566	30	2762	0	
4567	30	3036	0	
4568	30	1836	0	
4569	30	3882	0	
4570	16	8972	6	29
4571	30	2112	0	
4572	30	9827	0	
4573	30	858	0	
4574	30	3715	0	
4575	30	4736	0	
4576	30	7564	0	
4577	30	1708	0	
4578	30	3966	0	
4579	30	4746	0	
4580	30	2979	0	
4581	30	1932	0	
4582	30	7950	0	
4583	30	9269	0	
4584	30	2474	0	
4585	30	3194	0	
4586	30	2106	0	
4587	30	6452	0	
4588	30	6544	0	
4589	10	2253	9	25
4590	30	394	0	
4591	30	2322	0	
4592	30	7763	0	
4593	30	469	0	
4594	30	5946	0	
4595	30	4435	0	
4596	30	849	0	
4597	30	8975	0	
4598	30	3836	0	
4599	30	3266	0	
4600	30	6024	0	
4601	30	1824	0	
4602	30	1877	0	
4603	30	2022	0	
4604	30	5378	0	
4605	30	7711	0	
4606	30	5144	0	
4607	30	9405	0	
4608	30	9019	0	
4609	30	7313	0	
4610	30	4112	0	
4611	30	470	0	
4612	30	168	0	
4613	30	2392	0	
4614	30	3717	0	
4615	30	6410	0	
4616	30	5488	0	
4617	30	4551	0	
4618	30	3540	0	
4619	30	8952	0	
4620	30	6379	0	
4621	30	4925	0	
4622	30	8142	0	
4623	30	990	0	
4624	30	3904	0	
4625	30	9136	0	
4626	30	8870	0	
4627	30	3596	0	
4628	30	5785	0	
4629	30	3664	0	
4630	30	8903	0	
4631	30	9355	0	
4632	27	518	0	
4633	30	9555	0	
4634	30	939	0	
4635	30	4051	0	
4636	30	4722	0	
4637	30	8738	0	
4638	30	5681	0	
4639	30	9173	0	
4640	30	7673	0	
4641	27	2913	6	7
4642	30	7355	0	
4643	30	922	0	
4644	30	9829	0	
4645	30	5771	0	
4646	30	8991	0	
4647	30	5319	0	
4648	30	3534	0	
4649	30	1813	0	
4650	30	1392	0	
4651	30	5914	0	
4652	30	9717	0	
4653	30	2237	0	
4654	30	2060	0	
4655	30	4354	0	
4656	30	4313	0	
4657	30	6809	0	
4658	30	2524	0	
4659	30	5078	0	
4660	30	8111	0	
4661	30	6652	0	
4662	30	8422	0	
4663	30	9768	0	
4664	30	9035	0	
4665	30	3580	0	
4666	30	2816	0	
4667	30	7486	0	
4668	30	6139	0	
4669	30	8574	0	
4670	30	5985	0	
4671	30	1506	0	
4672	30	361	0	
4673	30	721	0	
4674	30	8690	0	
4675	30	9475	0	
4676	30	6425	0	
4677	30	8651	0	
4678	30	4726	0	
4679	30	1964	0	
4680	30	3878	0	
4681	30	138	0	
4682	30	8120	0	
4683	30	1374	0	
4684	30	7716	0	
4685	30	833	0	
4686	30	615	0	
4687	30	8090	0	
4688	30	5196	0	
4689	30	4849	0	
4690	30	9784	0	
4691	30	6863	0	
4692	30	5485	0	
4693	30	4044	0	
4694	30	2939	0	
4695	30	9798	0	
4696	30	9511	0	
4697	30	5472	0	
4698	30	611	0	
4699	30	5091	0	
4700	30	402	0	
4701	30	1049	0	
4702	30	4867	0	
4703	30	7466	0	
4704	30	3179	0	
4705	30	9645	0	
4706	30	2100	0	
4707	30	780	0	
4708	30	9812	0	
4709	30	8889	0	
4710	30	5829	0	
4711	30	6599	0	
4712	30	6668	0	
4713	30	6751	0	
4714	30	5404	0	
4715	30	3696	0	
4716	30	2825	0	
4717	30	8267	0	
4718	30	434	0	
4719	30	5583	0	
4720	30	821	0	
4721	30	6600	0	
4722	30	4636	0	
4723	30	3172	0	
4724	30	1556	0	
4725	30	4124	0	
4726	30	4678	0	
4727	30	8633	0	
4728	30	4898	0	
4729	30	6622	0	
4730	30	6614	0	
4731	30	370	0	
4732	30	4388	0	
4733	30	6895	0	
4734	30	5572	0	
4735	30	8885	0	
4736	30	4575	0	
4737	30	7025	0	
4738	30	1267	0	
4739	30	5741	0	
4740	30	1549	0	
4741	30	2344	0	
4742	30	4854	0	
4743	30	8849	0	
4744	30	9593	0	
4745	30	9589	0	
4746	30	4579	0	
4747	30	6370	0	
4748	30	8687	0	
4749	30	9014	0	
4750	30	2795	0	
4751	30	6692	0	
4752	30	5568	0	
4753	30	9280	0	
4754	30	8868	0	
4755	30	998	0	
4756	30	2182	0	
4757	30	139	0	
4758	30	5347	0	
4759	30	6196	0	
4760	30	601	0	
4761	30	6876	0	
4762	30	6251	0	
4763	30	8426	0	81
4764	30	5843	0	
4765	30	4369	0	
4766	30	9098	0	
4767	30	625	0	
4768	30	6540	0	
4769	30	8095	0	
4770	30	1284	0	
4771	30	5763	0	
4772	30	8386	0	
4773	30	1365	0	
4774	30	7043	0	
4775	30	6229	0	
4776	30	3315	0	
4777	30	3221	0	
4778	30	6526	0	
4779	30	5660	0	
4780	30	9429	0	
4781	30	6281	0	
4782	30	9309	0	
4783	30	3705	0	
4784	30	6744	0	
4785	30	3095	0	
4786	30	7220	0	
4787	30	1437	0	
4788	30	7415	0	
4789	30	7973	0	
4790	30	4250	0	
4791	30	8440	0	
4792	30	4245	0	
4793	30	3497	0	
4794	30	7176	0	
4795	30	5688	0	
4796	30	2560	0	
4797	30	9623	0	
4798	30	487	0	
4799	30	1719	0	
4800	30	8598	0	
4801	30	1922	0	
4802	30	5418	0	
4803	30	7150	0	
4804	30	6190	0	
4805	30	2146	0	
4806	30	899	0	
4807	30	7571	0	
4808	30	4523	0	
4809	30	4932	0	
4810	30	8845	0	
4811	30	3212	0	
4812	30	8576	0	
4813	30	3945	0	
4814	30	74	0	
4815	30	6225	0	
4816	30	2103	0	
4817	30	7304	0	
4818	30	3277	0	
4819	30	2024	0	
4820	30	3808	0	
4821	30	5291	0	
4822	30	2107	0	
4823	30	8468	0	
4824	30	1928	0	
4825	30	6541	0	
4826	30	1625	0	
4827	30	9840	0	
4828	30	5500	0	
4829	30	5705	0	
4830	30	9653	0	
4831	30	8213	0	
4832	30	8447	0	
4833	30	6148	0	
4834	30	3047	0	
4835	30	8054	0	
4836	30	129	0	
4837	30	3575	0	
4838	30	148	0	
4839	30	4423	0	
4840	30	6352	0	
4841	30	791	0	
4842	30	7450	0	
4843	30	1539	0	
4844	30	5849	0	
4845	30	9610	0	
4846	30	7919	0	
4847	30	5321	0	
4848	30	539	0	
4849	30	4689	0	
4850	30	7162	0	
4851	30	3691	0	
4852	30	5856	0	
4853	30	903	0	
4854	30	4742	0	
4855	30	7079	0	
4856	30	6023	0	
4857	30	5987	0	
4858	30	679	0	
4859	30	6327	0	
4860	30	3496	0	
4861	30	500	0	
4862	30	9055	0	
4863	30	1038	0	
4864	30	5900	0	
4865	30	538	0	
4866	30	1800	0	
4867	30	4702	0	
4868	30	4111	0	
4869	30	2486	0	
4870	30	8855	0	
4871	30	6713	0	
4872	30	389	0	
4873	30	3183	0	
4874	30	5812	0	
4875	30	4433	0	
4876	30	8037	0	
4877	30	7619	0	
4878	30	3712	0	
4879	30	1162	0	
4880	30	1871	0	
4881	30	4919	0	
4882	30	9065	0	
4883	30	7609	0	
4884	30	4210	0	
4885	30	4175	0	
4886	30	3524	0	
4887	30	5012	0	
4888	30	3732	0	
4889	30	8197	0	
4890	30	6501	0	
4891	30	8133	0	
4892	30	4537	0	
4893	30	2263	0	
4894	30	2333	0	
4895	30	3389	0	
4896	30	8464	0	
4897	30	4164	0	
4898	30	4728	0	
4899	30	9677	0	
4900	30	1608	0	
4901	30	206	0	
4902	30	6210	0	
4903	30	2259	0	
4904	30	6123	0	
4905	30	7398	0	
4906	30	2772	0	
4907	28	2200	3	38 57
4908	30	6296	0	
4909	30	1667	0	
4910	30	7935	0	
4911	30	3358	0	
4912	30	758	0	
4913	30	8230	0	
4914	30	1795	0	
4915	30	5800	0	
4916	30	2682	0	
4917	30	9270	0	
4918	30	4206	0	
4919	30	4881	0	
4920	30	6487	0	
4921	30	2506	0	
4922	30	8689	0	
4923	30	6180	0	
4924	30	7269	0	
4925	30	4621	0	
4926	30	7125	0	
4927	30	9226	0	
4928	29	1873	0	
4929	30	6697	0	
4930	30	3416	0	
4931	30	1224	0	
4932	30	4809	0	
4933	29	5427	0	
4934	21	124	7	6
4935	30	7475	0	
4936	30	78	0	
4937	30	9186	0	
4938	30	2889	0	
4939	30	2445	0	
4940	30	750	0	
4941	30	9481	0	
4942	30	9388	0	
4943	30	6533	0	
4944	30	10000	0	
4945	30	1881	0	
4946	30	8335	0	
4947	30	1747	0	
4948	30	9276	0	
4949	12	3034	11	26
4950	30	6400	0	
4951	30	1957	0	
4952	30	996	0	
4953	30	5082	0	
4954	30	9498	0	
4955	30	1389	0	
4956	30	6655	0	
4957	30	4296	0	
4958	30	7407	0	
4959	30	1042	0	
4960	30	6570	0	
4961	29	2860	0	
4962	30	9488	0	
4963	30	4414	0	
4964	30	6654	0	
4965	30	2138	0	
4966	30	9629	0	
4967	30	1908	0	
4968	30	144	0	
4969	30	7438	0	
4970	24	2354	8	8
4971	29	6351	0	
4972	30	3379	0	
4973	30	1496	0	
4974	30	9294	0	
4975	30	3675	0	
4976	30	4282	0	
4977	30	3269	0	
4978	29	1307	0	
4979	30	5175	0	
4980	30	2951	0	
4981	30	549	0	
4982	30	6491	0	
4983	30	410	0	
4984	30	5098	0	
4985	30	311	0	
4986	29	7534	0	
4987	30	9657	0	
4988	30	7936	0	
4989	30	7500	0	
4990	30	5127	0	
4991	30	2687	0	
4992	30	3287	0	
4993	30	6359	0	
4994	30	6149	0	
4995	29	158	0	
4996	30	1970	0	
4997	30	4160	0	
4998	30	8871	0	
4999	30	4236	0	
5000	30	7688	0	
5001	30	294	0	
5002	30	9945	0	
5003	30	1734	0	
5004	30	345	0	
5005	30	8536	0	
5006	30	9671	0	
5007	30	4381	0	
5008	30	8993	0	
5009	29	2020	0	
5010	24	1476	5	
5011	30	8971	0	
5012	30	4887	0	
5013	30	8000	0	
5014	30	9379	0	
5015	30	4391	0	
5016	29	8051	0	
5017	30	2620	0	
5018	30	8396	0	
5019	29	6035	0	
5020	30	140	0	
5021	30	9821	0	
5022	30	9666	0	
5023	30	7017	0	
5024	30	1686	0	
5025	30	8043	0	
5026	30	9597	0	
5027	30	2622	0	
5028	30	2843	0	
5029	30	1716	0	
5030	30	7880	0	
5031	30	1163	0	
5032	30	5301	0	
5033	30	1769	0	
5034	20	6725	9	32
5035	30	9233	0	
5036	30	8891	0	
5037	30	216	0	
5038	30	3709	0	
5039	30	7930	0	
5040	30	7237	0	
5041	30	753	0	
5042	30	1989	0	
5043	30	443	0	
5044	30	2619	0	
5045	30	3849	0	
5046	30	9200	0	
5047	30	6261	0	
5048	30	8869	0	
5049	30	8093	0	
5050	30	4410	0	
5051	30	277	0	
5052	30	1738	0	
5053	30	1040	0	
5054	30	5595	0	
5055	30	3255	0	
5056	30	6721	0	
5057	30	4254	0	
5058	30	2737	0	
5059	30	8147	0	
5060	30	504	0	
5061	29	7723	0	
5062	30	3298	0	
5063	30	9963	0	
5064	30	3045	0	
5065	30	7504	0	
5066	30	9034	0	
5067	30	2235	0	
5068	30	7172	0	
5069	30	1201	0	
5070	8	8154	5	23
5071	30	6499	0	
5072	30	9189	0	
5073	30	4324	0	
5074	30	1467	0	
5075	30	7045	0	
5076	30	7544	0	
5077	30	8556	0	
5078	30	4659	0	
5079	30	5982	0	
5080	30	6972	0	
5081	30	8007	0	
5082	30	4953	0	
5083	30	599	0	
5084	29	3075	0	
5085	30	3475	0	
5086	30	7519	0	
5087	29	2372	0	
5088	30	5674	0	
5089	30	1315	0	
5090	30	9358	0	
5091	30	4699	0	
5092	30	8453	0	
5093	30	8752	0	
5094	30	5406	0	
5095	30	3290	0	
5096	30	9220	0	
5097	30	7088	0	
5098	30	4984	0	
5099	30	427	0	
5100	30	4362	0	
5101	30	6380	0	
5102	30	6912	0	
5103	30	2916	0	
5104	10	5351	5	24
5105	30	9582	0	
5106	30	8569	0	
5107	30	5707	0	
5108	30	6842	0	
5109	30	9018	0	
5110	30	7817	0	
5111	29	759	0	
5112	30	1493	0	
5113	30	4037	0	
5114	30	9434	0	
5115	30	6488	0	
5116	30	6640	0	
5117	30	149	0	
5118	30	3946	0	
5119	24	5910	3	18
5120	30	7699	0	
5121	30	1726	0	
5122	30	1469	0	
5123	30	6203	0	
5124	30	117	0	
5125	30	632	0	
5126	30	3557	0	
5127	30	4990	0	
5128	30	4156	0	
5129	30	3708	0	
5130	30	552	0	
5131	30	5563	0	
5132	30	7899	0	
5133	30	8345	0	
5134	30	7717	0	
5135	30	669	0	
5136	30	5523	0	
5137	29	3168	0	
5138	30	8419	0	
5139	30	3919	0	
5140	30	2954	0	
5141	30	7283	0	
5142	30	7433	0	
5143	30	1077	0	
5144	30	4606	0	
5145	30	2089	0	
5146	30	2753	0	
5147	30	4562	0	
5148	30	8250	0	
5149	30	777	0	
5150	9	8967	11	16
5151	30	3668	0	
5152	30	7597	0	
5153	30	4397	0	
5154	30	2147	0	
5155	29	4075	0	
5156	30	4026	0	
5157	30	6695	0	
5158	30	4451	0	
5159	30	7846	0	
5160	30	309	0	
5161	30	3644	0	
5162	30	902	0	
5163	30	9503	0	
5164	30	763	0	
5165	30	2233	0	
5166	30	4186	0	
5167	30	6988	0	
5168	30	6384	0	
5169	30	2463	0	
5170	30	7339	0	
5171	29	7280	0	
5172	30	7459	0	
5173	30	7185	0	
5174	30	7376	0	
5175	30	4979	0	
5176	30	1794	0	
5177	30	9130	0	
5178	30	3146	0	
5179	29	9757	0	
5180	30	6112	0	
5181	30	414	0	
5182	30	2105	0	
5183	30	908	0	
5184	30	8204	0	
5185	30	3514	0	
5186	30	5649	0	
5187	30	5566	0	
5188	30	192	0	
5189	30	3419	0	
5190	29	7026	0	
5191	30	7958	0	
5192	30	8957	0	
5193	29	9298	0	
5194	30	3469	0	
5195	30	6791	0	
5196	30	4688	0	
5197	30	5416	0	
5198	30	7120	0	
5199	30	1605	0	
5200	30	9564	0	
5201	30	6336	0	
5202	30	5816	0	
5203	30	8649	0	
5204	30	981	0	
5205	30	2352	0	
5206	30	1561	0	
5207	30	172	0	
5208	18	6417	7	17
5209	30	9234	0	
5210	29	7034	0	
5211	30	7257	0	
5212	30	8179	0	
5213	30	637	0	
5214	30	4444	0	
5215	30	3693	0	
5216	30	366	0	
5217	30	235	0	
5218	30	3203	0	
5219	30	910	0	
5220	30	1434	0	
5221	30	1999	0	
5222	30	3647	0	
5223	30	8850	0	
5224	30	7394	0	
5225	30	8792	0	
5226	30	7861	0	
5227	30	7063	0	
5228	30	1274	0	
5229	30	2386	0	
5230	30	3007	0	
5231	30	9078	0	
5232	30	5430	0	
5233	30	7312	0	
5234	30	809	0	
5235	30	1450	0	
5236	30	4104	0	
5237	30	7343	0	
5238	30	4121	0	
5239	30	796	0	
5240	30	613	0	
5241	30	9773	0	
5242	30	58	0	
5243	30	6559	0	
5244	30	8324	0	
5245	30	326	0	
5246	30	8029	0	
5247	30	3537	0	
5248	30	8780	0	
5249	30	2817	0	
5250	30	7296	0	
5251	30	3564	0	
5252	30	5734	0	
5253	29	9038	0	
5254	30	5912	0	
5255	29	5542	0	
5256	30	7169	0	
5257	30	8552	0	
5258	30	4425	0	
5259	30	1636	0	
5260	30	4326	0	
5261	30	8228	0	
5262	30	1011	0	
5263	30	926	0	
5264	30	351	0	
5265	30	9909	0	
5266	30	5511	0	
5267	30	2681	0	
5268	29	499	0	
5269	30	3336	0	
5270	30	94	0	
5271	30	6929	0	
5272	30	3682	0	
5273	30	7516	0	
5274	30	736	0	
5275	30	6408	0	
5276	30	3345	0	
5277	30	5448	0	
5278	30	6121	0	
5279	30	5426	0	
5280	30	7297	0	
5281	30	9833	0	
5282	30	733	0	
5283	30	9665	0	
5284	30	610	0	
5285	30	8938	0	
5286	30	5992	0	
5287	30	6973	0	
5288	30	569	0	
5289	30	5597	0	
5290	30	3892	0	
5291	30	4821	0	
5292	30	9574	0	
5293	30	8008	0	
5294	30	6705	0	
5295	30	5317	0	
5296	30	2988	0	
5297	30	6390	0	
5298	30	2153	0	
5299	30	5915	0	
5300	30	9338	0	
5301	30	5032	0	
5302	30	7205	0	
5303	30	4323	0	
5304	30	6010	0	
5305	30	253	0	
5306	30	7423	0	
5307	30	6170	0	
5308	30	3361	0	
5309	9	4061	0	8
5310	30	3139	0	
5311	30	9901	0	
5312	30	6618	0	
5313	30	6672	0	
5314	30	4487	0	
5315	30	9291	0	
5316	30	2659	0	
5317	30	5295	0	
5318	29	7515	0	
5319	29	4647	0	
5320	30	5386	0	
5321	30	4847	0	
5322	30	1410	0	
5323	30	8409	0	
5324	30	2283	0	
5325	30	8604	0	
5326	30	3930	0	
5327	30	2225	0	
5328	30	7465	0	
5329	30	128	0	
5330	30	3604	0	
5331	30	2010	0	
5332	30	5819	0	
5333	30	6927	0	
5334	30	7561	0	
5335	30	7683	0	
5336	30	3449	0	
5337	30	8865	0	
5338	30	8749	0	
5339	30	5784	0	
5340	30	1191	0	
5341	30	2786	0	
5342	30	6317	0	
5343	30	963	0	
5344	30	1378	0	
5345	29	1405	0	
5346	29	1168	0	
5347	30	4758	0	
5348	14	68	0	27
5349	30	9413	0	
5350	30	1826	0	
5351	30	5104	0	
5352	30	6686	0	
5353	30	3077	0	
5354	30	3686	0	
5355	30	5984	0	
5356	30	2084	0	
5357	30	4379	0	
5358	30	1698	0	
5359	30	6815	0	
5360	30	7682	0	
5361	30	7970	0	
5362	30	9920	0	
5363	30	9848	0	
5364	30	9640	0	
5365	30	572	0	
5366	30	6586	0	
5367	30	8899	0	
5368	30	6521	0	
5369	30	3918	0	
5370	30	7774	0	
5371	30	4503	0	
5372	30	6920	0	
5373	30	9016	0	
5374	30	6604	0	
5375	30	8653	0	
5376	30	3456	0	
5377	30	6887	0	
5378	30	4604	0	
5379	29	7746	12	
5380	30	2257	0	
5381	30	2593	0	
5382	30	2857	0	
5383	30	7477	0	
5384	30	7048	0	
5385	30	7095	0	
5386	30	5320	0	
5387	30	6145	0	
5388	30	7921	0	
5389	30	7670	0	
5390	29	2618	0	
5391	30	176	0	
5392	30	3110	0	
5393	30	8088	0	
5394	30	8072	0	
5395	30	4211	0	
5396	30	9080	0	
5397	30	3762	0	
5398	30	4232	0	
5399	30	5880	0	
5400	30	2052	0	
5401	30	2689	0	
5402	30	4244	0	
5403	30	6456	0	
5404	30	4714	0	
5405	30	2433	0	
5406	30	5094	0	
5407	30	6477	0	
5408	30	3938	0	
5409	30	6461	0	
5410	30	9229	0	
5411	30	5504	0	
5412	30	4461	0	
5413	30	9478	0	
5414	30	4243	0	
5415	30	8800	0	
5416	30	5197	0	
5417	30	1341	0	
5418	30	4802	0	
5419	30	6141	0	
5420	30	7444	0	
5421	30	197	0	
5422	30	8900	0	
5423	30	2249	0	
5424	30	4480	0	
5425	30	9778	0	
5426	30	5279	0	
5427	29	4933	0	
5428	30	2854	0	
5429	30	7635	0	
5430	30	5232	0	
5431	30	9612	0	
5432	30	5998	0	
5433	30	8023	0	
5434	30	1613	0	
5435	30	5803	0	
5436	30	947	0	
5437	30	8112	0	
5438	30	6323	0	
5439	30	2679	0	
5440	13	1756	13	18
5441	30	2088	0	
5442	30	8113	0	
5443	30	6970	0	
5444	30	3088	0	
5445	30	1094	0	
5446	30	1663	0	
5447	30	79	0	
5448	30	5277	0	
5449	30	9765	0	
5450	30	9128	0	
5451	30	8974	0	
5452	30	876	0	
5453	30	8248	0	
5454	30	988	0	
5455	30	6992	0	
5456	30	324	0	
5457	29	9523	0	
5458	2	1869	12	7
5459	30	2664	0	
5460	30	1327	0	
5461	30	451	0	
5462	30	1000	0	
5463	30	2897	0	
5464	30	6272	0	
5465	30	312	0	
5466	30	2384	0	
5467	29	1372	0	
5468	30	2799	0	
5469	30	868	0	
5470	30	8764	0	
5471	30	4373	0	
5472	30	4697	0	
5473	30	3267	0	
5474	30	6458	0	
5475	30	2167	0	
5476	30	704	0	
5477	30	2870	0	
5478	30	9908	0	
5479	30	6631	0	
5480	30	2933	0	
5481	30	6193	0	
5482	30	3694	0	
5483	30	1161	0	
5484	30	199	0	
5485	30	4692	0	
5486	30	7401	0	
5487	29	8582	0	
5488	30	4616	0	
5489	30	9436	0	61
5490	30	3156	0	
5491	30	2015	0	
5492	30	8492	0	
5493	30	2541	0	
5494	30	9457	0	
5495	30	123	0	
5496	30	1259	0	
5497	30	7744	0	
5498	30	4287	0	
5499	30	3418	0	
5500	30	4828	0	
5501	30	3410	0	
5502	30	6289	0	
5503	30	3989	0	
5504	30	5411	0	
5505	30	8226	0	
5506	30	1262	0	
5507	29	4359	0	
5508	30	1802	0	
5509	30	9303	0	
5510	30	3441	0	
5511	1	5266	9	33
5512	30	2589	0	
5513	30	9777	0	
5514	30	2859	0	
5515	30	8364	0	
5516	30	3621	0	
5517	29	354	0	
5518	30	8068	0	
5519	30	1960	0	
5520	30	2924	0	
5521	30	8057	0	
5522	30	1252	0	
5523	30	5136	0	
5524	30	9531	0	
5525	29	5606	0	
5526	30	3820	0	
5527	29	7158	0	
5528	30	9687	0	
5529	30	1858	0	
5530	30	3616	0	
5531	30	1492	0	
5532	30	9073	0	
5533	30	8803	0	
5534	30	8736	0	
5535	29	823	0	
5536	30	1361	0	
5537	30	8951	0	
5538	30	7380	0	
5539	30	6788	0	
5540	30	7556	0	
5541	30	1852	0	
5542	29	5255	0	
5543	30	9324	0	
5544	30	3134	0	
5545	30	9213	0	
5546	30	2341	0	
5547	30	9862	0	
5548	30	740	0	
5549	30	6222	0	
5550	30	374	0	
5551	29	5585	0	
5552	30	380	0	
5553	30	2479	0	
5554	30	2331	0	
5555	30	1075	0	
5556	30	4059	0	
5557	30	6354	0	
5558	30	9293	0	
5559	30	6564	0	
5560	30	6996	0	
5561	30	3305	0	
5562	30	8504	0	
5563	30	5131	0	
5564	30	845	0	
5565	30	9683	0	
5566	30	5187	0	
5567	30	7369	0	
5568	30	4752	0	
5569	30	2044	0	
5570	30	7900	0	
5571	30	471	0	
5572	30	4734	0	
5573	30	7474	0	
5574	30	9147	0	
5575	4	8459	0	19
5576	30	9744	0	
5577	30	9327	0	
5578	30	6341	0	
5579	30	7862	0	
5580	30	7548	0	
5581	30	6493	0	
5582	29	6866	0	
5583	30	4719	0	
5584	30	8303	0	
5585	29	5551	0	
5586	30	7650	0	
5587	19	724	13	24
5588	30	2247	0	
5589	30	2261	0	
5590	30	3354	0	
5591	30	1139	0	
5592	30	9228	0	
5593	30	979	0	
5594	30	927	0	
5595	30	5054	0	
5596	30	4126	0	
5597	30	5289	0	
5598	30	9061	0	
5599	30	7266	0	
5600	30	633	0	
5601	30	9120	0	
5602	30	8350	0	
5603	30	1082	0	
5604	30	9375	0	
5605	30	2805	0	
5606	30	5525	0	
5607	30	9241	0	
5608	30	3486	0	
5609	30	2535	0	
5610	30	56	0	
5611	30	7726	0	
5612	30	629	0	
5613	30	7668	0	
5614	30	9635	0	
5615	29	3090	0	
5616	30	1455	0	
5617	30	181	0	
5618	29	1387	0	
5619	30	8918	0	
5620	30	9864	0	
5621	30	6060	0	
5622	29	9174	0	
5623	30	4443	0	
5624	30	8293	0	
5625	29	6003	0	
5626	30	4038	0	
5627	30	3771	0	
5628	30	7322	0	
5629	30	3796	0	
5630	30	4215	0	
5631	30	4347	0	
5632	30	7368	0	
5633	30	1353	0	
5634	29	9084	0	
5635	30	7479	0	
5636	30	1566	0	
5637	30	8135	0	
5638	30	3573	0	
5639	30	684	0	
5640	30	1752	0	
5641	30	5950	0	
5642	30	273	0	
5643	30	3256	0	
5644	30	4525	0	
5645	30	893	0	
5646	29	2140	0	
5647	30	8344	0	
5648	29	6144	0	
5649	30	5186	0	
5650	30	1328	0	
5651	30	8599	0	
5652	30	1068	0	
5653	30	7316	0	
5654	30	8309	0	
5655	30	2562	0	
5656	30	3942	0	
5657	30	4263	0	
5658	30	6140	0	
5659	30	8873	0	
5660	30	4779	0	
5661	30	5813	0	
5662	30	2191	0	
5663	30	7300	0	
5664	30	6507	0	
5665	30	3292	0	
5666	30	6828	0	
5667	30	4320	0	
5668	30	6896	0	
5669	30	9446	0	
5670	30	4046	0	
5671	30	9553	0	
5672	30	9336	0	
5673	30	3096	0	
5674	30	5088	0	
5675	30	6375	0	
5676	30	8040	0	
5677	30	3907	0	
5678	30	7611	0	
5679	30	4364	0	
5680	30	3828	0	
5681	29	4638	0	
5682	30	3331	0	
5683	29	728	0	
5684	30	1495	0	
5685	30	6502	0	
5686	30	4445	0	
5687	30	4396	0	
5688	30	4795	0	
5689	29	283	0	
5690	30	836	0	
5691	30	2436	0	
5692	30	7157	0	
5693	30	8307	0	
5694	30	1286	0	
5695	30	9507	0	
5696	30	1597	0	
5697	30	7983	0	
5698	30	1101	0	
5699	30	524	0	
5700	30	8505	0	
5701	30	1622	0	
5702	30	6790	0	
5703	30	1585	0	
5704	29	1001	0	
5705	30	4829	0	
5706	30	6852	0	
5707	30	5107	0	
5708	30	6043	0	
5709	30	4032	0	
5710	30	7190	0	
5711	30	1010	0	
5712	30	3313	0	
5713	30	2629	0	
5714	30	9480	0	
5715	30	7509	0	
5716	30	2528	0	
5717	30	1416	0	
5718	29	1177	0	
5719	30	7167	0	
5720	30	1606	0	
5721	30	6733	0	
5722	29	9400	0	
5723	30	2340	0	
5724	30	2711	0	
5725	30	7331	0	
5726	29	3068	0	
5727	29	7386	0	
5728	30	2815	0	
5729	30	1069	0	
5730	30	2986	0	
5731	30	3734	0	
5732	30	3658	0	
5733	30	8390	0	
5734	30	5252	0	
5735	30	3570	0	
5736	30	4429	0	
5737	30	974	0	
5738	30	2359	0	
5739	29	2902	0	
5740	30	4417	0	
5741	30	4739	0	
5742	30	3943	0	
5743	30	9119	0	
5744	30	1584	0	
5745	30	8488	0	
5746	30	1452	0	
5747	30	50	0	
5748	30	7530	0	
5749	30	789	0	
5750	30	9257	0	
5751	30	8745	0	
5752	30	509	0	
5753	30	1668	0	
5754	30	6908	0	
5755	30	9621	0	
5756	30	6734	0	
5757	30	1436	0	
5758	29	4394	0	
5759	30	7481	0	
5760	30	9326	0	
5761	30	4228	0	
5762	30	2405	0	
5763	30	4771	0	
5764	30	1571	0	
5765	30	2826	0	
5766	30	3494	0	
5767	30	3692	0	
5768	30	2244	0	
5769	30	644	0	
5770	30	2529	0	
5771	30	4645	0	
5772	30	1152	0	
5773	30	7186	0	
5774	30	7567	0	
5775	30	256	0	
5776	30	2537	0	
5777	30	2501	0	
5778	30	2471	0	
5779	11	3471	6	14
5780	30	6919	0	
5781	30	1534	0	
5782	30	1653	0	
5783	29	4332	0	
5784	30	5339	0	
5785	29	4628	0	
5786	30	4066	0	
5787	30	9684	0	
5788	30	3392	0	
5789	30	1918	0	
5790	30	4382	0	
5791	30	1489	0	
5792	30	8831	0	
5793	30	7279	0	
5794	30	8158	0	
5795	30	2068	0	
5796	30	5846	0	
5797	30	1968	0	
5798	30	6050	0	
5799	30	440	0	
5800	30	4915	0	
5801	14	1593	2	27
5802	29	7730	0	
5803	30	5435	0	
5804	30	9709	0	
5805	30	2719	0	
5806	30	554	0	
5807	30	9695	0	
5808	30	881	0	
5809	30	9382	0	
5810	29	9501	0	
5811	30	1320	0	
5812	30	4874	0	
5813	30	5661	0	
5814	30	1773	0	
5815	30	7098	0	
5816	30	5202	0	
5817	30	5824	0	
5818	29	7215	0	
5819	30	5332	0	
5820	30	498	0	
5821	29	933	0	
5822	30	7681	0	
5823	30	2329	0	
5824	30	5817	0	
5825	29	6880	0	
5826	30	116	0	
5827	30	6543	0	
5828	30	9632	0	
5829	30	4710	0	
5830	30	2099	0	
5831	30	7483	0	
5832	30	6743	0	
5833	30	8668	0	
5834	30	7140	0	
5835	30	553	0	
5836	30	3798	0	
5837	30	6262	0	
5838	30	5954	0	
5839	30	1823	0	
5840	30	6199	0	
5841	30	3916	0	
5842	30	8568	0	
5843	30	4764	0	
5844	30	9026	0	
5845	30	2764	0	
5846	30	5796	0	
5847	30	6796	0	
5848	29	8523	0	
5849	30	4844	0	
5850	30	9649	0	
5851	30	4442	0	
5852	30	7248	0	
5853	30	2111	0	
5854	30	7859	0	
5855	30	3648	0	
5856	30	4852	0	
5857	30	1346	0	
5858	30	3140	0	
5859	30	6523	0	
5860	30	9402	0	
5861	30	7718	0	
5862	30	6673	0	
5863	17	2806	9	
5864	30	4295	0	
5865	30	1743	0	
5866	30	1547	0	
5867	30	6940	0	
5868	30	9175	0	
5869	30	6194	0	
5870	29	9460	0	
5871	30	1477	0	
5872	30	7053	0	
5873	30	62	0	
5874	30	2318	0	
5875	30	5951	0	
5876	30	3546	0	
5877	30	8560	0	
5878	30	7550	0	
5879	29	4248	0	
5880	30	5399	0	
5881	29	6172	0	
5882	30	1064	0	
5883	30	752	0	
5884	30	8326	0	
5885	30	7576	0	
5886	30	76	0	
5887	30	2738	0	
5888	30	458	0	
5889	30	6153	0	
5890	29	371	0	
5891	30	2701	0	
5892	30	614	0	
5893	30	6871	0	
5894	29	3630	0	
5895	30	7039	0	
5896	30	766	0	
5897	30	4460	0	
5898	30	1214	0	
5899	30	1195	0	
5900	30	4864	0	
5901	30	438	0	
5902	30	8555	0	
5903	30	4009	0	
5904	30	2175	0	
5905	30	7292	0	
5906	30	4065	0	
5907	30	4281	0	
5908	30	8473	0	
5909	30	8557	0	
5910	30	5119	0	
5911	30	8933	0	
5912	30	5254	0	
5913	30	4344	0	
5914	30	4651	0	
5915	30	5299	0	
5916	30	3112	0	
5917	30	4450	0	
5918	30	7804	0	
5919	30	477	0	
5920	2	6893	4	
5921	30	3825	0	
5922	30	8920	0	
5923	30	1828	0	
5924	30	7319	0	
5925	30	4554	0	
5926	30	1458	0	
5927	30	7939	0	
5928	30	6676	0	
5929	30	1937	0	
5930	30	6850	0	
5931	29	4273	0	
5932	29	9675	0	
5933	30	9236	0	
5934	30	705	0	
5935	30	3700	0	
5936	30	9546	0	
5937	29	1866	0	
5938	30	772	0	
5939	30	627	0	
5940	30	6595	0	
5941	30	9397	0	
5942	30	3223	0	
5943	30	1714	0	
5944	30	959	0	
5945	30	9692	0	
5946	30	4594	0	
5947	30	3326	0	
5948	30	1173	0	
5949	30	6007	0	
5950	30	5641	0	
5951	30	5875	0	
5952	30	8507	0	
5953	30	1810	0	
5954	30	5838	0	
5955	30	4385	0	
5956	30	6954	0	
5957	30	3880	0	
5958	30	292	0	
5959	30	1576	0	
5960	30	3965	0	
5961	30	2242	0	
5962	30	3747	0	
5963	30	4172	0	
5964	30	9069	0	
5965	30	8194	0	
5966	29	6776	0	
5967	30	683	0	
5968	30	1275	0	
5969	29	6860	0	
5970	30	3339	0	
5971	30	878	0	
5972	30	7913	0	
5973	30	8039	0	
5974	30	275	0	
5975	30	9068	0	
5976	30	634	0	
5977	30	1984	0	
5978	29	8398	0	
5979	30	7397	0	
5980	30	967	0	
5981	30	1412	0	
5982	30	5079	0	
5983	30	1115	0	
5984	30	5355	0	
5985	30	4670	0	
5986	30	532	0	
5987	30	4857	0	
5988	30	8797	0	
5989	30	7813	0	
5990	30	6004	0	
5991	30	2232	0	
5992	30	5286	0	
5993	30	7714	0	
5994	30	4328	0	
5995	30	8801	0	
5996	29	1142	0	
5997	30	9452	0	
5998	30	5432	0	
5999	30	8512	0	
6000	30	2403	0	
6001	30	3424	0	
6002	30	2492	0	
6003	29	5625	0	
6004	30	5990	0	
6005	29	3531	0	
6006	30	7549	0	
6007	30	5949	0	
6008	29	4130	0	
6009	30	8822	0	
6010	30	5304	0	
6011	30	3050	0	
6012	30	4071	0	
6013	30	3453	0	
6014	30	3042	0	
6015	30	2608	0	
6016	30	262	0	
6017	30	546	0	
6018	8	4153	8	23
6019	30	3833	0	
6020	30	3651	0	
6021	30	9487	0	
6022	30	1570	0	
6023	30	4856	0	
6024	30	4600	0	
6025	30	1835	0	
6026	30	9978	0	
6027	30	580	0	
6028	30	906	0	
6029	30	4547	0	
6030	30	8708	0	
6031	30	9547	0	
6032	30	7268	0	
6033	30	764	0	
6034	30	9394	0	
6035	30	5019	0	76
6036	30	2787	0	
6037	30	7004	0	
6038	30	2033	0	
6039	30	120	0	
6040	29	1419	0	
6041	30	1746	0	
6042	30	9279	0	
6043	30	5708	0	
6044	29	3731	0	
6045	30	1929	0	
6046	30	1464	0	
6047	30	9199	0	
6048	30	3319	0	
6049	29	6128	0	
6050	30	5798	0	
6051	30	4115	0	
6052	30	8864	0	
6053	30	1202	0	
6054	30	8742	0	
6055	30	2634	0	
6056	30	6983	0	
6057	30	3888	0	
6058	23	9878	13	36
6059	30	104	0	
6060	30	5621	0	
6061	29	3328	0	
6062	6	4441	12	21
6063	30	1063	0	
6064	30	9720	0	
6065	30	479	0	
6066	30	1210	0	
6067	30	6220	0	
6068	30	8888	0	
6069	30	1965	0	
6070	30	4114	0	
6071	30	9899	0	
6072	30	9596	0	
6073	30	4083	0	
6074	30	1216	0	
6075	30	1005	0	
6076	30	2945	0	
6077	30	8513	0	
6078	30	1565	0	
6079	30	2539	0	
6080	30	8325	0	
6081	30	1710	0	
6082	30	1196	0	
6083	29	230	0	
6084	29	9575	0	
6085	30	2135	0	
6086	30	4177	0	
6087	30	795	0	
6088	30	7835	0	
6089	30	7780	0	
6090	30	9714	0	
6091	30	7916	0	
6092	30	7078	0	
6093	30	8739	0	
6094	30	834	0	
6095	30	7694	0	
6096	30	7541	0	
6097	30	1847	0	
6098	30	9091	0	
6099	30	8236	0	
6100	30	6662	0	
6101	30	7315	0	
6102	30	4097	0	
6103	30	3205	0	
6104	30	7429	0	
6105	30	9538	0	
6106	30	4169	0	
6107	30	622	0	
6108	29	9094	0	
6109	30	6293	0	
6110	30	7662	0	
6111	30	2457	0	
6112	30	5180	0	
6113	29	6911	0	
6114	30	212	0	
6115	30	2960	0	
6116	30	3422	0	
6117	30	9453	0	
6118	30	6915	0	
6119	30	3600	0	
6120	30	7839	0	
6121	30	5278	0	
6122	30	3214	0	
6123	30	4904	0	
6124	30	1498	0	
6125	30	1420	0	
6126	30	3624	0	
6127	30	7578	0	
6128	29	6049	0	
6129	30	3978	0	
6130	29	1679	0	
6131	30	6610	0	
6132	30	2007	0	
6133	30	9986	0	
6134	30	1229	0	
6135	30	8027	0	
6136	30	103	0	
6137	30	4511	0	
6138	26	7906	0	35
6139	30	4668	0	
6140	30	5658	0	
6141	30	5419	0	
6142	30	3180	0	
6143	30	8498	0	
6144	29	5648	0	
6145	30	5387	0	
6146	30	4426	0	
6147	30	4137	0	
6148	30	4833	0	
6149	30	4994	0	
6150	30	9071	0	
6151	30	919	0	
6152	30	636	0	
6153	30	5889	0	
6154	30	1750	0	
6155	30	3976	0	
6156	30	184	0	
6157	30	9049	0	
6158	30	6781	0	
6159	30	6660	0	
6160	30	1029	0	
6161	30	2768	0	
6162	30	6511	0	
6163	30	436	0	
6164	30	2642	0	
6165	30	741	0	
6166	30	767	0	
6167	30	7575	0	
6168	29	7107	0	
6169	30	151	0	
6170	6	5307	3	21
6171	30	1923	0	
6172	29	5881	0	
6173	30	9947	0	
6174	30	4489	0	
6175	30	3637	0	
6176	30	3265	0	
6177	30	506	0	
6178	30	431	0	
6179	30	1580	0	
6180	30	4923	0	
6181	30	9505	0	
6182	30	2467	0	
6183	30	9366	0	
6184	30	528	0	
6185	30	1103	0	
6186	30	6949	0	
6187	30	7092	0	
6188	30	3005	0	
6189	30	3132	0	
6190	30	4804	0	
6191	30	464	0	
6192	30	9439	0	
6193	30	5481	0	
6194	30	5869	0	
6195	30	2545	0	
6196	30	4759	0	
6197	30	1851	0	
6198	30	9455	0	
6199	30	5840	0	
6200	30	9766	0	
6201	30	1624	0	56
6202	30	1617	0	
6203	30	5123	0	
6204	29	6517	0	
6205	30	1474	0	
6206	30	6657	0	
6207	30	8684	0	
6208	30	4458	0	
6209	29	9095	0	
6210	30	4902	0	
6211	30	2196	0	
6212	30	9299	0	
6213	29	3941	0	
6214	30	7160	0	
6215	29	4279	0	
6216	29	9691	0	
6217	30	6873	0	
6218	30	4340	0	
6219	30	8050	0	
6220	30	6067	0	
6221	30	3118	0	
6222	30	5549	0	
6223	30	2473	0	
6224	30	2058	0	
6225	29	4815	0	
6226	30	8381	0	
6227	30	1383	0	
6228	30	7330	0	
6229	30	4775	0	
6230	29	6433	0	
6231	30	1292	0	
6232	30	9740	0	
6233	30	3549	0	
6234	30	7260	0	
6235	30	7137	0	
6236	30	2275	0	
6237	30	9058	0	
6238	30	2961	0	
6239	30	1246	0	
6240	29	1700	0	
6241	30	2968	0	
6242	30	7903	0	
6243	30	8614	0	
6244	30	1468	0	
6245	30	9176	0	
6246	30	6565	0	
6247	30	453	0	
6248	30	1199	0	
6249	30	3626	0	
6250	30	6457	0	
6251	30	4762	0	
6252	30	9688	0	
6253	30	4101	0	
6254	30	689	0	
6255	30	905	0	
6256	30	2495	0	
6257	30	7370	0	
6258	30	2534	0	
6259	30	7856	0	
6260	30	816	0	
6261	30	5047	0	
6262	30	5837	0	
6263	30	1998	0	
6264	30	3678	0	
6265	30	2441	0	
6266	29	7631	0	
6267	30	7660	0	
6268	30	7628	0	
6269	30	8274	0	
6270	30	2205	0	
6271	30	8879	0	
6272	30	5464	0	
6273	30	8210	0	
6274	30	3309	0	
6275	30	9996	0	
6276	30	360	0	
6277	30	3144	0	
6278	30	1499	0	
6279	30	1793	0	
6280	30	8033	0	
6281	30	4781	0	
6282	30	8942	0	
6283	30	7690	0	
6284	30	909	0	
6285	30	9811	0	
6286	29	9132	0	
6287	30	4389	0	
6288	30	7572	0	
6289	30	5502	0	
6290	30	9342	0	
6291	29	4563	0	
6292	30	461	0	
6293	30	6109	0	
6294	30	3770	0	
6295	30	4338	0	
6296	30	4908	0	
6297	30	9785	0	
6298	30	6823	0	
6299	30	1451	0	
6300	30	8318	0	
6301	30	7818	0	
6302	30	8206	0	
6303	30	9967	0	
6304	30	4134	0	
6305	30	1081	0	
6306	30	4039	0	
6307	30	6373	0	
6308	30	6831	0	
6309	30	8362	0	
6310	16	2072	0	
6311	30	4198	0	
6312	30	807	0	
6313	30	7094	0	
6314	30	1385	0	
6315	30	87	0	
6316	30	9043	0	
6317	30	5342	0	
6318	30	3400	0	
6319	30	1837	0	
6320	30	6627	0	
6321	30	2345	0	
6322	30	701	0	
6323	30	5438	0	
6324	30	7577	0	
6325	30	9441	0	
6326	30	7873	0	
6327	30	4859	0	72
6328	30	842	0	
6329	30	3753	0	
6330	30	4298	0	
6331	30	6679	0	
6332	30	465	0	
6333	30	8457	0	
6334	30	664	0	
6335	30	889	0	
6336	30	5201	0	
6337	30	8658	0	
6338	30	6909	0	
6339	30	2429	0	
6340	30	8985	0	
6341	30	5578	0	
6342	30	1899	0	
6343	30	1172	0	
6344	30	9673	0	
6345	30	911	0	
6346	30	1140	0	
6347	30	8081	0	
6348	30	3846	0	
6349	30	2097	0	
6350	30	9672	0	
6351	29	4971	0	
6352	30	4840	0	
6353	30	274	0	
6354	30	5557	0	
6355	30	421	0	
6356	30	2136	0	
6357	30	4401	0	
6358	30	582	0	
6359	30	4993	0	
6360	30	3679	0	
6361	30	9462	0	
6362	30	7648	0	
6363	30	9329	0	
6364	30	3638	0	
6365	30	1151	0	
6366	30	1323	0	
6367	30	8425	0	
6368	30	9263	0	
6369	30	3105	0	
6370	30	4747	0	
6371	30	1044	0	
6372	30	2688	0	
6373	30	6307	0	
6374	30	8119	0	
6375	30	5675	0	
6376	30	2759	0	
6377	30	4532	0	
6378	30	4559	0	
6379	30	4620	0	
6380	30	5101	0	
6381	30	1666	0	
6382	30	3127	0	
6383	30	2983	0	
6384	30	5168	0	
6385	30	6616	0	
6386	30	3064	0	
6387	30	1804	0	
6388	30	8608	0	
6389	30	9134	0	
6390	30	5297	0	
6391	30	3048	0	
6392	30	1475	0	
6393	30	7655	0	
6394	30	8277	0	
6395	30	6663	0	
6396	30	7896	0	
6397	30	505	0	
6398	30	202	0	
6399	29	7413	0	
6400	30	4950	0	
6401	30	2487	0	
6402	30	1289	0	
6403	30	7153	0	
6404	30	2706	0	
6405	30	1843	0	
6406	30	4209	0	
6407	30	8807	0	
6408	30	5275	0	
6409	30	3368	0	
6410	30	4615	0	
6411	30	3208	0	
6412	30	1779	0	
6413	30	1718	0	
6414	30	7832	0	
6415	30	2027	0	
6416	30	4266	0	
6417	30	5208	0	
6418	30	4040	0	
6419	30	3126	0	
6420	30	7904	0	
6421	30	1733	0	
6422	30	3165	0	
6423	30	9522	0	
6424	30	3362	0	
6425	30	4676	0	
6426	30	3216	0	
6427	30	9980	0	
6428	30	2777	0	
6429	30	4185	0	
6430	30	6780	0	
6431	30	1519	0	
6432	29	8631	0	
6433	29	6230	0	
6434	30	2594	0	
6435	30	2548	0	
6436	30	9925	0	
6437	30	341	0	
6438	30	6833	0	
6439	30	2865	0	
6440	30	930	0	
6441	30	7639	0	
6442	30	4049	0	
6443	30	6678	0	
6444	30	1043	0	
6445	30	6853	0	
6446	30	4301	0	
6447	30	9676	0	
6448	30	3444	0	
6449	30	2303	0	
6450	30	7986	0	
6451	30	9347	0	
6452	30	4587	0	
6453	30	2356	0	
6454	30	92	0	
6455	30	964	0	
6456	30	5403	0	
6457	30	6250	0	
6458	30	5474	0	
6459	30	7849	0	
6460	30	3413	0	
6461	30	5409	0	
6462	30	3352	0	
6463	30	4001	0	
6464	30	2464	0	
6465	30	7047	0	
6466	30	3765	0	
6467	30	2297	0	
6468	30	2490	0	
6469	30	9246	0	
6470	30	8547	0	
6471	30	6537	0	
6472	30	1231	0	
6473	30	7131	0	
6474	30	376	0	
6475	30	7064	0	
6476	30	7633	0	
6477	30	5407	0	
6478	30	8825	0	
6479	30	3787	0	
6480	30	9214	0	
6481	30	3684	0	
6482	29	7953	0	
6483	29	4378	0	
6484	30	8229	0	
6485	30	9948	0	
6486	30	2222	0	
6487	30	4920	0	
6488	30	5115	0	
6489	30	6990	0	
6490	30	4220	0	
6491	30	4982	0	
6492	30	237	0	
6493	30	5581	0	
6494	30	8726	0	
6495	30	7447	0	
6496	30	3467	0	
6497	30	1305	0	
6498	30	7689	0	
6499	30	5071	0	
6500	28	8225	12	39
6501	29	4890	0	
6502	30	5685	0	
6503	30	1288	0	
6504	30	2671	0	
6505	30	3952	0	
6506	30	894	0	
6507	30	5664	0	
6508	30	4462	0	
6509	30	9956	0	
6510	30	9142	0	
6511	30	6162	0	
6512	30	2266	0	
6513	30	8052	0	
6514	30	1839	0	
6515	30	8004	0	
6516	30	2417	0	
6517	29	6204	0	
6518	30	157	0	
6519	29	3115	0	
6520	30	3589	0	
6521	30	5368	0	
6522	30	9066	0	
6523	30	5859	0	
6524	30	857	0	
6525	30	2109	0	
6526	30	4778	0	
6527	30	8130	0	
6528	30	1261	0	
6529	30	142	0	
6530	30	9763	0	
6531	30	329	0	
6532	30	2125	0	
6533	30	4943	0	
6534	30	2465	0	
6535	30	9736	0	
6536	30	2110	0	
6537	30	6471	0	
6538	30	3986	0	
6539	30	1573	0	
6540	30	4768	0	
6541	30	4825	0	
6542	30	8666	0	
6543	30	5827	0	
6544	30	4588	0	
6545	2	386	8	
6546	30	425	0	
6547	30	1799	0	
6548	30	2178	0	
6549	30	8846	0	
6550	30	555	0	
6551	30	4452	0	
6552	30	1413	0	
6553	29	1431	0	
6554	30	404	0	
6555	30	3583	0	
6556	30	7551	0	
6557	30	3106	0	
6558	30	2839	0	
6559	30	5243	0	
6560	30	645	0	
6561	30	1126	0	
6562	30	8102	0	
6563	30	8283	0	
6564	30	5559	0	
6565	30	6246	0	
6566	30	8968	0	
6567	30	923	0	
6568	30	339	0	
6569	30	641	0	
6570	30	4960	0	
6571	30	8728	0	
6572	30	2514	0	
6573	30	1729	0	
6574	30	9070	0	
6575	30	9706	0	
6576	30	8166	0	
6577	30	870	0	
6578	30	3988	0	
6579	30	8911	0	
6580	30	7149	0	
6581	30	3338	0	
6582	30	2603	0	
6583	30	1875	0	
6584	30	9398	0	
6585	30	3421	0	
6586	30	5366	0	
6587	30	3527	0	
6588	30	648	0	
6589	30	2067	0	
6590	30	972	0	
6591	30	3264	0	
6592	30	322	0	
6593	30	9218	0	
6594	30	6659	0	
6595	30	5940	0	
6596	30	1616	0	
6597	30	473	0	
6598	30	9624	0	
6599	30	4711	0	
6600	30	4721	0	
6601	30	7997	0	
6602	30	2569	0	
6603	30	8320	0	
6604	30	5374	0	
6605	30	7604	0	
6606	30	9007	0	
6607	30	3716	0	
6608	30	8758	0	
6609	30	9115	0	
6610	30	6131	0	
6611	30	9302	0	
6612	30	2069	0	
6613	30	8082	0	
6614	30	4730	0	
6615	30	2427	0	
6616	30	6385	0	
6617	30	9742	0	
6618	30	5312	0	
6619	30	2660	0	
6620	30	2018	0	
6621	29	2715	0	
6622	30	4729	0	
6623	30	7090	0	
6624	30	1398	0	
6625	30	8915	0	
6626	30	8242	0	
6627	30	6320	0	
6628	30	8160	0	
6629	30	674	0	
6630	30	3125	0	
6631	30	5479	0	
6632	30	3365	0	
6633	30	8917	0	
6634	30	2168	0	
6635	30	9418	0	
6636	30	550	0	
6637	30	7229	0	
6638	30	3760	0	
6639	30	1600	0	
6640	30	5116	0	
6641	30	9634	0	
6642	30	3579	0	
6643	30	8625	0	
6644	30	4000	0	
6645	30	7112	0	
6646	30	672	0	
6647	30	4500	0	
6648	30	8558	0	
6649	30	660	0	
6650	29	2995	0	
6651	30	7411	0	
6652	30	4661	0	
6653	30	8382	0	
6654	30	4964	0	
6655	30	4956	0	
6656	30	4029	0	
6657	30	6206	0	
6658	30	1443	0	
6659	30	6594	0	
6660	30	6159	0	
6661	30	8821	0	
6662	30	6100	0	
6663	30	6395	0	
6664	30	761	0	
6665	29	2997	0	
6666	30	1892	0	
6667	30	2586	0	
6668	30	4712	0	
6669	30	3515	0	
6670	30	9964	0	
6671	30	8117	0	
6672	30	5313	0	
6673	30	5862	0	
6674	30	3680	0	
6675	30	9933	0	
6676	30	5928	0	
6677	30	8114	0	
6678	30	6443	0	
6679	30	6331	0	
6680	30	7964	0	
6681	30	9187	0	
6682	30	7340	0	
6683	30	646	0	
6684	30	9506	0	
6685	30	732	0	
6686	30	5352	0	
6687	30	9331	0	
6688	30	7848	0	
6689	30	7864	0	
6690	29	112	0	
6691	30	3785	0	
6692	30	4751	0	
6693	30	8887	0	
6694	30	3894	0	
6695	30	5157	0	
6696	30	7485	0	
6697	30	4929	0	
6698	30	64	0	
6699	29	3571	0	
6700	30	3733	0	
6701	30	8914	0	
6702	30	1807	0	
6703	30	7649	0	
6704	30	1887	0	
6705	30	5294	0	
6706	30	2964	0	
6707	30	2930	0	
6708	30	844	0	62
6709	30	3006	0	
6710	20	1705	0	31
6711	30	6821	0	
6712	30	8059	0	
6713	30	4871	0	
6714	30	3750	0	
6715	30	9959	0	
6716	30	1448	0	
6717	29	3485	0	
6718	30	3697	0	
6719	30	6989	0	
6720	30	4117	0	
6721	30	5056	0	
6722	29	3333	0	
6723	30	3479	0	
6724	30	2669	0	
6725	30	5034	0	
6726	30	1377	0	
6727	30	8644	0	
6728	30	6864	0	
6729	30	6898	0	
6730	30	3666	0	
6731	30	3018	0	
6732	30	2609	0	
6733	30	5721	0	
6734	30	5756	0	
6735	30	2720	0	
6736	13	2662	10	
6737	30	8211	0	
6738	30	4427	0	
6739	30	9470	0	
6740	30	2710	0	
6741	30	3295	0	
6742	30	109	0	
6743	30	5832	0	
6744	30	4784	0	
6745	30	9954	0	
6746	30	7065	0	
6747	30	1684	0	
6748	29	2281	0	
6749	30	9797	0	
6750	30	242	0	
6751	30	4713	0	
6752	30	9152	0	
6753	30	4411	0	
6754	30	249	0	
6755	30	8795	0	
6756	30	2570	0	
6757	30	7393	0	
6758	30	9495	0	
6759	30	9088	0	
6760	30	4508	0	
6761	30	8817	0	
6762	30	8001	0	
6763	30	8757	0	
6764	30	8254	0	
6765	30	7452	0	
6766	29	110	0	
6767	7	1027	9	7
6768	30	587	0	
6769	30	7236	0	
6770	30	8312	0	
6771	30	2270	0	
6772	30	4267	0	
6773	30	475	0	
6774	30	7209	0	
6775	30	3964	0	
6776	29	5966	0	
6777	30	2938	0	
6778	30	3242	0	
6779	30	1113	0	
6780	30	6430	0	
6781	30	6158	0	
6782	30	670	0	
6783	30	3149	0	
6784	30	7388	0	
6785	30	2184	0	
6786	30	4131	0	
6787	30	3884	0	
6788	30	5539	0	
6789	30	8919	0	
6790	30	5702	0	
6791	30	5195	0	
6792	30	8814	0	
6793	30	8929	0	
6794	30	182	0	
6795	30	7232	0	
6796	30	5847	0	
6797	30	8214	0	
6798	30	3276	0	
6799	30	8022	0	
6800	29	9516	0	
6801	29	8187	0	
6802	30	6933	0	
6803	30	1796	0	
6804	30	4543	0	
6805	30	3442	0	
6806	30	2864	0	
6807	30	2366	0	
6808	30	2330	0	
6809	30	4657	0	
6810	30	9859	0	
6811	30	3391	0	
6812	29	385	0	
6813	30	8257	0	
6814	30	3982	0	
6815	30	5359	0	
6816	30	3746	0	
6817	30	2213	0	
6818	30	8123	0	
6819	30	4158	0	
6820	30	8180	0	
6821	30	6711	0	
6822	29	3858	0	
6823	30	6298	0	
6824	30	9227	0	
6825	30	3480	0	
6826	30	2449	0	
6827	30	313	0	
6828	30	5666	0	
6829	30	4262	0	
6830	30	2159	0	
6831	30	6308	0	
6832	30	814	0	
6833	30	6438	0	
6834	30	3477	0	
6835	30	9660	0	
6836	30	8593	0	
6837	29	531	0	
6838	30	2516	0	
6839	30	9710	0	
6840	30	4053	0	
6841	30	9467	0	
6842	30	5108	0	
6843	30	1002	0	
6844	30	7336	0	
6845	30	589	0	
6846	30	2029	0	
6847	29	8019	0	
6848	30	7108	0	
6849	30	8368	0	
6850	30	5930	0	
6851	29	7617	0	
6852	30	5706	0	
6853	30	6445	0	
6854	30	1785	0	
6855	30	8412	0	
6856	30	8546	0	
6857	30	8712	0	
6858	30	7308	0	
6859	30	8706	0	
6860	29	5969	0	
6861	30	912	0	
6862	29	8073	0	
6863	30	4691	0	
6864	30	6728	0	
6865	29	400	0	
6866	29	5582	0	
6867	30	2797	0	
6868	30	2224	0	
6869	30	2783	0	
6870	29	3154	0	
6871	30	5893	0	
6872	30	7254	0	
6873	30	6217	0	
6874	30	1774	0	
6875	30	1514	0	
6876	30	4761	0	
6877	30	730	0	
6878	30	2192	0	
6879	30	3051	0	
6880	29	5825	0	
6881	30	2999	0	
6882	30	9867	0	
6883	30	8167	0	
6884	30	2149	0	
6885	29	4190	0	
6886	30	830	0	
6887	30	5377	0	
6888	30	2280	0	
6889	30	44	0	
6890	29	9955	0	
6891	30	177	0	
6892	30	1620	0	
6893	30	5920	0	
6894	30	9750	0	
6895	30	4733	0	
6896	30	5668	0	
6897	29	873	0	
6898	30	6729	0	
6899	30	9485	0	
6900	30	7148	0	
6901	30	8224	0	
6902	30	3601	0	
6903	30	2661	0	
6904	30	300	0	
6905	30	918	0	
6906	30	9807	0	
6907	30	8018	0	
6908	30	5754	0	
6909	30	6338	0	
6910	29	3702	0	
6911	29	6113	0	
6912	30	5102	0	
6913	30	8605	0	
6914	30	1032	0	
6915	30	6118	0	
6916	30	7384	0	
6917	30	7434	0	
6918	30	9381	0	
6919	30	5780	0	
6920	30	5372	0	
6921	30	280	0	
6922	30	4415	0	
6923	30	18	0	
6924	30	1430	0	
6925	30	2724	0	
6926	30	8244	0	
6927	30	5333	0	
6928	30	8808	0	
6929	30	5271	0	
6930	30	9884	0	
6931	30	2725	0	
6932	30	8893	0	
6933	30	6802	0	
6934	30	3498	0	
6935	30	1230	0	
6936	30	3	0	
6937	30	8600	0	
6938	30	9317	0	
6939	30	9540	0	
6940	30	5867	0	
6941	30	4213	0	
6942	30	7751	0	
6943	30	8366	0	
6944	30	2498	0	
6945	30	365	0	
6946	30	9450	0	
6947	30	7536	0	
6948	29	3548	0	
6949	30	6186	0	
6950	30	95	0	
6951	30	9372	0	
6952	30	7772	0	
6953	30	1321	0	
6954	30	5956	0	
6955	30	8069	0	
6956	29	4293	0	
6957	30	530	0	
6958	30	20	0	
6959	30	174	0	
6960	30	2215	0	
6961	30	1480	0	
6962	30	2781	0	
6963	30	2367	0	
6964	30	1967	0	
6965	30	4247	0	
6966	30	8573	0	
6967	29	1732	0	
6968	29	7264	0	
6969	30	2811	0	
6970	30	5443	0	
6971	30	891	0	
6972	30	5080	0	
6973	30	5287	0	
6974	30	368	0	
6975	30	1676	0	
6976	30	3569	0	
6977	30	3533	0	
6978	30	8363	0	
6979	30	4346	0	
6980	30	1130	0	
6981	30	2154	0	
6982	30	2005	0	
6983	30	6056	0	
6984	30	4088	0	
6985	30	3263	0	
6986	30	8298	0	
6987	30	4477	0	
6988	30	5167	0	
6989	30	6719	0	
6990	30	6489	0	
6991	30	8506	0	
6992	30	5455	0	
6993	30	7653	0	
6994	30	8383	0	
6995	30	4453	0	
6996	30	5560	0	
6997	30	3980	0	
6998	30	409	0	
6999	10	1721	13	25
7000	30	2118	0	
7001	30	391	0	
7002	30	8322	0	
7003	30	2511	0	
7004	30	6037	0	
7005	30	4386	0	
7006	30	8531	0	
7007	30	7523	0	
7008	30	8744	0	
7009	30	7812	0	
7010	30	9861	0	
7011	30	1821	0	
7012	30	9735	0	
7013	30	8397	0	
7014	30	9999	0	
7015	30	3300	0	
7016	30	3947	0	
7017	30	5023	0	
7018	30	8184	0	
7019	30	1850	0	
7020	30	8129	0	
7021	30	4035	0	
7022	30	8540	0	
7023	30	7287	0	
7024	30	4224	0	
7025	30	4737	0	
7026	29	5190	0	
7027	30	178	0	
7028	30	3234	0	
7029	30	3448	0	
7030	30	8262	0	
7031	30	1849	0	
7032	29	688	0	
7033	30	9625	0	
7034	29	5210	0	
7035	30	8843	0	
7036	30	293	0	
7037	30	2821	0	
7038	29	2637	0	
7039	30	5895	0	
7040	30	2745	0	
7041	30	7680	0	
7042	30	7598	0	
7043	29	4774	0	
7044	30	1293	0	
7045	30	5075	0	
7046	30	3443	0	
7047	30	6465	0	
7048	30	5384	0	
7049	30	359	0	
7050	30	8861	0	
7051	30	9937	0	
7052	29	4080	0	
7053	30	5872	0	
7054	29	792	0	
7055	30	9761	0	
7056	30	4013	0	
7057	30	8196	0	
7058	30	9009	0	
7059	29	2104	0	
7060	30	703	0	
7061	29	9493	0	
7062	30	1952	0	
7063	30	5227	0	
7064	30	6475	0	
7065	30	6746	0	
7066	30	2532	0	
7067	30	9529	0	
7068	30	2567	0	
7069	30	3401	0	
7070	30	3544	0	
7071	30	7645	0	
7072	30	8612	0	
7073	30	9838	0	
7074	30	2819	0	
7075	26	3111	3	36
7076	30	2131	0	
7077	30	2016	0	
7078	30	6092	0	
7079	30	4855	0	
7080	30	9958	0	
7081	30	7643	0	
7082	30	9707	0	
7083	30	4383	0	
7084	30	8189	0	
7085	30	8305	0	
7086	30	1129	0	
7087	30	3404	0	
7088	30	5097	0	
7089	30	238	0	
7090	30	6623	0	
7091	30	9594	0	
7092	30	6187	0	
7093	29	8270	0	
7094	30	6313	0	
7095	30	5385	0	54
7096	30	4021	0	
7097	30	1135	0	
7098	30	5815	0	
7099	30	3707	0	
7100	30	2319	0	
7101	30	1223	0	
7102	30	7422	0	
7103	30	8377	0	
7104	30	3817	0	
7105	30	8407	0	
7106	30	1482	0	
7107	29	6168	0	
7108	30	6848	0	
7109	30	2904	0	
7110	29	1203	0	
7111	30	2709	0	
7112	30	6645	0	
7113	30	4022	0	
7114	30	1855	0	
7115	30	1737	0	
7116	30	4434	0	
7117	30	8169	0	
7118	30	503	0	
7119	29	3190	0	
7120	30	5198	0	
7121	30	8105	0	
7122	30	4194	0	
7123	30	4538	0	
7124	30	1234	0	
7125	30	4926	0	
7126	29	4261	0	
7127	30	3185	0	
7128	30	2074	0	
7129	29	3462	0	
7130	30	1830	0	
7131	30	6473	0	
7132	30	3538	0	
7133	30	3046	0	
7134	30	3116	0	
7135	29	7669	0	
7136	30	3953	0	
7137	30	6235	0	
7138	29	521	0	
7139	30	8045	0	
7140	30	5834	0	
7141	29	9626	0	
7142	30	2685	0	
7143	30	3867	0	
7144	30	9816	0	
7145	30	3915	0	
7146	30	1510	0	
7147	30	7823	0	
7148	30	6900	0	
7149	7	6580	4	8
7150	30	4803	0	
7151	30	9369	0	
7152	30	2758	0	
7153	30	6403	0	
7154	30	3128	0	
7155	30	9171	0	
7156	30	7728	0	
7157	30	5692	0	
7158	29	5527	0	
7159	30	8005	0	
7160	30	6214	0	
7161	30	7435	0	
7162	30	4850	0	
7163	30	194	0	
7164	30	9374	0	
7165	30	649	0	
7166	30	4518	0	
7167	30	5719	0	
7168	30	1326	0	
7169	30	5256	0	
7170	30	8529	0	
7171	30	2544	0	
7172	30	5068	0	
7173	30	316	0	
7174	30	7719	0	
7175	30	1648	0	
7176	30	4794	0	
7177	30	9890	0	
7178	30	8176	0	
7179	30	1194	0	
7180	29	4527	0	
7181	30	15	0	
7182	30	3860	0	
7183	30	9984	0	
7184	30	7725	0	
7185	30	5173	0	
7186	30	5773	0	
7187	30	1204	0	
7188	30	1092	0	
7189	30	2614	0	
7190	30	5710	0	
7191	30	3056	0	
7192	30	8618	0	
7193	30	3035	0	
7194	30	7375	0	
7195	30	1245	0	
7196	30	1550	0	
7197	30	2306	0	
7198	30	3491	0	
7199	30	8367	0	
7200	30	7743	0	
7201	30	9191	0	
7202	30	4227	0	
7203	29	8321	0	
7204	30	2652	0	
7205	30	5302	0	
7206	30	2113	0	
7207	30	179	0	
7208	30	9993	0	
7209	30	6774	0	
7210	30	8125	0	
7211	30	9315	0	
7212	30	130	0	
7213	30	9590	0	
7214	30	3552	0	
7215	29	5818	0	
7216	30	7672	0	
7217	30	3073	0	
7218	30	832	0	
7219	30	9931	0	49
7220	30	4786	0	
7221	30	8389	0	
7222	30	84	0	
7223	30	3318	0	
7224	30	1546	0	
7225	30	3174	0	
7226	30	8636	0	
7227	30	7920	0	
7228	30	1563	0	
7229	30	6637	0	
7230	30	3427	0	
7231	30	1542	0	
7232	30	6795	0	
7233	30	2796	0	
7234	29	2992	0	
7235	30	9165	0	
7236	30	6769	0	
7237	30	5040	0	
7238	30	744	0	
7239	30	2134	0	
7240	30	2732	0	
7241	30	9497	0	
7242	30	3108	0	
7243	30	8876	0	
7244	30	2667	0	
7245	30	1260	0	
7246	30	4355	0	
7247	30	3364	0	
7248	30	5852	0	
7249	30	338	0	
7250	30	8781	0	
7251	30	7408	0	
7252	30	2779	0	
7253	30	4395	0	
7254	30	6872	0	
7255	30	9159	0	
7256	30	2756	0	
7257	30	5211	0	
7258	30	7392	0	
7259	30	384	0	
7260	30	6234	0	
7261	30	9197	0	
7262	30	4556	0	
7263	30	8145	0	
7264	29	6968	0	
7265	30	754	0	
7266	30	5599	0	
7267	30	4145	0	
7268	30	6032	0	
7269	30	4924	0	
7270	30	8989	0	
7271	30	2481	0	
7272	30	9231	0	
7273	30	7512	0	
7274	30	2928	0	
7275	30	7379	0	
7276	30	319	0	
7277	30	8986	0	
7278	29	4290	0	
7279	30	5793	0	
7280	29	5171	0	
7281	30	3868	0	
7282	30	286	0	
7283	30	5141	0	78
7284	30	456	0	
7285	30	8811	0	
7286	30	8483	0	
7287	30	7023	0	
7288	30	9618	0	
7289	30	8089	0	
7290	30	729	0	
7291	30	3539	0	
7292	30	5905	0	
7293	30	7325	0	
7294	30	8311	0	
7295	30	3973	0	
7296	30	5250	0	
7297	30	5280	0	
7298	30	1650	0	
7299	30	1242	0	
7300	30	5663	0	
7301	29	8392	0	
7302	30	8099	0	
7303	30	281	0	
7304	30	4817	0	
7305	30	1015	0	
7306	30	9670	0	
7307	30	1091	0	
7308	30	6858	0	
7309	30	3033	0	
7310	29	9866	0	
7311	30	9982	0	
7312	30	5233	0	
7313	30	4609	0	
7314	30	3023	0	
7315	30	6101	0	
7316	30	5653	0	
7317	30	3435	0	
7318	30	8161	0	
7319	30	5924	0	
7320	30	847	0	
7321	30	8683	0	
7322	30	5628	0	
7323	30	7851	0	
7324	30	2190	0	
7325	30	7293	0	
7326	30	3284	0	
7327	30	4286	0	
7328	17	2350	0	30
7329	30	3886	0	
7330	30	6228	0	
7331	30	5725	0	
7332	30	2512	0	
7333	30	7497	0	
7334	30	7874	0	
7335	30	9037	0	
7336	30	6844	0	
7337	29	1665	0	
7338	30	8421	0	
7339	30	5170	0	
7340	30	6682	0	
7341	30	7767	0	
7342	30	9611	0	
7343	30	5237	0	
7344	29	4495	0	
7345	30	9079	0	
7346	30	9638	0	
7347	30	1848	0	
7348	30	9519	0	
7349	30	185	0	
7350	30	7359	0	
7351	30	7976	0	
7352	30	3176	0	
7353	30	2409	0	
7354	30	1484	0	
7355	30	4642	0	
7356	30	2002	0	
7357	30	7404	0	
7358	30	4143	0	
7359	30	7350	0	
7360	30	991	0	
7361	30	3881	0	
7362	30	7809	0	
7363	30	717	0	
7364	29	8445	0	
7365	30	4258	0	
7366	30	8042	0	
7367	30	1276	0	
7368	30	5632	0	
7369	30	5567	0	
7370	30	6257	0	
7371	29	3891	0	
7372	30	3526	0	
7373	30	8783	0	
7374	30	3167	0	
7375	30	7194	0	
7376	30	5174	0	
7377	29	2221	0	
7378	30	2418	0	
7379	30	7275	0	
7380	30	5538	0	
7381	30	2334	0	
7382	30	2641	0	
7383	30	3778	0	
7384	30	6916	0	
7385	30	3607	0	
7386	29	5727	0	
7387	30	7815	0	
7388	30	6784	0	
7389	30	3563	0	
7390	30	8410	0	
7391	30	9492	0	
7392	30	7258	0	
7393	30	6757	0	
7394	30	5224	0	
7395	30	9732	0	
7396	30	1674	0	
7397	30	5979	0	
7398	30	4905	0	
7399	30	4331	0	
7400	30	4280	0	
7401	22	5486	11	34
7402	30	2042	0	
7403	30	1607	0	
7404	30	7357	0	
7405	30	395	0	
7406	30	7878	0	
7407	30	4958	0	
7408	30	7251	0	
7409	30	3723	0	
7410	30	751	0	
7411	30	6651	0	
7412	30	574	0	
7413	29	6399	0	
7414	30	9515	0	
7415	30	4788	0	
7416	30	9057	0	
7417	30	2576	0	
7418	30	7960	0	
7419	30	8954	0	
7420	30	9024	0	
7421	30	8696	0	
7422	30	7102	0	
7423	30	5306	0	
7424	29	7810	0	
7425	30	8323	0	
7426	30	3912	0	
7427	30	3280	0	
7428	30	1147	0	
7429	30	6104	0	
7430	30	299	0	
7431	30	481	0	
7432	30	3780	0	
7433	30	5142	0	
7434	30	6917	0	
7435	30	7161	0	
7436	30	8740	0	
7437	30	8828	0	
7438	30	4969	0	
7439	30	7907	0	
7440	30	3332	0	
7441	29	1053	0	
7442	30	2959	0	
7443	30	8126	0	
7444	30	5420	0	
7445	29	9537	0	
7446	30	3109	0	
7447	30	6495	0	
7448	30	9543	0	
7449	30	3121	0	
7450	30	4842	0	
7451	30	8261	0	
7452	30	6765	0	
7453	30	2466	0	
7454	30	2852	0	
7455	30	9983	0	
7456	29	8535	0	
7457	30	1798	0	
7458	9	2636	8	13
7459	30	5172	0	
7460	30	67	0	
7461	30	7786	0	
7462	30	1110	0	
7463	30	773	0	
7464	30	8947	0	
7465	30	5328	0	
7466	30	4703	0	
7467	29	1934	0	
7468	30	9077	0	
7469	30	9988	0	
7470	30	3043	0	
7471	30	9417	0	
7472	30	1554	0	
7473	30	9860	0	
7474	30	5573	0	
7475	30	4935	0	
7476	30	3521	0	
7477	30	5383	0	
7478	30	8926	0	
7479	30	5635	0	
7480	30	4540	0	
7481	30	5759	0	
7482	30	3729	0	
7483	30	5831	0	
7484	30	4196	0	
7485	30	6696	0	
7486	30	4667	0	
7487	30	8015	0	
7488	30	8094	0	
7489	30	8771	0	
7490	30	3169	0	
7491	30	7661	0	
7492	30	7505	0	
7493	30	3673	0	
7494	30	3831	0	
7495	30	1551	0	
7496	30	2169	0	
7497	30	7333	0	
7498	30	9060	0	
7499	30	921	0	
7500	30	4989	0	
7501	30	3653	0	
7502	30	7562	0	
7503	30	9667	0	
7504	30	5065	0	
7505	30	7492	0	
7506	30	9281	0	
7507	30	7693	0	
7508	30	935	0	
7509	30	5715	0	
7510	30	7955	0	
7511	30	9341	0	
7512	30	7273	0	
7513	30	4222	0	
7514	30	1114	0	
7515	29	5318	0	
7516	30	5273	0	
7517	30	9288	0	
7518	30	9100	0	
7519	30	5086	0	
7520	30	1369	0	
7521	30	2581	0	
7522	30	1938	0	
7523	30	7007	0	
7524	30	8476	0	
7525	30	2519	0	
7526	30	1314	0	
7527	30	3117	0	
7528	30	3999	0	
7529	30	3923	0	
7530	13	5748	4	9
7531	30	8661	0	
7532	30	7623	0	
7533	30	8525	0	
7534	29	4986	0	
7535	30	617	0	
7536	30	6947	0	
7537	30	8461	0	
7538	30	7663	0	
7539	30	8802	0	
7540	30	3510	0	
7541	30	6096	0	
7542	30	8753	0	
7543	30	913	0	
7544	30	5076	0	
7545	30	1303	0	
7546	30	457	0	
7547	30	9749	0	
7548	30	5580	0	
7549	30	6006	0	
7550	30	5878	0	
7551	30	6556	0	
7552	30	2911	0	
7553	30	4135	0	
7554	30	7836	0	
7555	30	8010	0	
7556	30	5540	0	
7557	30	2432	0	
7558	30	1132	0	
7559	30	3730	0	
7560	30	9830	0	
7561	30	5334	0	
7562	30	7502	0	
7563	30	1862	0	
7564	30	4576	0	
7565	26	4351	10	37
7566	29	2121	0	
7567	30	5774	0	
7568	29	2767	0	
7569	30	1379	0	
7570	30	1594	0	
7571	30	4807	0	
7572	30	6288	0	
7573	30	8334	0	
7574	30	7802	0	
7575	30	6167	0	
7576	30	5885	0	
7577	30	6324	0	
7578	30	6127	0	
7579	30	8987	0	
7580	29	27	0	
7581	29	2513	0	
7582	30	8751	0	
7583	30	9177	0	
7584	30	623	0	
7585	30	2993	0	
7586	30	1208	0	
7587	30	3261	0	
7588	30	3970	0	
7589	30	3099	0	
7590	30	2632	0	
7591	29	8124	0	
7592	30	9562	0	
7593	30	424	0	
7594	30	4380	0	
7595	29	4173	0	
7596	30	9682	0	
7597	30	5152	0	
7598	30	7042	0	
7599	30	8371	0	
7600	30	2509	0	
7601	30	29	0	
7602	30	3009	0	
7603	30	4081	0	
7604	30	6605	0	
7605	30	1902	0	
7606	30	9028	0	
7607	30	9857	0	
7608	30	2364	0	
7609	30	4883	0	86
7610	30	9627	0	
7611	30	5678	0	
7612	30	8084	0	
7613	30	3275	0	
7614	29	8076	0	
7615	30	720	0	
7616	30	4470	0	
7617	29	6851	0	
7618	29	4485	0	
7619	30	4877	0	
7620	30	3800	0	
7621	30	9636	0	
7622	30	2181	0	
7623	30	7532	0	
7624	30	4502	0	
7625	30	9852	0	
7626	30	3592	0	
7627	30	9046	0	
7628	30	6268	0	
7629	30	8719	0	
7630	30	2258	0	
7631	29	6266	0	
7632	30	3718	0	
7633	30	6476	0	
7634	30	2004	0	
7635	30	5429	0	
7636	30	9837	0	
7637	30	2053	0	
7638	30	3145	0	
7639	30	6441	0	
7640	30	4122	0	
7641	30	8193	0	
7642	30	9771	0	
7643	30	7081	0	
7644	30	3839	0	
7645	30	7071	0	
7646	30	4271	0	
7647	30	7915	0	
7648	30	6362	0	
7649	30	6703	0	
7650	30	5586	0	
7651	30	476	0	
7652	29	7853	0	
7653	30	6993	0	
7654	30	485	0	
7655	30	6393	0	
7656	30	8430	0	
7657	30	9169	0	
7658	30	8788	0	
7659	30	575	0	
7660	30	6267	0	
7661	30	7491	0	
7662	30	6110	0	
7663	30	7538	0	
7664	30	7967	0	
7665	30	9154	0	
7666	30	9644	0	
7667	30	4108	0	
7668	30	5613	0	
7669	29	7135	0	
7670	30	5389	0	
7671	30	9283	0	
7672	30	7216	0	
7673	30	4640	0	
7674	30	1309	0	
7675	29	7765	0	
7676	30	9377	0	
7677	30	9363	0	
7678	30	9715	0	
7679	30	4012	0	
7680	30	7041	0	
7681	30	5822	0	
7682	30	5360	0	
7683	30	5335	0	
7684	30	2869	0	
7685	30	7852	0	
7686	30	2434	0	
7687	30	1724	0	
7688	30	5000	0	
7689	30	6498	0	
7690	30	6283	0	
7691	30	3906	0	
7692	30	8485	0	
7693	30	7507	0	
7694	30	6095	0	
7695	30	2443	0	
7696	30	241	0	
7697	30	9565	0	
7698	30	9202	0	
7699	30	5120	0	
7700	30	2114	0	
7701	30	4299	0	
7702	30	2909	0	
7703	30	1391	0	
7704	30	2666	0	
7705	30	1150	0	
7706	30	8482	0	
7707	30	2094	0	
7708	30	387	0	
7709	30	1962	0	
7710	30	3944	0	
7711	29	4605	0	
7712	30	9320	0	
7713	30	7922	0	
7714	30	5993	0	
7715	30	3417	0	
7716	30	4684	0	
7717	30	5134	0	
7718	30	5861	0	
7719	30	7174	0	
7720	30	2030	0	
7721	30	3650	0	
7722	30	8857	0	
7723	29	5061	0	
7724	30	1354	0	
7725	30	7184	0	
7726	30	5611	0	
7727	30	971	0	
7728	30	7156	0	
7729	30	8499	0	
7730	29	5802	0	
7731	30	3012	0	
7732	30	3529	0	
7733	30	4052	0	
7734	30	8832	0	
7735	30	2676	0	
7736	30	2774	0	
7737	29	1031	0	
7738	30	2880	0	
7739	30	3822	0	
7740	30	1640	0	
7741	30	818	0	
7742	30	4514	0	
7743	30	7200	0	
7744	30	5497	0	
7745	30	4536	0	
7746	29	5379	0	
7747	30	7768	0	
7748	30	2115	0	
7749	30	1909	0	
7750	30	8493	0	
7751	30	6942	0	
7752	30	7897	0	
7753	30	9974	0	
7754	30	8714	0	
7755	30	583	0	
7756	30	3751	0	
7757	30	137	0	
7758	29	4255	0	
7759	30	860	0	
7760	30	3232	0	
7761	30	3428	0	
7762	29	4073	0	
7763	29	4592	0	
7764	30	9548	0	
7765	29	7675	0	
7766	30	8627	0	
7767	30	7341	0	
7768	30	7747	0	
7769	30	3359	0	
7770	30	3342	0	
7771	30	171	0	
7772	30	6952	0	
7773	30	1055	0	
7774	30	5370	0	
7775	30	1936	0	
7776	30	2468	0	
7777	30	9602	0	
7778	30	8355	0	
7779	30	2766	0	
7780	30	6089	0	
7781	30	2458	0	
7782	29	2883	0	
7783	30	667	0	
7784	30	8336	0	
7785	30	983	0	
7786	30	7461	0	
7787	30	1184	0	
7788	30	1138	0	
7789	30	1930	0	
7790	30	3302	0	
7791	30	2157	0	
7792	30	2133	0	
7793	29	3159	0	
7794	30	4129	0	
7795	30	7901	0	
7796	30	734	0	
7797	30	8581	0	
7798	30	2132	0	
7799	30	3138	0	
7800	30	735	0	
7801	30	4178	0	
7802	30	7574	0	
7803	30	9895	0	
7804	30	5918	0	
7805	30	8725	0	
7806	29	3636	0	
7807	30	4317	0	
7808	30	3899	0	
7809	30	7362	0	
7810	29	7424	0	
7811	30	9496	0	
7812	30	7009	0	
7813	30	5989	0	
7814	30	3066	0	
7815	30	7387	0	
7816	30	1057	0	
7817	30	5110	0	
7818	30	6301	0	
7819	30	1238	0	
7820	30	9870	0	
7821	30	9781	0	
7822	30	462	0	
7823	27	7147	3	3
7824	30	16	0	
7825	30	8200	0	
7826	30	3101	0	
7827	29	666	0	
7828	30	3525	0	
7829	30	8155	0	
7830	30	954	0	
7831	30	3512	0	
7832	30	6414	0	
7833	30	536	0	
7834	30	8500	0	
7835	30	6088	0	
7836	4	7554	11	20
7837	30	9818	0	
7838	30	4337	0	
7839	30	6120	0	
7840	30	8016	0	
7841	29	3784	0	
7842	30	3181	0	
7843	30	3842	0	
7844	30	4436	0	
7845	30	663	0	
7846	30	5159	0	
7847	30	2635	0	
7848	30	6688	0	
7849	30	6459	0	
7850	30	3993	0	
7851	30	7323	0	
7852	30	7685	0	
7853	29	7652	0	
7854	30	776	0	
7855	30	284	0	
7856	30	6259	0	
7857	30	2057	0	
7858	30	468	0	
7859	30	5854	0	
7860	30	4428	0	
7861	30	5226	0	
7862	30	5579	0	
7863	30	2411	0	
7864	30	6689	0	
7865	30	9345	0	
7866	30	4448	0	
7867	30	2600	0	
7868	30	3542	0	
7869	30	1390	0	
7870	30	2841	0	
7871	30	2166	0	
7872	30	1335	0	
7873	30	6326	0	57
7874	30	7334	0	
7875	30	1753	0	
7876	30	495	0	
7877	30	8339	0	
7878	30	7406	0	
7879	30	8064	0	
7880	30	5030	0	
7881	30	1433	0	
7882	30	2605	0	
7883	30	2752	0	
7884	30	4284	0	
7885	30	1639	0	
7886	25	488	4	
7887	30	8660	0	
7888	30	2716	0	
7889	30	7994	0	
7890	30	2361	0	
7891	30	2385	0	
7892	30	8858	0	
7893	30	9916	0	
7894	30	8238	0	
7895	30	1463	0	
7896	30	6396	0	
7897	30	7752	0	
7898	30	1890	0	
7899	30	5132	0	
7900	30	5570	0	
7901	30	7795	0	
7902	30	986	0	
7903	30	6242	0	
7904	30	6420	0	
7905	30	251	0	
7906	30	6138	0	
7907	30	7439	0	
7908	30	1109	0	
7909	30	2575	0	
7910	30	556	0	
7911	30	3103	0	
7912	30	8470	0	
7913	30	5972	0	
7914	30	3293	0	
7915	30	7647	0	
7916	30	6091	0	
7917	30	4519	0	
7918	30	3248	0	
7919	30	4846	0	
7920	30	7227	0	
7921	30	5388	0	
7922	30	7713	0	
7923	30	8950	0	
7924	30	2741	0	
7925	30	1384	0	
7926	29	3244	0	
7927	30	2083	0	
7928	30	885	0	
7929	30	91	0	
7930	30	5039	0	
7931	29	745	0	
7932	30	108	0	
7933	30	3835	0	
7934	30	1084	0	
7935	30	4910	0	
7936	30	4988	0	
7937	30	2220	0	
7938	30	1702	0	
7939	30	5927	0	
7940	30	9730	0	
7941	30	9637	0	
7942	30	3520	0	
7943	30	9813	0	
7944	30	2980	0	
7945	30	287	0	
7946	30	2117	0	
7947	30	1688	0	
7948	30	1258	0	
7949	30	2036	0	
7950	30	4582	0	
7951	30	397	0	
7952	30	3949	0	
7953	29	6482	0	
7954	30	3657	0	
7955	30	7510	0	
7956	30	2829	0	
7957	30	9308	0	
7958	30	5191	0	
7959	30	2956	0	
7960	30	7418	0	
7961	29	9796	0	
7962	30	9513	0	
7963	30	325	0	
7964	30	6680	0	
7965	30	3506	0	
7966	30	411	0	
7967	30	7664	0	
7968	30	369	0	
7969	30	4304	0	
7970	30	5361	0	
7971	30	1368	0	
7972	30	600	0	
7973	29	4789	0	
7974	30	3772	0	
7975	30	460	0	
7976	30	7351	0	80
7977	30	9235	0	
7978	30	4069	0	
7979	30	534	0	
7980	30	4297	0	
7981	30	3355	0	
7982	30	9448	0	
7983	30	5697	0	
7984	30	9886	0	
7985	30	987	0	
7986	30	6450	0	
7987	30	228	0	
7988	30	932	0	
7989	29	3285	0	
7990	30	691	0	
7991	30	1953	0	
7992	30	3961	0	
7993	30	1096	0	
7994	30	7889	0	
7995	30	2881	0	
7996	18	9168	0	5
7997	30	6601	0	
7998	30	8065	0	
7999	30	725	0	
8000	30	5013	0	
8001	30	6762	0	
8002	30	2355	0	
8003	30	2937	0	
8004	30	6515	0	
8005	30	7159	0	
8006	30	415	0	
8007	30	5081	0	
8008	30	5293	0	
8009	30	8138	0	
8010	30	7555	0	
8011	30	1363	0	
8012	30	8227	0	
8013	30	1371	0	
8014	30	1945	0	
8015	30	7487	0	
8016	30	7840	0	
8017	30	1409	0	
8018	30	6907	0	
8019	29	6847	0	
8020	30	2497	0	
8021	30	9918	0	
8022	30	6799	0	
8023	30	5433	0	
8024	30	8916	0	
8025	30	9825	0	
8026	30	3171	0	
8027	30	6135	0	
8028	30	3957	0	
8029	30	5246	0	
8030	30	8269	0	
8031	30	2551	0	
8032	30	2101	0	
8033	30	6280	0	
8034	30	3841	0	
8035	30	9940	0	
8036	30	1901	0	
8037	30	4876	0	
8038	30	2633	0	
8039	30	5973	0	
8040	30	5676	0	
8041	30	1660	0	
8042	30	7366	0	
8043	30	5025	0	
8044	30	8824	0	
8045	30	7139	0	
8046	30	4478	0	
8047	30	2723	0	
8048	30	9122	0	
8049	30	8378	0	
8050	30	6219	0	
8051	29	5016	0	
8052	30	6513	0	
8053	30	4195	0	
8054	30	4835	0	
8055	30	2145	0	
8056	30	8839	0	
8057	30	5521	0	
8058	30	1592	0	
8059	30	6712	0	
8060	30	1693	0	
8061	30	2003	0	
8062	29	9907	0	
8063	30	4358	0	
8064	30	7879	0	
8065	30	7998	0	
8066	30	3191	0	
8067	30	305	0	
8068	30	5518	0	
8069	30	6955	0	
8070	30	1723	0	
8071	11	1332	2	13
8072	30	5394	0	
8073	29	6862	0	
8074	30	2313	0	
8075	30	2455	0	
8076	29	7614	0	
8077	30	1809	0	
8078	30	3743	0	
8079	30	9348	0	
8080	29	9430	0	
8081	30	6347	0	
8082	30	6613	0	
8083	30	3611	0	
8084	30	7612	0	
8085	30	4494	0	
8086	30	8110	0	
8087	29	126	0	
8088	16	5393	10	29
8089	30	7289	0	
8090	30	4687	0	
8091	30	3676	0	
8092	30	3083	0	
8093	30	5049	0	
8094	30	7488	0	
8095	30	4769	0	
8096	30	8393	0	
8097	30	315	0	
8098	30	3774	0	
8099	30	7302	0	
8100	30	33	0	
8101	30	8151	0	
8102	30	6562	0	
8103	30	4457	0	
8104	30	619	0	
8105	30	7121	0	
8106	29	8925	0	
8107	30	3089	0	
8108	30	9987	0	
8109	30	2076	0	
8110	30	8086	0	
8111	30	4660	0	
8112	30	5437	0	
8113	30	5442	0	
8114	30	6677	0	
8115	30	1985	0	
8116	30	548	0	
8117	30	6671	0	
8118	30	8131	0	
8119	30	6374	0	
8120	30	4682	0	
8121	29	9194	0	
8122	30	45	0	
8123	30	6818	0	
8124	29	7591	0	
8125	30	7210	0	
8126	30	7443	0	
8127	30	1425	0	
8128	30	1070	0	
8129	30	7020	0	
8130	30	6527	0	
8131	30	8118	0	
8132	30	2387	0	
8133	30	4891	0	
8134	30	9371	0	
8135	30	5637	0	
8136	30	949	0	
8137	30	8343	0	
8138	30	8009	0	
8139	30	3983	0	
8140	30	2789	0	
8141	30	9384	0	
8142	30	4622	0	
8143	30	4318	0	
8144	30	1695	0	
8145	6	7263	5	21
8146	30	8306	0	
8147	5	5059	0	
8148	30	9738	0	
8149	30	1205	0	
8150	30	3041	0	
8151	30	8101	0	
8152	30	533	0	
8153	30	4140	0	
8154	30	5070	0	
8155	30	7829	0	
8156	30	3779	0	
8157	30	2217	0	
8158	30	5794	0	
8159	29	2887	0	
8160	30	6628	0	
8161	30	7318	0	
8162	30	3728	0	
8163	30	2163	0	
8164	30	3294	0	
8165	30	628	0	
8166	30	6576	0	
8167	30	6883	0	
8168	30	8342	0	
8169	30	7117	0	
8170	30	2851	0	
8171	30	2212	0	
8172	30	9719	0	
8173	30	3281	0	
8174	29	1395	0	
8175	30	1633	0	
8176	30	7178	0	
8177	29	982	0	
8178	30	8813	0	
8179	30	5212	0	
8180	30	6820	0	
8181	30	8209	0	
8182	30	2612	0	
8183	30	2863	0	
8184	30	7018	0	
8185	30	8922	0	
8186	30	8475	0	
8187	29	6801	0	
8188	30	8724	0	
8189	30	7084	0	
8190	30	2448	0	
8191	30	3246	0	
8192	29	8571	0	
8193	30	7641	0	65
8194	30	5965	0	
8195	30	9416	0	
8196	30	7057	0	
8197	30	4889	0	
8198	30	2148	0	
8199	30	9370	0	
8200	30	7825	0	
8201	30	444	0	
8202	30	9179	0	
8203	30	2592	0	
8204	30	5184	0	
8205	30	302	0	
8206	30	6302	0	
8207	30	813	0	
8208	30	9160	0	
8209	30	8181	0	
8210	30	6273	0	
8211	30	6737	0	
8212	30	8246	0	
8213	30	4831	0	
8214	30	6797	0	
8215	29	1604	0	
8216	30	2080	0	
8217	30	70	0	
8218	30	1748	0	
8219	30	2504	0	
8220	30	863	0	
8221	30	4119	0	
8222	30	8930	0	
8223	30	762	0	
8224	13	6901	2	16
8225	30	6500	0	
8226	30	5505	0	
8227	30	8012	0	
8228	30	5261	0	
8229	30	6484	0	
8230	30	4913	0	
8231	30	1749	0	
8232	30	2915	0	
8233	30	2818	0	
8234	30	714	0	
8235	30	8433	0	
8236	30	6099	0	
8237	30	3188	0	
8238	30	7894	0	
8239	30	1359	0	
8240	30	298	0	
8241	30	9552	0	
8242	30	6626	0	
8243	30	1649	0	
8244	30	6926	0	
8245	30	1298	0	
8246	30	8212	0	
8247	30	3217	0	
8248	30	5453	0	
8249	30	9733	0	
8250	30	5148	0	
8251	30	3136	0	
8252	30	2875	0	
8253	30	2142	0	
8254	30	6764	0	
8255	30	8408	0	
8256	29	2645	0	
8257	30	6813	0	
8258	30	3348	0	
8259	30	1914	0	
8260	30	2740	0	
8261	30	7451	0	
8262	30	7030	0	
8263	30	4042	0	
8264	30	8562	0	
8265	30	2552	0	
8266	29	8842	0	
8267	30	4717	0	
8268	30	2349	0	
8269	30	8030	0	
8270	29	7093	0	
8271	17	1427	12	31
8272	30	8977	0	
8273	30	8898	0	
8274	30	6269	0	
8275	30	9524	0	
8276	30	4413	0	
8277	30	6394	0	
8278	30	8970	0	
8279	30	914	0	
8280	30	4422	0	
8281	30	2987	0	
8282	30	4534	0	
8283	30	6563	0	
8284	30	8586	0	
8285	30	4264	0	
8286	30	2691	0	
8287	30	3955	0	
8288	30	3619	0	
8289	30	383	0	
8290	30	8836	0	
8291	30	2077	0	
8292	30	1994	0	
8293	30	5624	0	
8294	29	3661	0	
8295	30	541	0	
8296	30	680	0	
8297	30	3950	0	
8298	30	6986	0	
8299	30	8882	0	
8300	30	1943	0	
8301	30	3911	0	
8302	30	4506	0	
8303	30	5584	0	
8304	30	3805	0	
8305	30	7085	0	
8306	30	8146	0	
8307	30	5693	0	
8308	29	3366	0	
8309	30	5654	0	
8310	29	416	0	
8311	30	7294	0	
8312	30	6770	0	
8313	30	9875	0	
8314	30	207	0	
8315	30	2017	0	
8316	30	208	0	
8317	30	9178	0	
8318	30	6300	0	
8319	30	2538	0	
8320	30	6603	0	
8321	29	7203	0	
8322	30	7002	0	
8323	30	7425	0	
8324	30	5244	0	
8325	30	6080	0	
8326	30	5884	0	
8327	30	888	0	
8328	29	618	0	
8329	30	8444	0	
8330	30	4099	0	
8331	30	2489	0	
8332	30	3551	0	
8333	30	9801	0	
8334	30	7573	0	
8335	30	4946	0	
8336	30	7784	0	
8337	29	3635	0	
8338	30	2079	0	
8339	30	7877	0	
8340	30	7	0	
8341	30	8462	0	
8342	30	8168	0	
8343	30	8137	0	
8344	30	5647	0	
8345	30	5133	0	
8346	29	9196	0	
8347	30	9698	0	
8348	30	1357	0	
8349	30	1456	0	
8350	30	5602	0	
8351	30	9826	0	
8352	30	1882	0	
8353	30	4036	0	
8354	30	1646	0	
8355	30	7778	0	
8356	30	1575	0	
8357	30	507	0	
8358	30	3373	0	
8359	30	3226	0	
8360	30	1124	0	
8361	30	2404	0	
8362	30	6309	0	
8363	30	6978	0	
8364	30	5515	0	
8365	30	1478	0	
8366	30	6943	0	
8367	30	7199	0	
8368	30	6849	0	
8369	30	3291	0	
8370	30	115	0	
8371	30	7599	0	
8372	30	1343	0	
8373	30	9343	0	
8374	30	781	0	
8375	30	4079	0	
8376	30	8469	0	
8377	30	7103	0	
8378	30	8049	0	
8379	30	3554	0	
8380	30	2617	0	
8381	30	6226	0	
8382	30	6653	0	
8383	30	6994	0	
8384	30	8778	0	
8385	30	2546	0	
8386	30	4772	0	
8387	30	3695	0	
8388	30	9521	0	
8389	30	7221	0	
8390	30	5733	0	
8391	30	8982	0	
8392	29	7301	0	
8393	30	8096	0	
8394	30	9468	0	
8395	30	1735	0	
8396	30	5018	0	
8397	30	7013	0	
8398	29	5978	0	
8399	30	9096	0	
8400	30	8860	0	
8401	30	9139	0	
8402	30	4141	0	
8403	30	1564	0	
8404	30	1079	0	
8405	30	232	0	
8406	30	557	0	
8407	30	7105	0	
8408	30	8255	0	
8409	30	5323	0	
8410	30	7390	0	
8411	30	856	0	
8412	30	6855	0	
8413	30	2654	0	
8414	30	687	0	
8415	30	2127	0	
8416	30	4027	0	
8417	30	51	0	
8418	30	1033	0	
8419	30	5138	0	
8420	30	9076	0	
8421	30	7338	0	
8422	30	4662	0	
8423	30	9401	0	
8424	30	3855	0	
8425	30	6367	0	
8426	30	4763	0	
8427	29	9905	0	
8428	30	9748	0	
8429	30	3922	0	
8430	30	7656	0	
8431	30	4034	0	
8432	30	1296	0	
8433	30	8235	0	
8434	30	2650	0	
8435	30	3827	0	
8436	30	3278	0	
8437	30	3434	0	
8438	30	3968	0	
8439	30	9144	0	
8440	30	4791	0	
8441	30	4200	0	
8442	30	9729	0	
8443	30	2686	0	
8444	30	8329	0	
8445	29	7364	0	
8446	30	3541	0	
8447	30	4832	0	
8448	30	1706	0	
8449	30	9579	0	
8450	30	4498	0	
8451	30	3503	0	
8452	30	2362	0	
8453	30	5092	0	
8454	30	8685	0	
8455	30	2162	0	
8456	30	4557	0	
8457	30	6333	0	
8458	30	760	0	
8459	30	5575	0	
8460	30	2202	0	
8461	30	7537	0	
8462	30	8341	0	
8463	30	4014	0	
8464	30	4896	0	
8465	30	9150	0	
8466	30	1838	0	
8467	30	9533	0	
8468	30	4823	0	
8469	30	8376	0	
8470	30	7912	0	
8471	30	2975	0	
8472	29	2718	0	
8473	30	5908	0	
8474	30	2070	0	
8475	30	8186	0	
8476	30	7524	0	
8477	29	3019	8	
8478	30	9849	0	
8479	30	9693	0	
8480	30	14	0	
8481	30	2343	0	
8482	30	7706	0	
8483	30	7286	0	
8484	30	9745	0	
8485	30	7692	0	
8486	30	1098	0	
8487	30	808	0	
8488	30	5745	0	
8489	30	917	0	
8490	29	1884	0	
8491	30	9459	0	
8492	30	5492	0	
8493	30	7750	0	
8494	30	8750	0	
8495	30	9047	0	83
8496	30	719	0	
8497	30	494	0	
8498	30	6143	0	
8499	30	7729	0	
8500	30	7834	0	
8501	30	8572	0	
8502	30	3076	0	
8503	30	3143	0	
8504	30	5562	0	
8505	30	5700	0	
8506	30	6991	0	
8507	30	5952	0	
8508	29	8936	0	
8509	30	9135	0	
8510	30	2173	0	
8511	30	690	0	
8512	30	5999	0	
8513	30	6077	0	
8514	30	3240	0	
8515	30	403	0	60
8516	30	9337	0	
8517	30	1402	0	
8518	30	686	0	
8519	30	1966	0	
8520	30	3824	0	
8521	30	8928	0	
8522	30	2219	0	
8523	29	5848	0	
8524	30	3981	0	
8525	30	7533	0	
8526	30	8703	0	
8527	30	101	0	
8528	30	8835	0	
8529	30	7170	0	
8530	17	1978	3	30
8531	30	7006	0	
8532	30	4191	0	
8533	30	9086	0	
8534	29	931	0	
8535	29	7456	0	
8536	30	5005	0	
8537	30	9926	0	
8538	30	4374	0	
8539	30	155	0	
8540	30	7022	0	
8541	30	2611	0	
8542	30	1520	0	
8543	30	950	0	
8544	30	9934	0	
8545	30	9614	0	
8546	30	6856	0	
8547	30	6470	0	
8548	30	379	0	
8549	30	2559	0	
8550	30	2401	0	
8551	30	1664	0	
8552	30	5257	0	
8553	30	9262	0	
8554	30	3382	0	
8555	30	5902	0	
8556	30	5077	0	
8557	30	5909	0	
8558	30	6648	0	
8559	30	9149	0	
8560	30	5877	0	
8561	30	4449	0	
8562	30	8264	0	
8563	30	4475	0	
8564	30	8623	0	
8565	30	9639	0	
8566	30	2488	0	
8567	30	3603	0	
8568	30	5842	0	
8569	30	5106	0	
8570	30	9584	0	
8571	29	8192	0	
8572	30	8501	0	
8573	30	6966	0	
8574	30	4669	0	
8575	30	9137	0	
8576	30	4812	0	
8577	30	3164	0	
8578	30	8680	0	
8579	29	3605	0	
8580	30	81	0	
8581	30	7797	0	
8582	29	5487	0	
8583	30	1670	0	
8584	30	3187	0	
8585	30	2898	0	
8586	30	8284	0	
8587	30	4050	0	
8588	30	2918	0	
8589	30	597	0	
8590	30	1941	0	
8591	30	588	0	
8592	30	343	0	
8593	9	6836	6	13
8594	30	1512	0	
8595	30	2990	0	
8596	30	2185	0	
8597	30	1518	0	
8598	30	4800	0	
8599	30	5651	0	
8600	30	6937	0	
8601	30	4132	0	
8602	30	4505	0	
8603	30	2397	0	
8604	30	5325	0	
8605	30	6913	0	
8606	30	1116	0	
8607	30	2502	0	
8608	30	6388	0	
8609	30	4541	0	
8610	30	604	0	
8611	30	2037	0	
8612	30	7072	0	
8613	30	1257	0	
8614	30	6243	0	
8615	30	9793	0	
8616	29	9010	0	
8617	30	4548	0	
8618	30	7192	0	
8619	29	2533	0	
8620	30	266	0	
8621	30	1956	0	
8622	30	1643	0	
8623	30	8564	0	
8624	30	2903	0	
8625	30	6643	0	
8626	30	2285	0	
8627	30	7766	0	
8628	30	1166	0	
8629	30	9444	0	
8630	30	3213	0	
8631	29	6432	0	
8632	30	3037	0	
8633	30	4727	0	
8634	29	441	0	
8635	30	1235	0	
8636	30	7226	0	
8637	30	2241	0	
8638	30	4430	0	
8639	30	774	0	
8640	30	4474	0	
8641	30	2700	0	
8642	30	1627	0	
8643	30	1086	0	
8644	30	6727	0	
8645	30	9314	0	
8646	30	8709	0	
8647	30	225	0	
8648	29	496	0	
8649	30	5203	0	
8650	30	9689	0	
8651	30	4677	0	
8652	30	838	0	
8653	30	5375	0	
8654	29	1612	0	
8655	30	3536	0	
8656	30	9520	0	
8657	30	2238	0	
8658	30	6337	0	
8659	30	8941	0	
8660	30	7887	0	
8661	30	7531	0	
8662	30	2831	0	
8663	30	4327	0	
8664	30	40	0	
8665	30	4043	0	
8666	30	6542	0	
8667	30	4019	0	
8668	30	5833	0	
8669	30	9435	0	
8670	30	490	0	
8671	29	9124	0	
8672	30	1291	0	
8673	30	2378	0	
8674	30	2406	0	
8675	30	993	0	
8676	30	630	0	
8677	30	9780	0	
8678	30	584	0	
8679	30	9378	0	
8680	30	8578	0	
8681	30	9791	0	
8682	30	9473	0	
8683	30	7321	0	
8684	30	6207	0	
8685	30	8454	0	
8686	30	2526	0	
8687	30	4748	0	
8688	30	3414	0	
8689	30	4922	0	
8690	30	4674	0	
8691	30	9904	0	
8692	30	1611	0	
8693	30	426	0	
8694	30	661	0	
8695	30	2751	0	
8696	30	7421	0	
8697	30	1165	0	
8698	30	66	0	
8699	30	9844	0	
8700	30	9295	0	
8701	30	3507	0	
8702	30	1198	0	
8703	30	8526	0	79
8704	30	1180	0	
8705	29	224	0	
8706	30	6859	0	
8707	30	233	0	
8708	30	6030	0	
8709	30	8646	0	
8710	30	1588	0	
8711	30	9042	0	
8712	30	6857	0	
8713	29	2499	0	
8714	30	7754	0	
8715	29	3561	0	
8716	30	804	0	
8717	30	2905	0	
8718	30	9820	0	
8719	30	7629	0	
8720	30	428	0	
8721	30	4334	0	
8722	30	4246	0	
8723	30	2763	0	
8724	30	8188	0	
8725	30	7805	0	
8726	30	6494	0	
8727	30	3262	0	
8728	30	6571	0	
8729	30	1803	0	
8730	30	9316	0	
8731	30	692	0	
8732	30	586	0	
8733	30	3832	0	
8734	30	1912	0	
8735	30	1761	0	
8736	30	5534	0	
8737	30	2299	0	
8738	30	4637	0	
8739	30	6093	0	
8740	30	7436	0	
8741	30	3303	0	
8742	30	6054	0	
8743	30	3052	0	
8744	30	7008	0	
8745	30	5751	0	
8746	30	3445	0	
8747	30	2126	0	
8748	30	1916	0	
8749	30	5338	0	
8750	30	8494	0	
8751	30	7582	0	
8752	30	5093	0	
8753	30	7542	0	
8754	30	2317	0	
8755	30	1406	0	
8756	30	4370	0	
8757	30	6763	0	
8758	30	6608	0	
8759	30	1697	0	
8760	30	9469	0	
8761	30	4526	0	
8762	30	529	0	
8763	30	4003	0	
8764	30	5470	0	
8765	30	9815	0	
8766	30	2553	0	
8767	30	820	0	
8768	30	43	0	
8769	30	48	0	
8770	30	2123	0	
8771	30	7489	0	
8772	30	9704	0	
8773	29	1336	0	
8774	30	9873	0	
8775	30	846	0	
8776	30	4005	0	
8777	30	934	0	
8778	30	8384	0	
8779	30	2668	0	
8780	30	5248	0	
8781	30	7250	0	
8782	30	4008	0	
8783	30	7373	0	
8784	30	2452	0	
8785	30	3806	0	
8786	29	9123	0	
8787	30	8852	0	
8788	30	7658	0	
8789	30	1736	0	
8790	30	3801	0	
8791	30	3864	0	
8792	30	5225	0	
8793	30	9458	0	
8794	30	2585	0	
8795	30	6755	0	
8796	30	1529	0	
8797	30	5988	0	
8798	30	246	0	
8799	30	2810	0	
8800	30	5415	0	
8801	30	5995	0	
8802	30	7539	0	
8803	30	5533	0	
8804	30	2953	0	
8805	30	2836	0	
8806	30	3297	0	51
8807	30	6407	0	
8808	30	6928	0	
8809	30	1078	0	
8810	30	1310	0	
8811	30	7285	0	
8812	30	3761	0	
8813	30	8178	0	
8814	30	6792	0	
8815	30	1812	0	
8816	30	3756	0	
8817	30	6761	0	
8818	30	2307	0	
8819	29	3610	0	
8820	30	9990	0	
8821	30	6661	0	
8822	30	6009	0	
8823	30	1656	0	
8824	30	8044	0	
8825	30	6478	0	
8826	30	9039	0	
8827	25	9606	9	
8828	30	7437	0	
8829	30	9164	0	
8830	30	9930	0	
8831	30	5792	0	
8832	30	7734	0	
8833	30	1568	0	
8834	30	3393	0	
8835	30	8528	0	
8836	30	8290	0	
8837	30	1950	0	
8838	30	4488	0	
8839	30	8056	0	
8840	30	3142	0	
8841	30	3102	0	
8842	29	8266	0	
8843	30	7035	0	
8844	30	3484	0	
8845	30	4810	0	
8846	30	6549	0	
8847	30	2584	0	
8848	30	2332	0	
8849	30	4743	0	
8850	30	5223	0	
8851	30	3572	0	
8852	30	8787	0	
8853	29	3530	0	
8854	30	2026	0	
8855	30	4870	0	
8856	30	119	0	
8857	30	7722	0	
8858	30	7892	0	
8859	29	9577	0	
8860	30	8400	0	
8861	30	7050	0	
8862	30	2683	0	
8863	30	2496	0	
8864	30	6052	0	
8865	30	5337	0	
8866	30	9151	0	
8867	29	9013	0	
8868	30	4754	0	
8869	30	5048	0	
8870	30	4626	0	
8871	30	4998	0	
8872	30	1322	0	
8873	30	5659	0	
8874	30	9510	0	44
8875	30	2943	0	
8876	30	7243	0	
8877	30	1119	0	
8878	30	3038	0	
8879	30	6271	0	
8880	30	3481	0	
8881	30	948	0	
8882	30	8299	0	
8883	30	9919	0	
8884	30	90	0	
8885	30	4735	0	
8886	30	71	0	
8887	30	6693	0	
8888	30	6068	0	
8889	30	4709	0	
8890	30	3850	0	
8891	30	5036	0	
8892	30	2194	0	
8893	30	6932	0	
8894	30	1842	0	
8895	30	3224	0	
8896	30	961	0	
8897	30	1311	0	
8898	30	8273	0	
8899	30	5367	0	
8900	30	5422	0	
8901	30	9424	0	
8902	29	243	0	
8903	30	4630	0	
8904	30	3356	0	
8905	30	165	0	
8906	30	1629	0	
8907	30	9155	0	
8908	30	3681	0	
8909	30	9373	0	
8910	30	9356	0	
8911	30	6579	0	
8912	30	568	0	
8913	30	9101	0	
8914	30	6701	0	
8915	30	6625	0	
8916	30	8024	0	
8917	30	6633	0	
8918	30	5619	0	
8919	30	6789	0	
8920	30	5922	0	
8921	30	3158	0	
8922	30	8185	0	
8923	30	3677	0	
8924	30	3454	0	
8925	29	8106	0	
8926	30	7478	0	
8927	30	9427	0	
8928	30	8521	0	
8929	30	6793	0	
8930	30	8222	0	
8931	30	1128	0	
8932	30	1067	0	
8933	30	5911	0	
8934	30	2574	0	
8935	30	1263	0	
8936	29	8508	0	
8937	29	4468	0	
8938	30	5285	0	
8939	30	994	0	
8940	30	9739	0	
8941	30	8659	0	
8942	30	6282	0	
8943	30	1841	0	
8944	30	9143	0	
8945	30	3235	0	
8946	30	4020	0	
8947	30	7464	0	
8948	30	2116	0	
8949	30	9656	0	
8950	30	7923	0	
8951	30	5537	0	
8952	30	4619	0	
8953	30	9466	0	
8954	30	7419	0	
8955	30	9267	0	
8956	30	3885	0	
8957	30	5192	0	
8958	30	9322	0	
8959	30	4238	0	
8960	30	4555	0	
8961	30	2093	0	
8962	30	2665	0	
8963	30	779	0	
8964	30	2657	0	
8965	30	4269	0	
8966	30	1602	0	
8967	30	5150	0	
8968	30	6566	0	
8969	30	4183	0	
8970	30	8278	0	
8971	30	5011	0	
8972	30	4570	0	
8973	30	1582	0	
8974	30	5451	0	
8975	30	4597	0	
8976	30	4309	0	
8977	30	8272	0	
8978	30	4432	0	
8979	30	9598	0	
8980	29	3219	0	
8981	30	3971	0	
8982	30	8391	0	
8983	30	747	0	
8984	30	3493	0	
8985	30	6340	0	
8986	30	7277	0	
8987	30	7579	0	
8988	30	2571	0	
8989	30	7270	0	
8990	30	9847	0	
8991	30	4646	0	
8992	30	2300	0	
8993	30	5008	0	
8994	30	9067	0	
8995	30	3893	0	
8996	30	4095	0	
8997	30	2547	0	
8998	30	2867	0	
8999	30	3513	0	
9000	30	9157	5	40
9001	30	3067	0	
9002	30	1980	0	
9003	30	9163	0	
9004	29	4063	0	
9005	30	4424	0	
9006	29	2722	0	
9007	30	6606	0	
9008	30	3196	0	
9009	30	7058	0	
9010	29	8616	0	
9011	30	328	0	
9012	30	825	0	
9013	29	8867	0	
9014	30	4749	0	
9015	30	602	0	
9016	30	5373	0	
9017	30	9769	0	
9018	30	5109	0	
9019	30	4608	0	
9020	30	711	0	
9021	30	1071	0	
9022	30	3998	0	
9023	30	3473	0	
9024	30	7420	0	
9025	30	2363	0	
9026	30	5844	0	
9027	30	1356	0	
9028	30	7606	0	
9029	30	4440	0	
9030	30	278	0	
9031	30	9181	0	
9032	30	3631	0	
9033	30	4294	0	
9034	30	5066	0	
9035	30	4664	0	
9036	18	3871	9	18
9037	30	7335	0	
9038	29	5253	0	
9039	30	8826	0	
9040	30	2923	0	
9041	30	1134	0	
9042	30	8711	0	
9043	30	6316	0	
9044	30	9108	0	
9045	30	2802	0	
9046	30	7627	0	
9047	30	8495	0	
9048	29	2695	0	
9049	30	6157	0	
9050	30	3994	0	
9051	29	3588	0	
9052	30	9891	0	
9053	30	1333	0	
9054	30	1973	0	
9055	30	4862	0	
9056	29	9393	0	
9057	30	7416	0	
9058	30	6237	0	
9059	30	272	0	
9060	30	7498	0	
9061	30	5598	0	
9062	30	482	0	
9063	30	3830	0	
9064	30	9385	0	
9065	30	4882	0	
9066	30	6522	0	
9067	30	8994	0	
9068	30	5975	0	
9069	30	5964	0	
9070	30	6574	0	
9071	30	6150	0	
9072	30	160	0	
9073	30	5532	0	
9074	30	1917	0	
9075	30	782	0	
9076	30	8420	0	
9077	30	7468	0	
9078	30	5231	0	
9079	30	7345	0	
9080	30	5396	0	
9081	30	677	0	
9082	30	1459	0	
9083	30	1678	0	
9084	29	5634	0	
9085	30	4067	0	
9086	30	8533	0	
9087	30	739	0	
9088	30	6759	0	
9089	30	4109	0	
9090	30	3722	0	
9091	30	6098	0	
9092	30	1447	0	
9093	30	4193	0	
9094	29	6108	0	
9095	29	6209	0	
9096	30	8399	0	
9097	30	3107	0	
9098	30	4766	0	
9099	30	2139	0	
9100	30	7518	0	
9101	30	8913	0	
9102	30	4353	0	
9103	30	3425	0	
9104	30	3340	0	
9105	30	9912	0	
9106	30	9223	0	
9107	14	2549	11	28
9108	30	9044	0	
9109	30	1217	0	
9110	30	2858	0	
9111	30	4535	0	
9112	30	1955	0	
9113	29	1059	0	
9114	30	3726	0	
9115	30	6609	0	
9116	30	4356	0	
9117	30	32	0	
9118	30	9349	0	
9119	30	5743	0	
9120	30	5601	0	
9121	30	4565	0	
9122	30	8048	0	
9123	29	8786	0	
9124	29	8671	0	
9125	30	213	0	
9126	30	2462	0	
9127	30	57	0	
9128	30	5450	0	
9129	30	1039	0	
9130	30	5177	0	
9131	29	2969	0	
9132	29	6286	0	
9133	30	203	0	
9134	30	6389	0	
9135	30	8509	0	
9136	30	4625	0	
9137	30	8575	0	
9138	30	3996	0	
9139	30	8401	0	
9140	30	93	0	
9141	30	2749	0	
9142	30	6510	0	
9143	30	8944	0	
9144	30	8439	0	
9145	30	2180	0	
9146	30	3387	0	
9147	3	5574	13	19
9148	30	3736	0	
9149	30	8559	0	
9150	30	8465	0	
9151	30	8866	0	
9152	30	6752	0	
9153	30	133	0	
9154	30	7665	0	
9155	30	8907	0	
9156	30	3271	0	
9157	30	9000	0	
9158	30	3463	0	
9159	30	7255	0	
9160	30	8208	0	
9161	30	2948	0	
9162	30	3641	0	
9163	30	9003	0	
9164	30	8829	0	
9165	15	7235	10	15
9166	30	9221	0	
9167	30	3397	0	
9168	30	7996	0	
9169	30	7657	0	
9170	30	1906	0	
9171	30	7155	0	
9172	30	4170	0	
9173	30	4639	0	
9174	29	5622	0	
9175	30	5868	0	
9176	15	6245	13	30
9177	30	7583	0	
9178	30	8317	0	
9179	30	8202	0	89
9180	30	9442	0	
9181	30	9031	0	
9182	30	3782	0	
9183	30	4084	0	
9184	30	958	0	
9185	30	1694	0	
9186	30	4937	0	
9187	30	6681	0	
9188	30	2849	0	
9189	30	5072	0	
9190	30	9786	0	
9191	30	7201	0	
9192	30	2291	0	
9193	29	1631	0	
9194	29	8121	0	
9195	30	1615	0	
9196	29	8346	0	
9197	30	7261	0	
9198	30	2702	0	
9199	30	6047	0	
9200	30	5046	0	
9201	30	226	0	
9202	30	7698	0	
9203	30	2269	0	
9204	30	4268	0	
9205	30	3669	0	
9206	30	1174	0	
9207	30	2842	0	
9208	30	9325	0	
9209	30	4152	0	
9210	30	497	0	
9211	30	3883	0	
9212	30	399	0	
9213	30	5545	0	
9214	30	6480	0	
9215	29	970	0	
9216	30	1156	0	
9217	30	9532	0	68
9218	30	6593	0	
9219	30	1470	0	
9220	30	5096	0	
9221	30	9166	0	
9222	30	4564	0	
9223	30	9106	0	
9224	30	657	0	
9225	30	2292	0	
9226	30	4927	0	
9227	30	6824	0	
9228	30	5592	0	
9229	30	5410	0	
9230	30	1562	0	
9231	30	7272	0	
9232	30	952	0	
9233	30	5035	0	
9234	30	5209	0	
9235	30	7977	0	
9236	30	5933	0	
9237	30	706	0	
9238	30	1120	0	
9239	30	164	0	71
9240	30	590	0	
9241	30	5607	0	
9242	30	3152	0	
9243	30	9973	0	
9244	30	2304	0	
9245	30	3802	0	
9246	30	6469	0	
9247	30	869	0	
9248	30	605	0	
9249	30	642	0	
9250	30	3501	0	
9251	30	2670	0	
9252	30	4133	0	
9253	30	9989	0	
9254	30	662	0	
9255	30	9330	0	
9256	30	4242	0	
9257	30	5750	0	
9258	30	9284	0	
9259	30	886	0	
9260	30	1765	0	
9261	30	9571	0	
9262	30	8553	0	
9263	30	6368	0	
9264	30	3927	0	
9265	30	2565	0	
9266	30	2382	0	
9267	30	8955	0	
9268	30	1758	0	
9269	30	4583	0	
9270	30	4917	0	
9271	30	839	0	
9272	30	1024	0	
9273	30	1239	0	
9274	30	1466	0	
9275	30	1527	0	
9276	30	4948	0	
9277	30	2827	0	
9278	29	2216	0	
9279	30	6042	0	
9280	15	4753	5	
9281	30	7506	0	
9282	30	2377	0	
9283	30	7671	0	
9284	30	9258	0	
9285	30	4091	0	
9286	25	1523	2	
9287	30	1399	0	
9288	30	7517	0	
9289	30	3360	0	
9290	30	210	0	
9291	30	5315	0	
9292	30	3487	0	
9293	30	5558	0	
9294	30	4974	0	
9295	30	8700	0	
9296	30	737	0	
9297	30	377	0	
9298	29	5193	0	
9299	30	6212	0	
9300	30	4336	0	
9301	30	3433	0	
9302	30	6611	0	
9303	30	5509	0	
9304	30	340	0	
9305	30	620	0	
9306	30	1083	0	
9307	30	3553	0	
9308	30	7957	0	
9309	30	4782	0	
9310	30	1654	0	
9311	30	59	0	
9312	30	4329	0	
9313	30	9346	0	
9314	30	8645	0	
9315	30	7211	0	
9316	30	8730	0	
9317	30	6938	0	
9318	30	9426	0	
9319	29	1772	0	
9320	30	7712	0	
9321	30	3178	0	
9322	30	8958	0	
9323	30	2019	0	
9324	30	5543	0	
9325	30	9208	0	
9326	30	5760	0	
9327	30	5577	0	
9328	30	9900	0	
9329	30	6363	0	
9330	30	9255	0	
9331	30	6687	0	
9332	30	439	0	
9333	30	3984	0	
9334	30	215	0	
9335	30	1689	0	
9336	30	5672	0	
9337	30	8516	0	
9338	30	5300	0	
9339	30	1422	0	
9340	30	447	0	
9341	30	7511	0	
9342	30	6290	0	
9343	30	8373	0	
9344	30	21	0	
9345	30	7865	0	
9346	30	9313	0	
9347	30	6451	0	
9348	30	8079	0	
9349	30	9118	0	
9350	30	3777	0	
9351	30	1073	0	
9352	29	4225	0	
9353	30	726	0	
9354	30	335	0	
9355	30	4631	0	
9356	30	8910	0	
9357	30	1763	0	
9358	30	5090	0	
9359	30	710	0	
9360	30	1675	0	
9361	30	4184	0	
9362	29	798	0	
9363	30	7677	0	
9364	30	4405	0	
9365	30	1861	0	
9366	30	6183	0	
9367	30	9943	0	
9368	29	4226	0	
9369	30	7151	0	
9370	30	8199	0	
9371	30	8134	0	
9372	30	6951	0	
9373	30	8909	0	
9374	30	7164	0	
9375	30	5604	0	
9376	30	3353	0	
9377	30	7676	0	
9378	30	8679	0	
9379	30	5014	0	
9380	30	3713	0	
9381	30	6918	0	
9382	26	5809	5	36
9383	30	362	0	
9384	30	8141	0	
9385	30	9064	0	
9386	30	3688	0	
9387	30	2966	0	
9388	30	4942	0	
9389	30	9845	0	
9390	30	1446	0	
9391	30	2746	0	
9392	30	3301	0	
9393	29	9056	0	
9394	30	6034	0	
9395	30	924	0	
9396	30	9449	0	
9397	30	5941	0	
9398	30	6584	0	
9399	30	3017	0	
9400	29	5722	0	
9401	30	8423	0	
9402	30	5860	0	
9403	1	4292	4	11
9404	30	2871	0	
9405	30	4607	0	
9406	30	1867	0	
9407	30	4260	0	
9408	30	731	0	
9409	30	9927	0	
9410	30	3282	0	
9411	30	9536	0	
9412	30	1444	0	
9413	30	5349	0	
9414	30	1146	0	
9415	30	2728	0	
9416	29	8195	0	
9417	30	7471	0	
9418	30	6635	0	
9419	30	2963	0	
9420	30	3519	0	
9421	30	3288	0	
9422	30	1013	0	
9423	30	3321	0	
9424	30	8901	0	
9425	30	161	0	
9426	30	9318	0	
9427	30	8927	0	
9428	30	2542	0	53
9429	30	4780	0	
9430	29	8080	0	
9431	30	1907	0	
9432	30	3020	0	
9433	30	1007	0	
9434	30	5114	0	
9435	30	8669	0	
9436	30	5489	0	
9437	30	9889	0	
9438	30	3468	0	
9439	30	6192	0	
9440	30	1192	0	
9441	30	6325	0	
9442	30	9180	0	
9443	12	2739	0	25
9444	30	8629	0	
9445	30	1237	0	
9446	30	5669	0	
9447	30	3518	0	
9448	30	7982	0	
9449	30	9396	0	
9450	30	6946	0	
9451	30	162	0	
9452	30	5997	0	
9453	30	6117	0	
9454	30	9600	0	
9455	30	6198	0	
9456	30	9662	0	
9457	30	5494	0	
9458	30	8793	0	
9459	30	8491	0	
9460	29	5870	0	
9461	30	3627	0	
9462	30	6361	0	
9463	30	783	0	
9464	30	955	0	
9465	30	9585	0	
9466	30	8953	0	
9467	30	6841	0	
9468	30	8394	0	
9469	30	8760	0	
9470	30	6739	0	
9471	30	3532	0	
9472	30	801	0	
9473	30	8682	0	
9474	30	3979	0	
9475	30	4675	0	
9476	30	2996	0	
9477	30	3166	0	
9478	30	5413	0	
9479	30	2525	0	
9480	30	5714	0	
9481	30	4941	0	
9482	30	9759	0	
9483	30	2389	0	
9484	30	3985	0	
9485	30	6899	0	
9486	30	4418	0	
9487	30	6021	0	
9488	30	4962	0	
9489	30	484	0	
9490	30	9754	0	
9491	30	3766	0	
9492	30	7391	0	
9493	29	7061	0	
9494	30	9690	0	
9495	30	6758	0	
9496	30	7811	0	
9497	30	7241	0	
9498	30	4954	0	
9499	30	2675	0	
9500	30	2011	0	
9501	29	5810	0	
9502	30	1601	0	
9503	30	5163	0	
9504	30	2204	0	
9505	30	6181	0	
9506	30	6684	0	
9507	30	5695	0	
9508	30	3807	0	
9509	30	3581	0	
9510	30	8874	0	
9511	30	4696	0	
9512	30	3184	0	
9513	30	7962	0	
9514	30	82	0	
9515	30	7414	0	
9516	29	6800	0	
9517	30	4010	0	
9518	30	784	0	
9519	30	7348	0	
9520	30	8656	0	
9521	30	8388	0	
9522	30	6423	0	
9523	29	5457	0	
9524	30	8275	0	
9525	30	2564	0	
9526	30	2895	0	
9527	30	9581	0	
9528	30	2207	0	
9529	30	7067	0	
9530	30	1939	0	
9531	30	5524	0	
9532	30	9217	0	
9533	30	8467	0	
9534	30	3231	0	
9535	30	4231	0	
9536	30	9411	0	
9537	29	7445	0	
9538	30	6105	0	
9539	30	1300	0	
9540	30	6939	0	
9541	30	353	0	
9542	30	1832	0	
9543	30	7448	0	
9544	30	478	0	
9545	30	1900	0	
9546	30	5936	0	
9547	30	6031	0	
9548	30	7764	0	
9549	30	1034	0	
9550	30	577	0	
9551	30	3921	0	
9552	30	8241	0	
9553	30	5671	0	
9554	30	156	0	
9555	30	4633	0	
9556	30	3646	0	
9557	30	3567	0	
9558	30	4446	0	
9559	30	4252	0	
9560	30	244	0	
9561	30	1814	0	
9562	30	7592	0	
9563	30	4473	0	
9564	30	5200	0	
9565	30	7697	0	
9566	30	367	0	
9567	30	1521	0	
9568	26	1954	12	37
9569	30	3764	0	
9570	30	4406	0	
9571	30	9261	0	
9572	30	3505	0	
9573	30	4360	0	
9574	30	5292	0	
9575	29	6084	0	
9576	30	3843	0	
9577	29	8859	0	
9578	30	1637	0	
9579	30	8449	0	
9580	30	2742	0	
9581	30	9527	0	
9582	30	5105	0	
9583	30	1006	0	
9584	30	8570	0	
9585	30	9465	0	
9586	30	3097	0	
9587	30	2293	0	
9588	30	2087	0	
9589	30	4745	0	
9590	30	7213	0	
9591	29	2141	0	
9592	30	1834	0	
9593	30	4744	0	
9594	30	7091	0	
9595	30	375	0	
9596	30	6072	0	
9597	30	5026	0	
9598	30	8979	0	
9599	30	2853	0	
9600	30	9454	0	
9601	30	2096	0	
9602	30	7777	0	
9603	30	357	0	
9604	30	3211	0	
9605	30	392	0	
9606	30	8827	0	
9607	30	944	0	
9608	30	897	0	
9609	30	2295	0	
9610	30	4845	0	
9611	30	7342	0	
9612	30	5431	0	
9613	27	3940	11	
9614	30	8545	0	
9615	19	4087	9	22
9616	30	1898	0	
9617	30	1497	0	
9618	30	7288	0	
9619	30	1741	0	
9620	30	2587	0	
9621	30	5755	0	
9622	30	3000	0	
9623	30	4797	0	
9624	30	6598	0	
9625	30	7033	0	
9626	29	7141	0	
9627	30	7610	0	
9628	30	1500	0	
9629	30	4966	0	
9630	30	2391	0	
9631	30	3595	0	52
9632	30	5828	0	
9633	30	3905	0	
9634	30	6641	0	
9635	13	5614	0	4
9636	30	7621	0	
9637	30	7941	0	
9638	30	7346	0	
9639	30	8565	0	
9640	30	5364	0	
9641	30	2493	0	
9642	30	1137	0	
9643	30	9971	0	
9644	30	7666	0	
9645	30	4705	0	
9646	30	2644	0	
9647	30	4181	0	
9648	30	788	0	
9649	30	5850	0	
9650	30	2896	0	
9651	30	1915	0	
9652	30	9858	0	
9653	30	4830	0	
9654	30	2353	0	45
9655	30	3613	0	
9656	30	8949	0	
9657	30	4987	0	
9658	30	1833	0	
9659	30	1731	0	43
9660	30	6835	0	
9661	30	1212	0	
9662	30	9456	0	
9663	30	3645	0	
9664	30	1528	0	
9665	30	5283	0	
9666	30	5022	0	
9667	30	7503	0	
9668	29	2626	0	
9669	30	1981	0	
9670	30	7306	0	
9671	30	5006	0	
9672	30	6350	0	
9673	30	6344	0	
9674	30	3793	0	
9675	29	5932	0	
9676	30	6447	0	
9677	30	4899	0	
9678	30	840	0	
9679	30	4553	0	
9680	30	3898	0	
9681	30	9727	0	
9682	30	7596	0	
9683	30	5565	0	
9684	30	5787	0	
9685	30	3002	0	
9686	4	152	6	19
9687	30	5528	0	
9688	30	6252	0	
9689	30	8650	0	
9690	30	9494	0	
9691	29	6216	0	
9692	30	5945	0	
9693	30	8479	0	
9694	30	88	0	
9695	30	5807	0	
9696	30	4024	0	
9697	30	2264	0	
9698	30	8347	0	
9699	30	3821	0	
9700	30	2124	0	
9701	29	1206	0	
9702	30	3609	0	
9703	30	1846	0	
9704	30	8772	0	
9705	30	3975	0	
9706	30	6575	0	
9707	30	7082	0	
9708	30	3840	0	
9709	30	5804	0	
9710	30	6839	0	
9711	30	2971	0	
9712	30	976	0	
9713	30	4507	0	
9714	30	6090	0	
9715	30	7678	0	
9716	29	3406	0	
9717	30	4652	0	
9718	30	3310	0	
9719	30	8172	0	
9720	30	6064	0	
9721	30	3954	0	
9722	30	3956	0	
9723	30	2698	0	
9724	30	295	0	
9725	30	1707	0	
9726	30	4098	0	
9727	30	9681	0	
9728	30	2696	0	
9729	30	8442	0	
9730	30	7940	0	
9731	30	69	0	
9732	30	7395	0	
9733	30	8249	0	
9734	30	1417	0	
9735	30	7012	0	
9736	30	6535	0	
9737	30	685	0	
9738	30	8148	0	
9739	30	8940	0	
9740	30	6232	0	
9741	30	1766	0	
9742	30	6617	0	
9743	30	2218	0	
9744	30	5576	0	
9745	30	8484	0	
9746	30	1149	0	
9747	30	3253	0	
9748	30	8428	0	
9749	23	7547	0	34
9750	30	6894	0	
9751	30	3403	0	
9752	30	9758	0	
9753	30	900	0	
9754	30	9490	0	
9755	30	3084	0	
9756	30	2442	0	
9757	29	5179	0	
9758	30	9752	0	
9759	30	9482	0	
9760	29	3844	0	
9761	30	7055	0	
9762	30	1940	0	
9763	30	6530	0	
9764	30	824	0	
9765	30	5449	0	
9766	30	6200	0	
9767	30	3459	0	
9768	30	4663	0	
9769	30	9017	0	
9770	30	925	0	
9771	30	7642	0	
9772	30	4466	0	
9773	30	5241	0	
9774	30	2308	0	
9775	29	3395	0	
9776	30	854	0	
9777	30	5513	0	
9778	30	5425	0	
9779	30	3859	0	
9780	30	8677	0	
9781	30	7821	0	
9782	30	3147	0	
9783	30	2540	0	
9784	6	4690	9	21
9785	30	6297	0	
9786	30	9190	0	
9787	30	3251	0	
9788	30	2321	0	
9789	30	1282	0	
9790	30	9975	0	
9791	30	8681	0	
9792	30	73	0	
9793	30	8615	0	
9794	30	3856	0	
9795	30	1349	0	
9796	29	7961	0	
9797	30	6749	0	
9798	29	4695	0	
9799	30	819	0	
9800	30	1213	0	
9801	30	8333	0	
9802	30	502	0	
9803	30	8	0	94
9804	30	3100	0	
9805	30	3674	0	
9806	30	3933	0	
9807	30	6906	0	100
9808	30	2794	0	
9809	30	9853	0	
9810	29	3720	0	
9811	30	6285	0	
9812	30	4708	0	
9813	30	7943	0	
9814	30	907	0	
9815	30	8765	0	
9816	30	7144	0	
9817	30	3123	0	
9818	30	7837	0	
9819	30	3120	0	
9820	30	8718	0	
9821	30	5021	0	
9822	30	3466	0	
9823	29	2491	0	
9824	30	1959	0	
9825	30	8025	0	
9826	30	8351	0	
9827	30	4572	0	
9828	30	4522	0	
9829	30	4644	0	
9830	30	7560	0	
9831	30	3098	0	
9832	30	1376	0	
9833	30	5281	0	
9834	30	1316	0	
9835	30	1207	0	
9836	30	9929	0	
9837	30	7636	0	
9838	30	7073	0	
9839	30	1868	0	
9840	30	4827	0	
9841	30	9856	0	
9842	30	1017	0	88
9843	30	1883	0	
9844	30	8699	0	
9845	30	9389	0	
9846	30	2838	0	
9847	30	8990	0	
9848	30	5363	0	
9849	30	8478	0	
9850	29	1526	0	
9851	30	337	0	
9852	30	7625	0	
9853	30	9809	0	
9854	30	3814	0	
9855	30	3322	0	
9856	30	9841	0	
9857	30	7607	0	
9858	30	9652	0	
9859	30	6810	0	
9860	30	7473	0	
9861	30	7010	0	
9862	30	5547	0	
9863	30	2431	0	
9864	30	5620	0	
9865	30	560	0	55
9866	29	7310	0	
9867	30	6882	0	
9868	30	334	0	
9869	30	2941	0	
9870	30	7820	0	
9871	30	3257	0	
9872	30	3170	0	
9873	30	8774	0	
9874	30	285	0	
9875	30	8313	0	
9876	30	1279	0	
9877	30	3749	0	
9878	30	6058	0	
9879	30	4107	0	
9880	29	3351	0	
9881	30	4482	0	
9882	30	938	0	
9883	30	1589	0	
9884	30	6930	0	
9885	30	4398	0	
9886	30	7984	0	
9887	30	3781	0	
9888	30	656	0	
9889	30	9437	0	
9890	30	7177	0	
9891	30	9052	0	
9892	30	1278	0	
9893	30	2801	0	
9894	30	268	0	
9895	30	7803	0	
9896	30	467	0	
9897	30	3093	0	
9898	30	3948	0	
9899	30	6071	0	
9900	30	9328	0	
9901	30	5311	0	
9902	30	2908	0	
9903	30	1144	0	
9904	30	8691	0	
9905	29	8427	0	
9906	30	49	0	
9907	29	8062	0	
9908	30	5478	0	
9909	30	5265	0	
9910	30	3875	0	
9911	30	3452	0	
9912	22	9105	2	33
9913	30	3229	0	
9914	23	4384	7	35
9915	30	951	0	
9916	30	7893	0	
9917	30	187	0	
9918	30	8021	0	
9919	30	8883	0	
9920	30	5362	0	
9921	30	4090	0	
9922	30	3028	0	
9923	30	3585	0	
9924	30	2337	0	
9925	30	6436	0	
9926	30	8537	0	
9927	30	9409	0	
9928	30	3758	0	
9929	30	9836	0	
9930	30	8830	0	
9931	30	7219	0	
9932	30	3866	0	
9933	30	6675	0	
9934	30	8544	0	
9935	30	3744	0	
9936	30	3663	0	
9937	30	7051	0	
9938	30	1225	0	
9939	30	3862	0	
9940	30	8035	0	
9941	30	3629	0	
9942	30	127	0	
9943	30	9367	0	
9944	29	4512	0	
9945	30	5002	0	
9946	30	297	0	
9947	30	6173	0	
9948	30	6485	0	
9949	30	2092	0	
9950	30	2761	0	
9951	30	2450	0	
9952	30	1426	0	
9953	30	2309	0	
9954	30	6745	0	
9955	29	6890	0	
9956	30	6509	0	
9957	30	358	0	
9958	30	7080	0	
9959	30	6715	0	
9960	30	2171	0	
9961	30	3014	0	
9962	30	2265	0	
9963	30	5063	0	
9964	30	6670	0	
9965	30	1789	0	
9966	30	2554	0	
9967	30	6303	0	
9968	29	89	0	
9969	30	2931	0	
9970	30	2064	0	
9971	30	9643	0	
9972	30	708	0	
9973	30	9243	0	
9974	30	7753	0	
9975	30	9790	0	
9976	30	3312	0	
9977	30	4437	0	
9978	30	6026	0	
9979	30	4149	0	
9980	30	6427	0	
9981	30	4372	0	
9982	30	7311	0	
9983	30	7455	0	
9984	1	7183	6	11 48
9985	29	2287	0	
9986	30	6133	0	
9987	30	8108	0	
9988	30	7469	0	
9989	30	9253	0	
9990	30	8820	0	
9991	30	3620	0	
9992	30	3243	0	
9993	30	7208	0	
9994	30	489	0	
9995	30	4023	0	
9996	30	6275	0	
9997	30	3431	0	
9998	30	4419	0	
9999	30	7014	0	
10000	30	4944	0	
